user_id,user_gender,user_age,age_group,country,location,interests,user_id_collision
a2474,Female,24,18-24,United Kingdom,New Mariomouth,"fitness, health",False
141e5,Male,21,18-24,Germany,Danielsfort,"food, fitness, lifestyle",False
34db0,Male,27,25-34,Australia,Vincentchester,"fashion, news",False
20d08,Female,28,25-34,India,Lisaport,"health, news, finance",False
9e830,Male,28,25-34,United States,Brownmouth,"health, photography, lifestyle",False
cea78,Male,33,25-34,Australia,North Chad,fitness,False
8416b,Male,22,18-24,Mexico,Gallagherbury,"health, technology, news",False
53afb,Male,31,25-34,India,Chambersport,travel,False
e3f22,Male,25,25-34,Canada,West Phillip,fashion,False
01820,Female,32,25-34,Canada,West Carla,"gaming, lifestyle",False
73f8a,Male,19,18-24,United Kingdom,Justinview,"news, health",False
a4089,Male,35,35-44,Japan,Wardmouth,food,False
b759f,Male,35,35-44,Canada,Edwardsmouth,fashion,False
b11c1,Female,27,25-34,United States,New Steven,health,False
90619,Female,24,18-24,Japan,Lake Courtneyfort,finance,False
7332b,Female,20,18-24,France,East Sierrafort,"news, lifestyle, travel",True
72304,Other,21,18-24,India,South Ryanmouth,"photography, sports",False
7dfcf,Male,24,18-24,United States,North Cindy,"news, travel",False
44b7d,Male,23,18-24,United States,Knightton,finance,False
e37ba,Other,23,18-24,United Kingdom,East Adam,"lifestyle, news, art",False
027c7,Female,34,25-34,Canada,Lake Cheryl,"photography, lifestyle",False
d2628,Other,33,25-34,Japan,Port Elizabeth,"travel, gaming",False
73e4a,Male,30,25-34,United States,Peterchester,"gaming, health, photography",False
b3c74,Female,31,25-34,Germany,Port Kristina,"lifestyle, art",False
56b94,Male,25,25-34,Canada,East Austin,"fitness, photography",False
f032e,Male,35,35-44,United States,Port Christine,"sports, finance",False
2ac33,Female,29,25-34,Brazil,South Carlaborough,fitness,False
4ff04,Male,20,18-24,India,Brandiland,fitness,False
418c3,Female,38,35-44,United States,East William,"food, fitness",False
fb5e6,Male,20,18-24,United States,West Brandonshire,"travel, technology",False
f3538,Female,31,25-34,Canada,Leeside,"photography, travel, art",False
79803,Male,37,35-44,Canada,East Karen,travel,False
62728,Male,25,25-34,United States,South Michaelbury,art,False
882de,Male,23,18-24,Canada,Lake Monica,food,False
7204f,Male,25,25-34,Germany,Garciatown,finance,False
287ba,Male,18,18-24,Japan,Webbmouth,art,False
0e025,Female,45,45-54,Canada,Shawnhaven,"fashion, health, news",False
6a960,Female,23,18-24,United States,East Wanda,"fashion, gaming",False
d915e,Female,23,18-24,Canada,Port Nancy,technology,False
d8071,Male,16,16-17,Japan,Danielview,"lifestyle, health, finance",False
1a4dd,Male,34,25-34,United States,Kingside,"art, news",False
f6fe8,Male,16,16-17,India,Collierfurt,"fashion, sports, fitness",False
357ea,Male,31,25-34,Brazil,Weaverfurt,"travel, technology, news",False
0ff2f,Female,28,25-34,United States,Walterberg,photography,False
816a3,Male,18,18-24,Canada,South Lynn,"sports, technology",False
d209e,Male,20,18-24,Canada,East Brett,"health, sports",False
b708c,Male,41,35-44,Japan,West Jasonmouth,"photography, sports",False
57796,Male,22,18-24,Canada,Hodgesstad,"art, sports, food",False
64a7b,Male,38,35-44,Germany,Port Wandaville,"travel, technology",False
16e2b,Male,28,25-34,United States,Port Rhonda,"health, finance, travel",False
5e657,Male,35,35-44,United Kingdom,North Denise,"health, fitness, fashion",False
31a47,Male,23,18-24,United States,Port Derek,"food, finance, fashion",False
81518,Female,20,18-24,Germany,Stacymouth,fitness,False
d684a,Male,28,25-34,United States,New Deborah,health,False
1592c,Male,18,18-24,United Kingdom,West Carrie,"finance, travel",False
ffa49,Female,31,25-34,United Kingdom,West Keith,"fitness, art",False
d5179,Female,25,25-34,United States,New Leemouth,fitness,False
3aadb,Male,45,45-54,India,Matthewborough,"finance, news, sports",False
9e8a6,Male,16,16-17,Germany,Port Kristin,news,False
569f4,Female,32,25-34,Australia,Frostton,gaming,False
193ff,Other,18,18-24,Australia,Port Ryan,"fashion, finance",False
f7ed0,Male,34,25-34,Germany,North Henry,"lifestyle, fitness",False
10624,Female,16,16-17,France,Gregport,"travel, gaming",False
6dbad,Female,26,25-34,India,Davischester,"fitness, travel, gaming",False
db310,Male,65,55-65,France,Lake Joseph,fitness,False
722ab,Female,25,25-34,Germany,West Anthonytown,"art, fitness",False
4515c,Female,43,35-44,United States,Lake Matthew,"gaming, sports, food",False
02d20,Other,19,18-24,Canada,Josephland,"lifestyle, art",False
f8d8a,Male,16,16-17,United States,Lake Jason,"travel, fitness",False
3e340,Female,19,18-24,Japan,Stephenland,"finance, news, food",False
25864,Male,20,18-24,United Kingdom,Ashleyshire,food,False
cf12b,Female,45,45-54,United States,Port Margaret,health,False
2cff5,Female,16,16-17,United States,East Jessicamouth,"travel, fitness, technology",True
6ff56,Female,26,25-34,United States,Christopherfort,"photography, finance",False
cbbe0,Male,28,25-34,Brazil,New Williambury,technology,False
47df7,Male,29,25-34,Australia,North Nathanielburgh,"sports, fitness, technology",False
bc806,Male,43,35-44,United States,Torresfurt,"technology, fashion",False
10984,Male,16,16-17,United States,Lake Kylie,"lifestyle, travel",False
4a929,Male,22,18-24,United Kingdom,West David,"sports, travel, technology",False
76046,Other,30,25-34,Canada,Port Katie,"art, health",False
f78e5,Male,18,18-24,United States,Lake David,"finance, sports, travel",False
850d4,Female,27,25-34,India,West Lorimouth,"fitness, health, food",False
84ef1,Male,22,18-24,United States,Maryton,"health, fitness",False
fcaae,Male,38,35-44,Brazil,Port Cassandra,lifestyle,False
fba51,Female,28,25-34,United Kingdom,Farrellton,"photography, fashion",False
7b9cd,Male,21,18-24,United Kingdom,South Kyle,"photography, food",False
65dda,Male,27,25-34,United Kingdom,East Heather,food,False
cdd16,Female,29,25-34,United States,Tinafort,"fashion, lifestyle",False
9111f,Male,21,18-24,Japan,Port Williefurt,finance,False
d74af,Male,23,18-24,United States,Lake Chris,fitness,False
9a803,Male,20,18-24,United Kingdom,Lucasview,"finance, art, sports",False
012d4,Male,21,18-24,United States,Johnside,"travel, finance",False
2190e,Female,16,16-17,United States,North Michelle,"photography, lifestyle, fitness",False
099e3,Male,27,25-34,United States,Juliamouth,"technology, food",False
16ed8,Male,18,18-24,Australia,South Victor,"travel, sports",False
6aff1,Female,18,18-24,France,Normanland,"finance, technology",False
03571,Female,17,16-17,Brazil,Wilsonborough,sports,False
987e3,Female,33,25-34,United Kingdom,South Charlesport,travel,False
856bc,Female,17,16-17,United Kingdom,East Sarahfort,sports,False
88782,Male,23,18-24,United States,Jennychester,"finance, news",False
cddd8,Female,33,25-34,United States,Kathleenmouth,"gaming, technology",False
42d9b,Male,43,35-44,United Kingdom,North Latoyafort,news,False
40790,Male,36,35-44,United States,South Heiditon,lifestyle,False
94345,Female,21,18-24,Canada,Michellehaven,finance,False
53339,Female,20,18-24,Canada,Matthewmouth,"photography, gaming, food",False
f2562,Female,33,25-34,Mexico,Shepherdborough,travel,False
b7c20,Male,21,18-24,United Kingdom,South Bryanville,travel,False
4ecc6,Male,32,25-34,United Kingdom,Jaredburgh,"fashion, technology, fitness",False
3114c,Female,49,45-54,Canada,Port Maurice,"finance, news, food",False
131c1,Male,29,25-34,United States,Port Jodi,"health, fashion, lifestyle",False
233fa,Male,30,25-34,Canada,Port Amyshire,lifestyle,False
48737,Female,23,18-24,Germany,Port Tanner,lifestyle,False
ea34a,Female,32,25-34,United States,Williamsfurt,health,False
c2a9b,Male,20,18-24,Mexico,Brendaland,"lifestyle, fitness",False
7659f,Female,32,25-34,United States,North Sharonport,"sports, news, photography",False
7ed8f,Male,30,25-34,India,East Andreahaven,"lifestyle, photography",False
cc971,Male,24,18-24,United States,East Jimmyton,"technology, food",False
54507,Male,28,25-34,Canada,Bishopmouth,gaming,False
1875d,Other,31,25-34,Canada,Gregoryland,"fitness, food",False
fe768,Female,33,25-34,Australia,Banksview,"gaming, technology, news",False
e7917,Male,20,18-24,Brazil,Russellberg,"food, photography, news",False
b6ae8,Female,27,25-34,Australia,Lake Jenniferville,fitness,False
264e1,Male,33,25-34,Germany,New Richard,"fashion, food, art",False
96a4a,Other,36,35-44,Australia,South Kimberly,"health, food, lifestyle",False
dd131,Male,33,25-34,United States,Mistymouth,"news, food, photography",False
9027c,Female,36,35-44,Japan,Stephaniemouth,food,False
9ff6f,Male,29,25-34,United States,Daniellehaven,"technology, fashion",False
8bfe1,Female,35,35-44,United Kingdom,Jamesport,"sports, travel",False
0232d,Male,39,35-44,United States,Michelleshire,"gaming, news, food",False
f4362,Male,20,18-24,United States,Lake Carrie,"food, sports",False
a3ba9,Female,37,35-44,India,Michaelchester,"lifestyle, fashion",False
bf4c0,Male,36,35-44,Japan,Port Caitlinland,"fitness, lifestyle, gaming",True
2c7bb,Male,32,25-34,India,Leeville,fitness,False
66b97,Male,30,25-34,United States,West Jonathanberg,"travel, food",False
381c6,Male,32,25-34,Germany,Finleymouth,"fitness, travel",False
49ec8,Female,23,18-24,United Kingdom,North Mathewton,technology,False
dd4f7,Male,20,18-24,United Kingdom,West Jennifer,"technology, fitness",False
21270,Other,31,25-34,United States,Lake Daniellebury,"lifestyle, news, fitness",False
4b1fd,Male,24,18-24,United States,Herbertborough,"travel, fitness, technology",False
b8df9,Male,16,16-17,United Kingdom,New Gabrielstad,"health, lifestyle",False
025ae,Female,18,18-24,Japan,South Paul,"travel, finance",False
a4d93,Female,39,35-44,Australia,North Melissa,"photography, food, gaming",False
b5057,Female,29,25-34,Brazil,Charlesshire,"travel, fitness, photography",False
98315,Male,20,18-24,Mexico,Olsonchester,"food, sports",False
98269,Male,21,18-24,India,Hayesberg,"sports, news",False
9eeab,Male,19,18-24,Canada,South Michele,"fitness, fashion",False
af914,Male,16,16-17,Germany,Port Davidtown,"finance, health, food",False
69d38,Male,19,18-24,Canada,East Joseph,"news, photography",False
747a4,Male,26,25-34,India,East Claudiafurt,technology,False
0a1be,Female,26,25-34,United States,Houstonville,"news, sports, food",False
bdd05,Female,23,18-24,Canada,Simmonshaven,"lifestyle, gaming, photography",False
604b7,Male,28,25-34,United Kingdom,East Shawn,"fashion, photography, news",False
025e1,Male,20,18-24,Mexico,Mcdonaldmouth,finance,False
56215,Male,22,18-24,Canada,New Seanland,"news, health",False
47fd3,Male,21,18-24,Brazil,South Michael,"gaming, photography",False
eac99,Other,16,16-17,India,North Christopher,"food, sports",False
fc0dd,Female,33,25-34,Germany,Robertfort,photography,False
87b22,Male,20,18-24,France,Lake Cameron,"art, fitness",False
d646a,Male,19,18-24,Brazil,New Davidberg,"fashion, food, news",False
a1567,Other,23,18-24,United States,West Ryanport,fashion,False
a70a5,Male,28,25-34,United States,South Caitlin,photography,False
32103,Female,28,25-34,Mexico,Bushtown,"gaming, technology, fitness",False
9ec36,Male,18,18-24,Brazil,Stephanieland,finance,False
128bc,Other,24,18-24,United States,Patriciaburgh,"gaming, fitness, art",False
6ccf0,Male,22,18-24,United Kingdom,Reevesland,"photography, finance, technology",False
9627d,Male,31,25-34,United Kingdom,Carsonmouth,"art, fitness, sports",False
b4221,Male,16,16-17,United States,Pughtown,travel,False
46072,Female,22,18-24,United Kingdom,Lake Timothyhaven,"sports, finance, gaming",False
13e38,Female,33,25-34,India,South Sarahport,"fitness, technology",False
d4a13,Female,26,25-34,United States,South Samantha,"photography, health",False
4dc9d,Female,32,25-34,United States,Santanastad,photography,False
c3f6c,Male,37,35-44,United States,Maryview,"fashion, gaming, travel",False
07960,Other,32,25-34,Japan,West Mary,"health, finance, fashion",False
e8674,Female,36,35-44,India,Millsside,"news, art",False
f167f,Female,42,35-44,Canada,Kevinville,food,False
dfb7b,Male,31,25-34,United Kingdom,East Jasmine,health,False
695cf,Female,19,18-24,Brazil,East Deborahville,photography,False
72193,Male,21,18-24,Germany,Taylorville,lifestyle,False
beccf,Female,22,18-24,Canada,Port Johnfurt,health,False
1b86d,Female,24,18-24,Australia,Rasmussenberg,"finance, gaming, fashion",False
90e1a,Female,16,16-17,Japan,Lake Donshire,"art, food, photography",False
b4e13,Female,19,18-24,Canada,Lake Seanstad,"fitness, gaming",False
74cfb,Male,31,25-34,Mexico,Port Elizabethfurt,"health, fitness, technology",False
cc3c1,Female,18,18-24,Australia,New Patriciachester,"lifestyle, news, health",False
68c21,Female,23,18-24,United States,East Johnborough,"fashion, photography, sports",False
98854,Male,16,16-17,Mexico,West Johnborough,"gaming, sports, photography",False
a699b,Female,18,18-24,United Kingdom,Karenport,photography,False
a3351,Female,33,25-34,Mexico,South Curtismouth,photography,False
6f97a,Female,19,18-24,United States,Lake Jenniferside,"fashion, finance, news",False
5c67c,Male,33,25-34,Australia,Port John,"food, news, photography",False
a6eeb,Female,39,35-44,United States,Gutierrezland,fitness,False
dbde9,Male,21,18-24,Australia,Foxfort,finance,False
2fa59,Female,31,25-34,United States,South Kristen,"travel, art, photography",False
50593,Male,30,25-34,Mexico,Brianland,"gaming, fitness",False
116eb,Male,26,25-34,United States,New Williamchester,technology,False
08f7e,Male,35,35-44,United States,Cardenasside,"finance, gaming",False
3c051,Male,34,25-34,United States,Brianamouth,"art, photography",False
766c4,Male,26,25-34,Australia,West Michaelberg,technology,False
97a45,Female,29,25-34,United Kingdom,Tylerfort,fashion,False
e5ef2,Female,28,25-34,United States,Olsonchester,"lifestyle, fitness",False
3e660,Female,27,25-34,United States,East Kristina,"news, finance, gaming",False
20667,Female,40,35-44,Japan,Berrychester,travel,False
5b39e,Male,18,18-24,United States,Joneshaven,"technology, news, art",False
e3e3f,Other,27,25-34,Canada,North Jenniferland,"gaming, finance, health",False
0d788,Female,29,25-34,France,New Josephtown,"finance, sports, food",False
d01e3,Female,17,16-17,United Kingdom,Nicoleburgh,"gaming, fashion, technology",False
c6667,Other,31,25-34,Japan,Andersenmouth,"food, news",False
1ac97,Female,29,25-34,United States,Patriciaview,"fitness, finance",False
cb776,Male,29,25-34,Canada,South Sarah,sports,False
a2121,Male,32,25-34,United Kingdom,Ruizborough,"food, health",False
74406,Male,59,55-65,India,Romeroview,"lifestyle, fitness",False
2596c,Female,19,18-24,United States,West Brianberg,"gaming, lifestyle, technology",False
0d9be,Male,43,35-44,India,North Douglas,"food, sports, news",False
9b842,Male,27,25-34,United States,Port Annfurt,"photography, art",False
63e47,Other,16,16-17,United States,North Corystad,"technology, travel, art",False
f460a,Male,30,25-34,Germany,Lorraineburgh,"photography, lifestyle, finance",False
203a5,Female,29,25-34,Germany,Jamieberg,"art, photography",False
d0e48,Male,34,25-34,United States,East Jeffery,"sports, finance",False
e1e2b,Female,23,18-24,United States,Andrewburgh,"fashion, health, fitness",False
6192d,Male,20,18-24,United States,New Amanda,"photography, fitness",False
c756a,Male,23,18-24,India,South Courtney,food,False
cdacc,Female,48,45-54,Brazil,East Meagan,"fashion, art, food",False
6821c,Female,21,18-24,Germany,Lake Victoriastad,"photography, food",False
adb38,Male,26,25-34,United Kingdom,Port Stephanieview,sports,False
181f0,Male,19,18-24,United States,Barbaraport,"technology, gaming",False
f9c8e,Female,40,35-44,Mexico,Rosetown,photography,False
e2858,Female,28,25-34,Germany,Oliviaton,health,False
beb68,Male,27,25-34,Germany,Mariaberg,"fashion, travel",False
4d21a,Female,48,45-54,Mexico,Port Hollyside,art,False
2123b,Female,16,16-17,United States,Laurenville,art,False
591d9,Male,32,25-34,Germany,New Douglas,travel,False
d0d71,Other,47,45-54,United States,Andradeport,health,False
9f599,Other,27,25-34,Canada,Huntmouth,health,False
2c407,Male,22,18-24,Brazil,West Dana,"photography, sports, finance",False
7e896,Male,27,25-34,Brazil,North Michael,"technology, lifestyle, art",False
48790,Male,17,16-17,France,Suarezchester,"sports, travel",False
19f04,Female,28,25-34,United States,New Melissaborough,"travel, food",False
93127,Female,36,35-44,United Kingdom,Port Davidtown,"finance, lifestyle",False
3b938,Female,45,45-54,Canada,Port Alec,travel,False
afba5,Female,20,18-24,Australia,Floresmouth,"finance, gaming, technology",False
c598a,Female,19,18-24,Germany,Jasonton,"food, lifestyle, health",False
0d013,Male,16,16-17,United States,Lake William,"finance, news",False
22542,Male,24,18-24,United Kingdom,South Erika,fashion,False
7514c,Male,32,25-34,United States,New Richard,"health, sports",False
ee864,Male,23,18-24,Canada,West Dana,"fashion, food, health",False
b0505,Other,40,35-44,United States,Parkermouth,technology,False
50f68,Male,27,25-34,Australia,Carlosland,fashion,False
aa625,Female,25,25-34,Brazil,Wongside,"health, photography, art",False
fc736,Male,23,18-24,Brazil,Port April,gaming,False
dbbfb,Female,22,18-24,United States,Rodriguezfort,technology,False
d25a9,Female,51,45-54,Australia,West Nicolemouth,"finance, lifestyle",False
7c02c,Male,16,16-17,Mexico,North Markland,travel,False
88571,Female,22,18-24,Germany,West Michael,"sports, travel, gaming",False
e7f8d,Male,23,18-24,Australia,Aaronberg,"technology, fashion",False
64661,Female,49,45-54,United States,North Gregory,"food, technology, photography",False
2380f,Male,21,18-24,France,East Joyceport,travel,False
e5799,Other,39,35-44,United States,Hoganburgh,gaming,False
0429c,Male,26,25-34,United States,East Natashabury,"fitness, sports",False
1791c,Male,28,25-34,Germany,South Lisamouth,"photography, fitness",False
67650,Other,28,25-34,Canada,South Brianaport,technology,False
03a52,Male,26,25-34,United States,Jensenside,art,False
2dba6,Female,16,16-17,India,North James,art,False
155a1,Male,51,45-54,United States,New Kathrynshire,"lifestyle, food, photography",False
ce3fc,Female,28,25-34,United States,West Jason,health,True
d53da,Male,33,25-34,United States,East Andrea,"photography, finance",False
299f1,Female,22,18-24,Canada,Lake Mark,"lifestyle, fashion",False
20e60,Male,24,18-24,India,East Douglas,"travel, health, technology",False
d433d,Female,21,18-24,India,Wardborough,travel,False
d47f3,Male,24,18-24,Mexico,New Rodney,"photography, lifestyle, fitness",False
63640,Other,34,25-34,Germany,Joshuamouth,finance,False
723ef,Male,33,25-34,United Kingdom,Haleberg,"sports, lifestyle",False
84f63,Male,27,25-34,Germany,North Bruce,"health, photography, news",False
2b18c,Other,41,35-44,United Kingdom,West Billyville,"gaming, photography",False
97ca4,Male,22,18-24,United Kingdom,Perezchester,"photography, finance",False
8f6e5,Male,19,18-24,United States,Chapmanland,"health, lifestyle, fitness",False
19db3,Female,28,25-34,Japan,New Marco,"fitness, finance",False
7e020,Male,44,35-44,Brazil,Danielmouth,food,False
270b9,Female,29,25-34,United Kingdom,Patricktown,"finance, news, photography",False
ff600,Male,43,35-44,United Kingdom,East Sara,finance,False
937d7,Female,54,45-54,Japan,North Kristi,"lifestyle, sports, technology",False
35e28,Male,16,16-17,United States,East Kimberly,"fashion, lifestyle",False
36b34,Male,30,25-34,United States,New Jasminefurt,"lifestyle, travel",False
b88df,Male,31,25-34,Germany,Mcdonaldshire,"fashion, technology",False
687d1,Female,33,25-34,France,Turnerview,"photography, food, lifestyle",False
f9e12,Other,16,16-17,France,Bradleybury,fitness,False
07b00,Male,44,35-44,Canada,New Amanda,art,False
c61fb,Male,31,25-34,United States,Holttown,"technology, fashion",False
4edee,Female,16,16-17,United Kingdom,Rodriguezberg,"food, finance",False
a091a,Male,23,18-24,United Kingdom,Andrefurt,fitness,False
67dc4,Female,34,25-34,United Kingdom,Laurenborough,"health, news, technology",False
42f50,Male,16,16-17,United Kingdom,Lake Robinton,"health, lifestyle",False
a1954,Male,21,18-24,United States,North Kellyburgh,"travel, technology",False
e6c46,Female,19,18-24,France,Fergusonmouth,"sports, gaming",False
878ae,Male,33,25-34,United States,Philipstad,gaming,False
a58f7,Female,32,25-34,United States,Hollyberg,art,False
e9a00,Male,27,25-34,Mexico,Lake Lori,travel,False
7ccf1,Male,26,25-34,United Kingdom,Hillborough,"fashion, food",False
f3de8,Other,31,25-34,United States,Hillchester,"photography, fashion",False
4709e,Male,20,18-24,United States,Tiffanymouth,"fashion, sports, health",False
2c910,Other,23,18-24,India,New Dylanburgh,"news, art, sports",False
501ed,Female,28,25-34,United States,East Marytown,finance,False
52462,Male,22,18-24,Brazil,Port Margaretchester,"news, food",False
5f787,Male,19,18-24,Japan,South Tinachester,"art, lifestyle, gaming",False
f0ca7,Female,19,18-24,Mexico,Timothychester,"lifestyle, art, health",False
eb21b,Male,16,16-17,United States,Melissashire,"finance, lifestyle",False
1a5c2,Female,22,18-24,United Kingdom,Cherryfurt,"technology, photography, gaming",False
a7655,Male,25,25-34,Australia,East Matthewborough,"news, lifestyle, sports",False
1ff8d,Female,32,25-34,United Kingdom,Maryside,"photography, health, news",False
94342,Female,26,25-34,United Kingdom,East Ronnie,"art, fitness",False
881cc,Male,27,25-34,United States,West Amyberg,"sports, health",False
0f6a4,Other,21,18-24,United States,Summerview,gaming,False
ba48b,Female,20,18-24,United States,Jesusberg,"health, photography, gaming",False
c7fe6,Female,33,25-34,India,Barrymouth,"health, fitness, technology",False
be10c,Male,46,45-54,Mexico,Port Bernardmouth,health,False
0a793,Female,16,16-17,Canada,West Emilyton,"technology, art, fashion",False
15ae0,Male,24,18-24,United States,Reesemouth,technology,False
94f30,Female,26,25-34,India,Younghaven,"photography, lifestyle",True
e9c56,Male,39,35-44,Mexico,South Theresaberg,news,False
5273a,Female,28,25-34,Germany,Port Hollymouth,"gaming, technology",False
58174,Male,32,25-34,United Kingdom,East Jeffreyberg,"lifestyle, fashion, food",False
f8d37,Female,23,18-24,United States,New Ebony,"finance, photography",False
f0727,Female,35,35-44,United States,Port Richardhaven,technology,False
3aae8,Male,41,35-44,Australia,Katrinaside,"finance, sports, gaming",False
a00b1,Female,23,18-24,United Kingdom,Williamborough,"fashion, travel, photography",False
c3f40,Male,18,18-24,United States,Gregoryfurt,fitness,False
fd74d,Female,44,35-44,United Kingdom,South Tammyview,"technology, fashion, photography",False
9d9b9,Male,28,25-34,India,East Nicholas,sports,False
6a8d3,Female,17,16-17,France,Richmondborough,"sports, travel, fashion",False
47fac,Female,37,35-44,Japan,Russellstad,"travel, gaming, health",False
e8b87,Female,26,25-34,Australia,Fosterville,fashion,False
a24a3,Other,24,18-24,Brazil,Parkertown,travel,False
d19de,Female,16,16-17,Brazil,Alecview,technology,False
0bd7d,Male,21,18-24,Canada,South Amberfurt,"gaming, photography, food",False
e6eae,Male,20,18-24,Japan,Lake Michelle,art,False
06618,Male,28,25-34,United States,Lake Gary,"news, finance, lifestyle",False
91851,Female,27,25-34,United Kingdom,Kimberlyhaven,"fitness, lifestyle, sports",False
db8a2,Male,30,25-34,United States,Douglasland,"technology, food, art",False
0a71f,Female,30,25-34,India,Bennettville,finance,False
d4715,Other,27,25-34,Japan,Hugheshaven,"photography, technology, travel",False
3cf12,Male,25,25-34,Japan,Thompsonland,"fashion, sports, gaming",False
293ce,Male,23,18-24,Japan,Schwartzberg,"travel, gaming",False
9c1b9,Male,20,18-24,United Kingdom,West Dakota,sports,False
27043,Male,24,18-24,United Kingdom,Port Jacobberg,sports,False
3ea49,Female,28,25-34,United Kingdom,Lake Stephen,fitness,False
65046,Male,20,18-24,Germany,Rojasburgh,"art, health",False
7a2cd,Female,40,35-44,United States,West Matthew,fashion,False
04728,Male,55,55-65,United States,Melanieburgh,"gaming, news, fashion",False
6e052,Male,30,25-34,United Kingdom,Angelamouth,"fashion, lifestyle",False
5dbaa,Female,31,25-34,Germany,Sophiamouth,fitness,False
f00fd,Male,36,35-44,United States,Lawrencefurt,"sports, lifestyle, fitness",False
7ae0d,Other,33,25-34,Japan,Wagnerview,fitness,False
eef36,Female,28,25-34,Germany,Port Melaniemouth,photography,False
0adfe,Male,40,35-44,Germany,Huffmanchester,"health, news",False
57130,Female,19,18-24,United States,Aprilville,"sports, fitness, fashion",False
baa08,Male,31,25-34,Canada,Smithfurt,fitness,False
70e00,Male,23,18-24,United States,Audreyton,"photography, food",False
bef87,Male,37,35-44,United Kingdom,Erinborough,fitness,False
3538e,Male,23,18-24,United Kingdom,Sandraside,health,False
2c1b7,Female,20,18-24,United States,Marktown,"news, food",False
99ac5,Male,44,35-44,United States,Janiceville,technology,False
4d100,Female,25,25-34,United States,North Jessica,"art, technology",False
e506b,Male,18,18-24,India,Murphyshire,"finance, fashion",False
922d1,Male,18,18-24,Canada,Thomaschester,fitness,False
984bf,Other,34,25-34,United States,Melvinfurt,lifestyle,False
04248,Male,22,18-24,Brazil,Jacksonborough,"news, technology",False
2fda7,Male,16,16-17,United Kingdom,Huffmanborough,photography,False
ef98c,Male,58,55-65,France,Ryanshire,"photography, travel",False
f8a5b,Female,40,35-44,Brazil,Zacharyview,sports,False
1ed64,Female,18,18-24,United Kingdom,Perezbury,food,False
60856,Other,30,25-34,Australia,Riggsland,"lifestyle, news, fashion",False
ef71e,Male,16,16-17,India,North Pennyfort,"finance, art",False
d7630,Male,16,16-17,Japan,Lake Kristin,"photography, travel, sports",False
92936,Male,30,25-34,Australia,North Michaelburgh,news,False
aed35,Male,23,18-24,Brazil,Shawshire,"food, fitness, art",False
1310b,Male,27,25-34,Mexico,East Cheryl,"health, technology, art",False
75d80,Female,29,25-34,France,Cassandrafurt,"fitness, travel, sports",False
26117,Male,31,25-34,Germany,North Nicholasview,technology,False
80e9f,Male,18,18-24,United Kingdom,Danielland,gaming,False
83e64,Male,25,25-34,United States,North Gregoryton,news,False
ad405,Female,29,25-34,United States,Lake Natasha,"fashion, lifestyle, photography",False
b6c5c,Female,32,25-34,India,Port Tammy,"photography, lifestyle",False
ad6de,Male,50,45-54,Germany,Hendersonfort,"fitness, sports",False
8b424,Male,31,25-34,India,Hannahland,"photography, art",False
7e3b2,Male,21,18-24,Canada,Brennanstad,"lifestyle, art, food",False
76df1,Female,37,35-44,Brazil,Manningside,"fitness, fashion",False
19959,Female,22,18-24,Australia,East Jasminemouth,"fashion, travel, technology",False
8fd7a,Female,32,25-34,United Kingdom,East Kristahaven,"fitness, fashion",False
4e5bd,Male,22,18-24,United Kingdom,Lake Michele,"fitness, news",False
319f7,Female,20,18-24,Mexico,North Dylanport,"sports, photography, fashion",False
c890a,Male,20,18-24,Canada,Mauriceview,"news, sports, lifestyle",False
f2281,Male,24,18-24,United Kingdom,Annettebury,"food, art, sports",False
96e2f,Other,28,25-34,France,East Thomas,"lifestyle, technology, fashion",False
17b51,Female,22,18-24,United States,Jessicaside,"gaming, finance",False
313ad,Male,35,35-44,United Kingdom,Whiteview,"art, fitness",False
17a40,Male,16,16-17,Germany,East Kayla,"finance, technology, lifestyle",False
2eece,Male,28,25-34,United Kingdom,Lake Edwardshire,"fashion, photography, art",False
2f12b,Female,27,25-34,Brazil,North Nicholasburgh,"technology, finance, photography",False
a1419,Male,31,25-34,Australia,Elizabethland,"fashion, lifestyle, technology",False
f11ce,Male,32,25-34,Canada,Allenbury,"news, photography, fitness",False
7d493,Female,26,25-34,Canada,Leroystad,food,False
09abc,Female,31,25-34,Australia,Port Michael,photography,False
a6816,Male,27,25-34,India,East Brenda,"food, finance, technology",False
107e0,Male,33,25-34,United States,Elizabethshire,food,False
9a69a,Male,34,25-34,Germany,South Anna,"photography, finance, lifestyle",False
28bbe,Female,25,25-34,United States,Lake Ericbury,"gaming, technology, lifestyle",False
db5da,Female,25,25-34,United States,Archerberg,"gaming, finance",False
3fbd5,Female,30,25-34,United Kingdom,Williamsshire,food,False
60c86,Male,31,25-34,United Kingdom,Smithfurt,news,False
bf967,Male,29,25-34,United States,Port Henry,fitness,False
ed3d9,Female,27,25-34,Canada,North Lawrencechester,"health, lifestyle, food",False
a3f60,Male,22,18-24,Canada,Lake Sandraburgh,"health, photography",False
5cd5f,Female,23,18-24,Canada,Port Karen,"fashion, food, travel",False
14c62,Female,21,18-24,Germany,West Michael,"sports, art",False
280e3,Male,29,25-34,Mexico,North Matthewfurt,"lifestyle, fashion, health",False
bf4c0,Female,21,18-24,Brazil,Elizabethland,lifestyle,True
c3d65,Male,25,25-34,Japan,Lake Josephfort,photography,False
fa7b1,Other,34,25-34,Canada,Robinsonberg,"food, photography",True
98ec3,Female,22,18-24,Australia,Teresaland,"fitness, news",False
b0b7d,Female,38,35-44,United States,Lake Maria,art,False
45d79,Female,23,18-24,Mexico,New Amber,"sports, fashion, lifestyle",False
a6bab,Male,24,18-24,Canada,Martinezburgh,"lifestyle, fashion",False
dc35e,Male,34,25-34,Australia,North Bryanfort,"news, health, gaming",False
a6f98,Male,18,18-24,Germany,Francesfurt,"fashion, lifestyle",False
d286a,Male,32,25-34,Germany,Christopherfort,"technology, sports, health",False
d1d57,Female,49,45-54,Brazil,North Jared,"sports, gaming",False
74ec0,Female,46,45-54,India,South Stephenfort,"travel, art, photography",False
00ecc,Other,28,25-34,Australia,Dunnmouth,photography,False
895b3,Female,22,18-24,Japan,East Brenda,technology,False
bc1bf,Male,16,16-17,Australia,Coreymouth,photography,False
80944,Male,28,25-34,Canada,Loritown,"technology, travel",False
a4252,Male,22,18-24,Mexico,North Nicholasmouth,"photography, food",False
17e51,Female,30,25-34,Brazil,Lake Brandi,art,False
c135e,Male,32,25-34,United States,Moraland,fitness,False
99428,Male,22,18-24,Australia,West Johnny,"health, photography",False
b53a4,Female,33,25-34,United States,South Amber,"lifestyle, finance, sports",False
b1909,Female,21,18-24,Australia,Josephfort,"photography, health",False
cb74e,Male,24,18-24,United States,North Ryanmouth,fashion,False
7563d,Female,33,25-34,Canada,East Kaitlynmouth,"photography, technology",False
b4076,Male,20,18-24,United States,Crawfordport,"food, fashion",False
10981,Other,23,18-24,United Kingdom,Bowenhaven,"fitness, gaming",False
f0ed0,Male,26,25-34,United Kingdom,Jennifertown,"fitness, art",False
0cf22,Male,28,25-34,Australia,South Laura,fitness,False
a906d,Male,16,16-17,Brazil,Atkinsshire,"gaming, technology, fitness",False
556b0,Male,28,25-34,Mexico,Randymouth,food,False
fa030,Other,16,16-17,India,Amandachester,"fashion, news",False
15ddc,Female,26,25-34,Australia,Lake Jasonchester,gaming,False
43705,Female,34,25-34,United States,Whitneyfurt,"technology, fashion, finance",False
8ea60,Other,27,25-34,United States,West Krista,"fitness, food",False
db5c2,Male,28,25-34,France,New Michelleville,"health, sports",False
94d94,Female,53,45-54,United States,Staceyview,"travel, food",False
0f5f5,Other,29,25-34,United Kingdom,North Maria,"technology, finance",False
fdbff,Male,25,25-34,Japan,Port Angela,news,False
2d739,Male,34,25-34,United Kingdom,Lake Joshuaside,art,False
d73d4,Male,18,18-24,United Kingdom,Teresafort,"sports, gaming, health",False
22ac4,Female,43,35-44,Brazil,Michaelhaven,lifestyle,False
b72a9,Female,22,18-24,Mexico,Markfort,"travel, health, gaming",False
56cf5,Male,36,35-44,India,Nelsonland,food,False
840f2,Male,24,18-24,Japan,Lake Jean,"lifestyle, fashion, health",False
063ee,Male,31,25-34,United States,West Matthewshire,"finance, technology, travel",False
c4c33,Male,24,18-24,Canada,Thomasfurt,"health, fashion",False
c7910,Female,35,35-44,Canada,West Suzannechester,technology,False
eed79,Female,25,25-34,Canada,South Carly,"food, technology, fitness",False
dc3ef,Female,39,35-44,Canada,Weeksberg,"sports, finance, photography",False
47fe8,Female,28,25-34,Brazil,Victoriastad,"technology, art, fitness",False
94f3e,Male,22,18-24,United Kingdom,South Heathertown,"fitness, travel",False
9fe19,Other,23,18-24,United States,Port Michaelashire,"health, gaming, news",False
d4f22,Male,39,35-44,United States,East Rachelview,fashion,False
ffd50,Male,17,16-17,Mexico,New Josephstad,fitness,False
5df1b,Female,27,25-34,United Kingdom,Lake Karenton,"health, fitness",False
c53f2,Female,26,25-34,France,New Jacqueline,"gaming, health",False
bec44,Female,30,25-34,Canada,Callahanburgh,"fashion, news, health",False
5a705,Male,44,35-44,United States,New Deniseport,"gaming, food",False
873cf,Female,18,18-24,United States,Michellechester,"fitness, lifestyle",False
f96bd,Male,24,18-24,Brazil,South Sandra,"fashion, art",False
873ea,Other,27,25-34,United States,Andersonport,"finance, sports",False
fbb28,Male,23,18-24,India,Jefferyborough,"lifestyle, art, sports",False
fc56c,Male,26,25-34,Canada,Kathytown,"fitness, health",False
044f3,Male,23,18-24,France,East Andrewport,"sports, news",False
8c96f,Male,19,18-24,United Kingdom,Josephburgh,"technology, fashion, finance",False
8d424,Male,25,25-34,India,Louistown,gaming,False
77c3d,Male,22,18-24,Germany,West Amy,"news, food",False
ca40d,Male,29,25-34,Australia,Robinmouth,travel,False
42b44,Other,16,16-17,United States,Lake Joshuaville,"fashion, finance, sports",False
49c4d,Female,23,18-24,Australia,Floreston,"news, gaming, fashion",False
4fbc0,Female,26,25-34,France,Morganfort,"technology, lifestyle",False
1177a,Male,28,25-34,United States,Port Luis,"lifestyle, fitness, travel",False
867b1,Female,19,18-24,United States,Chasefurt,news,False
f3579,Other,28,25-34,United Kingdom,Karenmouth,"fitness, art",False
87759,Male,21,18-24,Japan,Port Samueltown,"food, fashion",False
9dd1c,Male,18,18-24,Mexico,South Ginashire,"fashion, sports",False
7cd39,Male,31,25-34,Germany,Port Calebton,"gaming, news, lifestyle",False
d1e3b,Male,30,25-34,Brazil,West Monica,"sports, fashion, news",False
2b7c8,Male,32,25-34,United States,Lisastad,fitness,False
3c05c,Male,18,18-24,Canada,Taylorchester,fitness,False
f0f65,Male,36,35-44,Brazil,Tylerville,"fitness, gaming",False
4f164,Female,18,18-24,United States,Port Suzannemouth,food,False
d85e0,Other,29,25-34,Canada,North Michelle,fashion,False
c9d0f,Male,16,16-17,United Kingdom,West Sandra,gaming,False
093d4,Male,36,35-44,India,Palmerstad,"food, art",False
5017c,Male,31,25-34,Australia,Port Christina,"food, fitness",False
f88a0,Female,23,18-24,United Kingdom,Sandymouth,"photography, fitness, travel",False
9e701,Female,26,25-34,United States,Richardland,"fashion, travel",False
b0b27,Female,22,18-24,Australia,Diazchester,"sports, news",False
16f04,Male,21,18-24,India,Mcdanielland,"art, photography, gaming",False
8cd51,Female,23,18-24,United States,New Georgehaven,travel,False
d20f6,Male,39,35-44,Australia,Madisonmouth,"news, finance, art",False
965d7,Male,20,18-24,Australia,Amystad,food,False
a34e6,Female,23,18-24,Japan,Susanbury,"photography, technology, travel",False
1e83c,Female,24,18-24,France,West Evelyn,"lifestyle, photography",False
25d7d,Male,46,45-54,Germany,New Amyville,"sports, travel",False
18977,Male,31,25-34,United States,Patriciaport,"travel, art",False
e4e78,Male,19,18-24,Australia,Choiport,fitness,False
c2449,Female,27,25-34,United States,Port Alexis,photography,False
2a94f,Female,17,16-17,Japan,New Brendaborough,health,False
5a4e0,Female,33,25-34,United States,North Sydney,"technology, fitness",False
b90c5,Male,26,25-34,United States,Youngville,"photography, art, sports",False
769ec,Male,23,18-24,United States,Karachester,health,False
a11cb,Male,28,25-34,United States,West Anthony,"health, fitness",False
2cd80,Male,19,18-24,Germany,Rossfort,travel,False
e249f,Male,29,25-34,United Kingdom,West Charlene,finance,False
f8565,Other,30,25-34,Mexico,North Stephaniehaven,"sports, food",False
804f3,Female,16,16-17,United States,North Karenfort,"fashion, food, finance",False
8ab98,Male,22,18-24,Germany,Jennifertown,art,False
22cda,Male,19,18-24,United States,Wadeberg,fashion,False
aaed1,Female,34,25-34,India,Reynoldsville,"health, art, news",False
9bc0c,Male,34,25-34,Germany,Davidshire,fashion,False
4f12b,Other,23,18-24,Brazil,South Tonya,"travel, photography, technology",False
67829,Female,21,18-24,Japan,Lake Anaville,food,False
91914,Male,28,25-34,United States,Hayeshaven,"travel, technology, photography",False
cf625,Female,20,18-24,India,West Michael,gaming,False
2e16d,Other,22,18-24,United Kingdom,Beverlybury,sports,False
b04a5,Female,16,16-17,United States,Pamelaberg,"art, food",False
584fb,Other,45,45-54,Mexico,West Markside,travel,False
8cfd5,Female,20,18-24,Germany,Bennettton,fashion,False
11053,Male,37,35-44,United States,Steventown,"gaming, health, news",False
81a93,Male,37,35-44,Canada,Georgeville,"travel, technology, news",False
6540f,Male,52,45-54,United States,East Crystal,"fashion, food",False
d8969,Female,18,18-24,Germany,Lake Billyville,food,False
51e72,Female,28,25-34,United Kingdom,Mcculloughfort,"fitness, fashion, sports",False
09ffb,Male,33,25-34,Japan,Alexiston,finance,False
be6b2,Male,37,35-44,United Kingdom,West Danielport,"travel, fashion, lifestyle",False
2e2ae,Male,19,18-24,United States,South Leslieport,lifestyle,False
bc98a,Female,29,25-34,Mexico,Kevinstad,finance,False
1a7ac,Female,41,35-44,India,East Cassandrahaven,travel,False
82f60,Male,19,18-24,United Kingdom,Lake Reginaldfort,"sports, gaming",False
346ba,Male,33,25-34,United States,West William,"lifestyle, fitness, news",False
66fa8,Other,25,25-34,Japan,North Natalie,"technology, travel",False
da42e,Male,57,55-65,Brazil,South Jenniferton,"health, photography",False
082f6,Male,23,18-24,United States,Port Zachary,"travel, technology",False
1748c,Male,31,25-34,France,New Hunterport,"photography, art",False
e814f,Male,18,18-24,India,New Heather,fitness,False
ba0b3,Female,56,55-65,Brazil,Grantville,sports,False
b9763,Other,20,18-24,Canada,Williammouth,"art, photography",False
725e9,Male,19,18-24,Germany,Lake Scott,travel,False
522f6,Male,46,45-54,Canada,Vanessafort,"fashion, food, finance",False
b4fed,Male,30,25-34,United Kingdom,Amandaburgh,sports,False
4b13c,Male,22,18-24,United States,Davenportport,technology,False
aa510,Other,34,25-34,Canada,Campbellland,"fashion, art",False
43dd5,Male,36,35-44,India,South Ashleyview,fitness,False
b2915,Male,27,25-34,United States,East Austin,health,False
a1feb,Male,27,25-34,India,North David,"gaming, health",False
952ae,Female,17,16-17,Japan,South Monicamouth,news,False
143ff,Male,40,35-44,Germany,Jasminmouth,"fitness, travel",False
57f23,Female,20,18-24,India,Lopezmouth,travel,False
f519d,Male,35,35-44,United States,Jillfurt,"food, art",False
0875b,Other,16,16-17,United States,Lake Maryton,"news, food, gaming",False
d2b75,Female,31,25-34,Canada,New Kathyberg,"photography, technology, sports",False
c416d,Female,25,25-34,United Kingdom,New Erica,news,False
0c080,Other,30,25-34,United States,Danielsburgh,"news, lifestyle, food",False
0772a,Female,35,35-44,United States,Valentineberg,"technology, sports",False
23e81,Female,18,18-24,United States,Lake Michelle,art,False
de350,Female,16,16-17,Canada,New Marcia,travel,False
d5bbe,Female,19,18-24,Australia,New Amandaview,health,False
aa545,Female,24,18-24,United States,North John,fitness,False
aa4d3,Male,34,25-34,India,Chungfort,news,False
d3283,Female,19,18-24,Australia,Brittanychester,"technology, travel",False
7b66f,Female,16,16-17,Brazil,Christineborough,"art, lifestyle, food",False
f5a0f,Female,22,18-24,United States,Callahanburgh,health,False
25fe9,Male,33,25-34,United States,Port Saraview,"sports, art",False
b2912,Other,53,45-54,United Kingdom,Danamouth,"fitness, food",False
553b1,Male,23,18-24,Brazil,New Victoriabury,"lifestyle, health, finance",False
c45a3,Male,42,35-44,France,East Jeff,"finance, technology, fashion",False
f66bc,Female,35,35-44,India,Port Kirsten,"art, lifestyle, fitness",False
b6bb6,Male,26,25-34,United States,West Julie,gaming,False
c6dd4,Female,20,18-24,India,Jeffreyland,"sports, finance",False
aa3af,Female,23,18-24,United Kingdom,New Troy,"health, gaming, finance",False
4ee79,Male,28,25-34,Brazil,Port Brianna,art,False
aaeab,Male,32,25-34,India,Kristenport,sports,False
d17b0,Male,37,35-44,Mexico,Murphyfurt,"photography, art, fitness",False
acdfb,Male,39,35-44,United States,Meyerside,art,False
90e90,Male,17,16-17,Mexico,North Dustinport,"sports, lifestyle",False
bae96,Male,30,25-34,United States,Amandahaven,"fitness, photography, fashion",False
5eeae,Male,25,25-34,United States,North Gina,sports,False
a5f46,Female,50,45-54,France,New Sonya,"lifestyle, photography, health",False
8ada5,Male,22,18-24,United States,Kennethfort,travel,False
551d6,Male,28,25-34,United States,West Kevin,"finance, fitness, food",False
04d60,Female,24,18-24,United States,Jasonshire,"news, photography",False
32d3b,Female,33,25-34,United Kingdom,Abbottfurt,art,False
cc07c,Female,21,18-24,Brazil,West Fredericktown,fashion,False
d8168,Male,22,18-24,United States,Monicamouth,"finance, technology, travel",False
3c1d6,Female,20,18-24,United Kingdom,Ruizhaven,"photography, lifestyle, finance",False
9df77,Female,20,18-24,United States,Port Julie,"lifestyle, fashion, finance",False
d9952,Male,31,25-34,India,South Margaretstad,sports,False
53183,Female,16,16-17,Mexico,Port Matthewtown,"finance, photography",False
52cd2,Female,27,25-34,United States,Martinezland,"lifestyle, photography",False
0e014,Female,30,25-34,United States,Adamstown,"gaming, photography",False
dc5fd,Female,40,35-44,United States,West Joshua,"news, food, fitness",False
43943,Male,29,25-34,United Kingdom,Evelynmouth,"finance, sports",False
4dd81,Male,39,35-44,United Kingdom,Port Bethchester,"technology, lifestyle",False
405bc,Female,26,25-34,India,South Shelby,fashion,False
845b7,Male,22,18-24,Canada,Gordonborough,"fashion, technology",False
6a982,Other,26,25-34,Canada,East Michaela,"art, news, health",False
afd95,Female,27,25-34,United States,Brandymouth,"gaming, technology, fashion",False
b8ee1,Female,20,18-24,Australia,Westtown,food,False
a9b30,Male,17,16-17,Australia,Garnerland,travel,False
4c46e,Female,24,18-24,India,Lake Coryport,"finance, food, fashion",False
6d317,Other,18,18-24,United Kingdom,Port Elizabethview,"technology, finance",False
67d00,Female,20,18-24,Canada,Lake Alexandra,"news, sports, gaming",False
d19fe,Female,36,35-44,United States,West Richardside,"food, travel",False
3ef28,Male,32,25-34,United States,Derekhaven,technology,False
144f4,Male,31,25-34,United States,Lake Michaelmouth,"travel, fashion, food",False
57cd1,Female,34,25-34,United States,West Thomasmouth,photography,False
e448c,Male,16,16-17,United States,Hoffmanfurt,"lifestyle, fashion",False
2d8bd,Male,36,35-44,Canada,East John,"travel, fitness",False
abde9,Female,19,18-24,Brazil,Port Erikshire,lifestyle,False
e011a,Male,16,16-17,Canada,East Corey,"health, technology, sports",False
e7c26,Male,29,25-34,United States,Port Joshua,"food, gaming, lifestyle",False
098a5,Other,30,25-34,Germany,Cynthiatown,"fashion, lifestyle",False
30716,Male,28,25-34,United Kingdom,Adamville,"travel, fashion",False
2c0a8,Male,20,18-24,Mexico,Lake Sherri,"travel, health, food",False
8eaf6,Male,34,25-34,Japan,Evansport,"lifestyle, health",False
3d1d5,Male,32,25-34,Germany,South Nicholasland,"finance, food",False
5a190,Male,40,35-44,Australia,Dianeview,"news, photography, food",True
3d7c3,Female,27,25-34,United States,East Melissa,health,False
d5ba2,Male,30,25-34,Canada,New Maria,photography,False
5fbb6,Male,39,35-44,United States,New Blakefort,"gaming, food, fitness",False
06cf9,Male,22,18-24,France,Laurenview,art,False
7bcb6,Male,21,18-24,United Kingdom,North Michael,"travel, photography",False
b606f,Male,20,18-24,India,Amyport,"lifestyle, health, travel",False
1620e,Male,31,25-34,Canada,Lake Curtisberg,"health, finance, technology",False
0d7cd,Male,17,16-17,Canada,North Patrick,lifestyle,False
46700,Male,38,35-44,Germany,South Allison,travel,False
a8c2c,Male,35,35-44,United States,New Devinhaven,fashion,False
04d90,Male,32,25-34,India,Caseyfurt,"photography, art",False
d8d9a,Male,45,45-54,Mexico,Marktown,food,False
9024b,Male,16,16-17,India,Port Hollyfort,sports,False
d5ae0,Male,27,25-34,Australia,Hatfieldmouth,photography,False
109e8,Male,20,18-24,Australia,Heatherport,art,False
9fea8,Male,22,18-24,United Kingdom,East Austin,art,False
6f065,Male,20,18-24,United Kingdom,Joshualand,"lifestyle, food, finance",False
957aa,Male,33,25-34,Brazil,Garciaville,food,False
cb0b4,Male,35,35-44,Australia,East Davidstad,"fashion, sports, fitness",False
6eef7,Female,27,25-34,France,Garymouth,lifestyle,False
7ac71,Male,32,25-34,United States,Mendeztown,"food, technology, travel",False
7d306,Male,25,25-34,Canada,Robertshire,"art, sports, travel",False
4c264,Female,21,18-24,United States,New Elizabethchester,sports,False
39823,Male,32,25-34,Japan,Lake Adamton,technology,False
cb2b7,Male,17,16-17,Canada,Kirbyhaven,art,False
4dbaa,Other,27,25-34,India,Daniellemouth,"health, fitness, travel",False
b8ac2,Female,37,35-44,India,Blevinsburgh,"food, art",False
f8d00,Other,30,25-34,United States,Mendozafurt,finance,False
f5fdb,Male,25,25-34,India,Lisatown,"news, sports, fashion",False
7ed56,Male,18,18-24,Canada,Sheaton,"news, photography, travel",False
8643f,Male,30,25-34,Australia,Lynnville,"sports, technology",False
d7438,Other,22,18-24,France,Taylorfort,"fashion, finance, art",False
45b78,Male,30,25-34,United States,Tylerberg,"sports, photography, finance",False
12f1b,Female,16,16-17,Brazil,Ginaborough,sports,False
f801e,Female,26,25-34,Australia,Craigton,"fashion, technology, health",False
248b4,Female,25,25-34,United States,Rebeccastad,"technology, lifestyle",False
0998f,Male,35,35-44,Japan,Martinburgh,"technology, lifestyle",False
29752,Other,32,25-34,Australia,Rachelfort,"fashion, travel, food",False
8971e,Male,27,25-34,United States,North Morgan,"fitness, gaming, sports",False
812cd,Female,37,35-44,Japan,Nealton,"gaming, news",False
0b58d,Male,23,18-24,Australia,North Nicholasburgh,fitness,False
0458d,Male,26,25-34,United States,South Toddport,"finance, travel",False
72355,Other,37,35-44,Canada,Port Rebekah,"finance, news",False
1282d,Male,23,18-24,United States,West Lucas,art,False
0a8dc,Female,18,18-24,United States,South Samuelside,fitness,False
cb5e5,Female,36,35-44,India,Port Luis,"photography, travel, lifestyle",False
7d6df,Male,25,25-34,United Kingdom,Wendystad,"art, sports",False
14518,Male,30,25-34,United States,Port Michaelberg,"health, art",False
fd27e,Female,26,25-34,United States,East Nancy,"technology, lifestyle",False
4c0cb,Female,29,25-34,United Kingdom,West Sarah,"news, gaming",False
7db63,Female,22,18-24,United Kingdom,Kristyberg,news,False
f3813,Male,43,35-44,United States,East Katherine,"lifestyle, fitness",False
4c02a,Male,20,18-24,United Kingdom,East Kevin,"photography, health",False
8e4e8,Female,20,18-24,Australia,Randolphland,"lifestyle, technology, fitness",False
0748b,Other,20,18-24,Japan,Leeberg,"technology, sports, health",False
b4461,Male,24,18-24,United Kingdom,New Breanna,"finance, lifestyle",False
c8901,Male,23,18-24,Canada,Maryport,gaming,False
26b0c,Male,50,45-54,United Kingdom,North Crystalland,"fashion, health",False
afd40,Male,20,18-24,Brazil,Tylerville,"gaming, news, art",False
31f1d,Male,29,25-34,United Kingdom,Lake Timothy,"technology, photography",False
972a4,Male,24,18-24,India,New Krista,"finance, news, photography",False
69c09,Female,21,18-24,Canada,East Amyshire,"health, news, finance",False
801b4,Male,34,25-34,India,South Tiffanybury,finance,False
0aa2c,Male,31,25-34,Canada,Codymouth,"health, gaming",False
67dd9,Female,16,16-17,United States,South Robertberg,"fashion, technology, fitness",False
648b1,Male,30,25-34,Brazil,Krystalmouth,"finance, food, fitness",False
1e7b0,Male,28,25-34,Brazil,Heatherborough,news,False
3b0c2,Female,25,25-34,Japan,Graymouth,fashion,False
bfcaa,Male,30,25-34,United Kingdom,East Coryhaven,lifestyle,False
c8f31,Female,32,25-34,United States,Fowlershire,"travel, sports",False
bfadb,Male,29,25-34,Brazil,West Anthony,"travel, fashion, fitness",False
de823,Female,36,35-44,Brazil,South Mckenzie,gaming,False
ffbc0,Male,24,18-24,Canada,South Daniel,finance,False
85379,Female,21,18-24,Germany,Rebeccachester,"art, technology",False
5ecac,Other,21,18-24,Mexico,Jacquelinemouth,sports,False
a148b,Male,32,25-34,United Kingdom,South Michelle,"health, technology, finance",False
a31d6,Other,16,16-17,Brazil,Raymondstad,"lifestyle, health, technology",False
059e3,Female,32,25-34,Brazil,South Victoria,technology,False
30074,Male,32,25-34,United States,Bowmanmouth,"sports, gaming, photography",False
3cf04,Male,30,25-34,Australia,Port Lauraport,"sports, travel, health",False
7276f,Other,24,18-24,Germany,Jeffport,"gaming, fitness",False
6c8f0,Female,28,25-34,Brazil,Lake Brian,gaming,False
14ece,Female,32,25-34,Mexico,East Stevenchester,"technology, lifestyle, food",False
b6915,Male,17,16-17,United Kingdom,Deanton,travel,False
8d184,Male,32,25-34,United States,Sarachester,"photography, fitness, travel",False
ee5a1,Other,22,18-24,Canada,East Joshua,"sports, health",False
81a90,Other,28,25-34,Japan,New Thomasport,"photography, gaming",False
195ac,Other,27,25-34,Japan,North Jenniferside,"art, fashion",False
d5b37,Female,29,25-34,United States,New Sandra,photography,False
d4d1d,Male,31,25-34,United Kingdom,Port Travis,"health, finance, gaming",False
0cb5f,Male,26,25-34,United Kingdom,Lake Nicolemouth,"art, fitness",False
0d4d1,Female,24,18-24,Australia,East Zachary,"health, gaming, technology",False
69463,Male,21,18-24,Japan,South Erinfort,"health, news",False
643ce,Female,20,18-24,Australia,Lake Catherineborough,technology,False
30088,Male,23,18-24,Japan,West Sherry,"finance, technology",False
a2602,Male,16,16-17,United Kingdom,Williamside,"technology, sports",False
bc8ac,Female,28,25-34,United States,Lake Shawn,"photography, health",False
c8e5c,Female,34,25-34,United States,Wintersview,"travel, health",False
cbb67,Female,26,25-34,India,Josephhaven,lifestyle,False
12e4d,Female,26,25-34,Canada,West Martinchester,"travel, fashion",False
dcb2d,Male,33,25-34,United States,Hansonbury,food,False
be6e3,Male,35,35-44,Germany,Hendrixchester,fitness,False
6d68c,Male,23,18-24,United Kingdom,Lake Sean,fashion,False
f150d,Male,24,18-24,Canada,Kelleybury,photography,False
ff50e,Other,42,35-44,Australia,Jessicatown,"lifestyle, travel, food",False
2cb73,Male,25,25-34,United States,Lake Melissa,"finance, food, gaming",False
9a478,Male,42,35-44,Germany,Andersenview,"news, gaming, travel",False
71f12,Male,24,18-24,United States,Lake Brittney,"photography, news",False
96ac5,Male,28,25-34,United States,Michaelfort,art,False
19bcd,Female,41,35-44,United States,Deborahport,finance,False
11ce0,Male,37,35-44,India,Cantuport,art,False
fd88b,Female,18,18-24,Canada,Hensleyside,"art, fitness",False
cb8b2,Male,19,18-24,United States,Jefferyton,food,False
5890a,Female,31,25-34,France,East James,photography,False
f91b0,Female,30,25-34,United States,Hamiltonville,"art, travel, fashion",False
5fa16,Male,32,25-34,United Kingdom,Starkburgh,"art, fashion",False
19af7,Female,30,25-34,France,Johnsonport,"photography, technology",False
95f90,Male,35,35-44,Mexico,New Joshua,lifestyle,False
550c2,Male,20,18-24,United States,West Paul,"art, gaming",False
9a07e,Female,27,25-34,India,Theresaborough,"fitness, gaming, photography",False
a70f0,Male,18,18-24,United Kingdom,West Keith,"photography, fitness, health",False
8ffd2,Male,33,25-34,United Kingdom,New Samanthabury,"gaming, food, technology",False
4804b,Male,21,18-24,Canada,West Michaelberg,"food, lifestyle, news",False
c3ea7,Male,24,18-24,United States,Clarkechester,technology,False
e0d87,Female,20,18-24,Germany,New Sharon,"gaming, fitness, technology",False
28bb1,Other,27,25-34,United States,South Alicia,travel,False
4b68a,Other,37,35-44,United States,Tarafort,"travel, food, fitness",False
f464f,Female,21,18-24,Germany,South Kathy,"technology, food",False
586f5,Female,33,25-34,France,Valeriemouth,"health, travel, finance",False
009f1,Other,23,18-24,Japan,Lake Gregorybury,"finance, photography",False
aec1a,Male,37,35-44,Mexico,Jeffreystad,"food, art, fitness",False
76182,Female,36,35-44,United States,Goldenside,"art, fashion",False
14887,Male,20,18-24,Brazil,Espinozaton,fitness,False
798d0,Female,28,25-34,United Kingdom,Mauricemouth,lifestyle,False
24f19,Female,16,16-17,United States,Deannaberg,"art, technology",False
e539e,Other,21,18-24,United States,West Allison,health,False
51640,Male,32,25-34,United Kingdom,Hartmouth,"technology, lifestyle",False
c237b,Male,16,16-17,United States,Salazarstad,"finance, photography",False
e4f71,Male,28,25-34,United States,Erikaton,"news, fashion",False
394a6,Female,28,25-34,United Kingdom,South Barbara,"finance, health",False
45692,Female,18,18-24,Australia,Lake Cynthiachester,"art, technology, finance",False
a91a3,Female,26,25-34,United States,Kaylafort,"health, finance",False
6491b,Male,34,25-34,United Kingdom,Theresaside,"art, news",False
58b1b,Male,16,16-17,United States,South Anthony,"travel, fashion",False
fb256,Male,26,25-34,Brazil,New Bobbyton,"lifestyle, fashion, gaming",False
a6ed9,Male,28,25-34,Brazil,Ryanchester,"fashion, photography, technology",False
9ced6,Male,16,16-17,Canada,Andersonport,finance,False
b5d0b,Other,16,16-17,Mexico,North Steven,"food, gaming, photography",True
e9ef9,Male,38,35-44,Japan,West Colleenside,"art, sports, travel",False
310a0,Female,34,25-34,Australia,Timothyside,news,True
70cf4,Female,29,25-34,Brazil,Jacobchester,fitness,False
8f944,Male,37,35-44,Australia,Jenniferbury,"photography, travel, sports",False
f7d4f,Male,35,35-44,Australia,Carrhaven,art,False
8e22c,Male,35,35-44,United Kingdom,Lake Timothy,"travel, food",False
ae4c1,Female,22,18-24,United States,West Michael,"news, lifestyle, travel",False
de348,Female,38,35-44,United States,Lopezton,gaming,False
f9b58,Female,26,25-34,Brazil,Codyview,"news, health, lifestyle",False
087cc,Male,17,16-17,United Kingdom,East Matthew,"gaming, fashion",False
66e84,Male,18,18-24,Canada,New Jenniferberg,technology,False
19dfd,Female,20,18-24,United Kingdom,Fosterberg,"news, technology",False
ce696,Male,25,25-34,Germany,Alexanderside,"food, gaming",False
f269c,Male,44,35-44,Japan,Jenniferborough,"fitness, gaming, news",False
9ba5a,Female,39,35-44,United Kingdom,Port Patty,art,False
ccaf9,Female,18,18-24,Germany,Simsview,"photography, travel, fitness",False
61a80,Other,33,25-34,United States,Tuckerview,"travel, photography, food",False
71c38,Male,29,25-34,United States,South Jose,"lifestyle, photography, news",False
da3c7,Female,31,25-34,Mexico,Amandaberg,"sports, finance, photography",False
f52b2,Male,16,16-17,United Kingdom,Donaldsonshire,"lifestyle, finance",False
009c3,Male,24,18-24,Germany,Jonestown,art,False
ed6be,Male,32,25-34,Canada,Port Donald,"art, fashion, technology",True
1e480,Male,16,16-17,United States,East Jameston,"fashion, lifestyle",False
84e64,Male,31,25-34,India,Michaelside,sports,False
23451,Male,21,18-24,France,Brandtstad,"food, health",False
ae540,Female,25,25-34,United Kingdom,Lake Steven,"food, news",False
52715,Male,19,18-24,Mexico,North Williamfurt,"lifestyle, finance, travel",False
735df,Female,21,18-24,Brazil,East Laura,health,False
f3ca5,Female,24,18-24,United Kingdom,Port Caroline,"lifestyle, news, food",False
b0c70,Female,28,25-34,Germany,Collinsside,"art, finance, health",False
e1113,Female,18,18-24,United Kingdom,Howardshire,"sports, gaming, technology",False
097f5,Male,17,16-17,Australia,Port Leslie,travel,False
ed09b,Male,29,25-34,United Kingdom,Port Sarah,"news, food",False
5cd8b,Male,25,25-34,United Kingdom,Timothyfort,sports,False
9feef,Male,23,18-24,Germany,Patrickmouth,"fitness, photography, news",False
0364e,Male,22,18-24,France,Moraleshaven,news,False
3ce42,Female,29,25-34,Germany,Duncanbury,fashion,False
2356b,Female,20,18-24,India,North Robin,"technology, art, finance",False
3be2f,Male,24,18-24,Canada,Stevenhaven,"sports, lifestyle, finance",False
dd341,Female,31,25-34,Japan,Alexandraview,"travel, food",False
71e8e,Male,35,35-44,Germany,East Rebeccastad,"fashion, art, travel",False
ee36e,Female,25,25-34,Canada,South Deborahhaven,finance,False
b13f3,Male,22,18-24,United States,Crosbyberg,art,False
db1fd,Male,36,35-44,United States,Lake Brandonchester,photography,False
2be03,Female,27,25-34,India,East Nicholas,fitness,False
7be79,Male,34,25-34,Germany,East Donna,technology,False
49c43,Female,18,18-24,United Kingdom,New Sandrafort,travel,False
4d62a,Male,29,25-34,Japan,Gloriaview,"finance, technology",False
522a2,Male,34,25-34,Australia,Port Kristinfurt,"gaming, news",False
f4544,Other,23,18-24,Mexico,South Heathermouth,lifestyle,False
0cbef,Female,26,25-34,India,Port Madison,"fitness, news, art",False
13088,Female,34,25-34,United Kingdom,Jasmineland,lifestyle,False
10341,Other,54,45-54,United Kingdom,New Lisaland,lifestyle,False
a7d28,Male,35,35-44,Mexico,Deanberg,"fitness, lifestyle",False
8ad8a,Female,28,25-34,United States,Judithton,"food, news",False
2d5de,Male,27,25-34,Japan,West Melissa,"fashion, art",False
1c5b3,Female,32,25-34,Mexico,Lake David,"sports, lifestyle",False
0ae44,Male,21,18-24,Mexico,Cynthiaburgh,"travel, news",False
b609e,Male,25,25-34,Germany,East Rachelport,lifestyle,False
db502,Male,33,25-34,Australia,New Heathermouth,"health, fashion",False
d51a6,Male,30,25-34,Mexico,West Kathleen,"technology, travel, health",False
ad2cd,Female,26,25-34,Germany,Perryton,"fashion, fitness",False
15405,Male,36,35-44,Mexico,North Sara,food,False
e26c9,Male,32,25-34,United Kingdom,Douglaston,"fitness, travel",False
811bb,Female,28,25-34,United Kingdom,South James,"technology, travel, gaming",False
9c3ea,Male,26,25-34,United States,Kaylastad,"fashion, lifestyle",False
3db85,Male,28,25-34,Canada,Olsonfurt,"news, food, gaming",False
a8ded,Male,21,18-24,Canada,Lake Lindachester,"technology, gaming, art",False
18898,Male,26,25-34,United States,Jadefort,travel,False
3484c,Male,34,25-34,Japan,New Sarahport,fashion,False
b51be,Female,16,16-17,United Kingdom,Kaitlynhaven,art,False
78ced,Male,22,18-24,United Kingdom,Lake Alicia,news,False
5eb96,Male,34,25-34,Germany,North Samuelland,fashion,False
0ce7e,Female,47,45-54,Germany,South Douglastown,health,False
16ffa,Female,41,35-44,Germany,North Crystal,travel,False
b5510,Female,22,18-24,France,New Austin,"travel, sports",False
b305b,Male,19,18-24,Canada,West Johnton,"technology, news, food",False
31064,Female,16,16-17,United States,Sabrinaton,"travel, art, technology",False
2f7e2,Male,39,35-44,United States,North Carlland,fitness,False
e3035,Male,35,35-44,Canada,South Brandon,"health, fitness",False
bc780,Female,25,25-34,Brazil,North Johntown,"photography, finance, fitness",False
00ad4,Male,27,25-34,Canada,Rachelbury,"sports, technology",False
ca7af,Male,28,25-34,Mexico,Smithhaven,"art, food, sports",False
fbf9c,Male,39,35-44,United States,Elizabethville,sports,False
8219e,Male,48,45-54,United States,Allenville,"sports, lifestyle, fashion",False
aeeff,Male,17,16-17,United States,New Phyllis,"lifestyle, art",False
e077a,Male,28,25-34,United States,Rogersmouth,"finance, fitness, art",False
6c33b,Male,21,18-24,United States,Webbfurt,"health, photography, finance",False
9ba91,Female,18,18-24,Australia,North Timothyshire,"finance, fitness, art",False
e2bb5,Male,18,18-24,India,Markfort,travel,False
4e50b,Male,26,25-34,Brazil,Deborahhaven,fashion,False
0f9d5,Male,20,18-24,United States,Joannatown,"photography, food",False
3a3df,Other,27,25-34,United Kingdom,Nelsonhaven,lifestyle,False
6659b,Male,59,55-65,United States,North Holly,"technology, lifestyle",False
27958,Male,26,25-34,United States,Romanmouth,"fashion, health",False
161dc,Male,17,16-17,United Kingdom,Elizabethstad,fashion,False
b6a7d,Male,18,18-24,United States,Tinaport,"health, news",False
c5205,Male,28,25-34,India,Alvaradoborough,fitness,False
94413,Male,39,35-44,Germany,Manningtown,"technology, fitness, gaming",False
8c582,Female,24,18-24,United Kingdom,Leroyberg,"food, technology, art",False
80904,Male,22,18-24,Mexico,New Jacquelinechester,"fashion, finance",False
ef6e9,Female,29,25-34,Germany,Jonesberg,"sports, news",False
8689c,Other,65,55-65,Canada,East Karenchester,fitness,False
0e561,Male,37,35-44,Brazil,Davidton,"art, gaming",False
a5e61,Male,31,25-34,United Kingdom,New Brandi,"art, technology, lifestyle",False
bd205,Male,23,18-24,France,Vincentfurt,gaming,False
3c500,Male,25,25-34,India,Johnsonshire,"art, travel",False
2d9f9,Male,21,18-24,United States,Edwinhaven,sports,False
6fa65,Male,28,25-34,Mexico,Port Juliehaven,"food, photography, travel",False
ac677,Male,23,18-24,Mexico,Port Sandra,"fashion, news",False
fcbe7,Female,24,18-24,India,New Cassandrachester,technology,False
e05cf,Female,28,25-34,Australia,Scottmouth,"finance, gaming, sports",False
cfd8d,Female,30,25-34,United States,Lake Monica,fitness,False
3b421,Female,26,25-34,United States,North Jill,"sports, photography",False
efced,Male,23,18-24,United States,West Dave,"lifestyle, fitness, sports",False
4af06,Male,21,18-24,United States,East Stephaniestad,"sports, food, gaming",False
1069e,Male,29,25-34,India,New Mistyland,food,False
15dd6,Male,36,35-44,United Kingdom,Phillipshaven,"sports, technology, fitness",False
2a895,Female,32,25-34,Australia,North Dylan,"finance, technology, art",False
7039b,Male,27,25-34,United Kingdom,Port Markchester,art,False
92059,Other,36,35-44,United States,South Sherryport,"art, technology",False
322af,Male,45,45-54,United Kingdom,Jefferyberg,travel,False
ed7d6,Male,17,16-17,India,Jamieburgh,fitness,False
d9686,Female,45,45-54,Canada,Avilaland,"lifestyle, technology",False
a731d,Male,26,25-34,Australia,Jessicaland,"travel, photography",False
97ca1,Male,17,16-17,Brazil,Woodardton,"fitness, travel",False
6b034,Male,35,35-44,United States,Jamesborough,fashion,False
c983a,Female,22,18-24,United Kingdom,Hernandezmouth,news,False
cf4bb,Male,22,18-24,United Kingdom,Santiagobury,"art, technology",False
5a69b,Male,16,16-17,United States,Heathfurt,food,False
12d53,Female,32,25-34,United States,Autumnfurt,art,False
5735f,Male,38,35-44,Japan,Rhondaton,food,False
f7c30,Female,40,35-44,Germany,Larryberg,"fitness, art, gaming",False
2955f,Female,16,16-17,Canada,South Amyfurt,"finance, lifestyle",False
f3861,Female,32,25-34,United States,Barrberg,finance,False
dc6f5,Other,21,18-24,United Kingdom,Sullivanchester,food,False
65fb9,Other,28,25-34,United States,Lake Elizabeth,"travel, photography, art",False
8f973,Male,20,18-24,Canada,Chaseberg,"health, lifestyle",False
ad677,Male,29,25-34,United Kingdom,Port James,"gaming, photography, technology",False
b4aed,Male,41,35-44,India,East Daniel,"finance, gaming",False
cbdf6,Male,20,18-24,United Kingdom,South Jamesfort,technology,False
07366,Male,19,18-24,Australia,West Deniseberg,"lifestyle, travel, fitness",False
76fb5,Female,36,35-44,Canada,Michaelburgh,"fashion, finance",False
fd591,Other,20,18-24,United States,Garciaton,"sports, finance, travel",False
f6ef2,Male,29,25-34,United States,Waltershire,"health, fitness",False
36ee7,Other,20,18-24,Canada,East Alexandria,photography,False
b817e,Other,18,18-24,United States,Nicholashaven,"lifestyle, art",False
9e470,Female,28,25-34,Brazil,New Christopherchester,"photography, gaming, fashion",False
5ae56,Other,18,18-24,United Kingdom,New Katrina,food,False
35912,Female,19,18-24,Australia,North Erichaven,art,False
1ef29,Female,44,35-44,Australia,Lake John,"news, art",False
53de0,Male,27,25-34,United States,East Robertview,fashion,False
02859,Female,32,25-34,Australia,Patriciaview,"art, food",False
06747,Female,20,18-24,Mexico,Port Olivia,"travel, gaming, finance",False
ac1a9,Male,22,18-24,United Kingdom,Christophertown,"fashion, sports, food",False
2315e,Male,30,25-34,United Kingdom,Lake Ericberg,"lifestyle, gaming",False
6fe77,Male,19,18-24,France,North Jenny,"travel, gaming, food",False
5f4da,Female,37,35-44,Brazil,Reyesstad,travel,False
59fdd,Male,25,25-34,United States,East Antoniochester,art,False
bc315,Female,43,35-44,India,North Amy,"finance, food, news",False
b446f,Male,24,18-24,United States,Port Daniel,"health, news",False
e9c8b,Male,40,35-44,United States,Haleybury,"lifestyle, fitness, health",False
c7ec8,Male,24,18-24,United States,South Emily,"fitness, travel, gaming",False
5693e,Male,22,18-24,United Kingdom,Whiteborough,health,False
77c35,Female,28,25-34,Germany,Danielfurt,health,False
d5585,Female,36,35-44,United States,North Martha,"art, lifestyle, gaming",False
b3087,Male,29,25-34,United States,Lake James,"health, food",False
096e7,Male,17,16-17,Japan,Cordovafurt,photography,False
b9ce7,Male,16,16-17,United Kingdom,Phillipport,"travel, fitness",False
57fb8,Male,46,45-54,United States,Petermouth,gaming,False
caefe,Male,27,25-34,Brazil,North Josephland,"health, technology, news",False
65fee,Male,17,16-17,Mexico,Flemingville,"finance, gaming",False
2fed2,Male,16,16-17,United Kingdom,South Michael,lifestyle,False
95bc8,Male,26,25-34,United Kingdom,Aguilarland,sports,False
cd2c7,Male,24,18-24,United States,East Ruthshire,"fashion, fitness, finance",False
d7573,Male,29,25-34,Germany,Tonyaland,"photography, sports, art",False
855b2,Male,38,35-44,United States,Walshtown,"news, health",False
ec3ab,Female,16,16-17,United States,Jordanport,technology,False
cf2d7,Male,22,18-24,Australia,Rickeyfurt,"lifestyle, health",False
98395,Female,16,16-17,United Kingdom,Sancheztown,"art, travel, food",False
98433,Male,36,35-44,United Kingdom,Port Danielton,news,False
859df,Male,30,25-34,India,South Sherryview,technology,False
f269f,Male,20,18-24,United States,Travisborough,"food, fitness",False
92773,Female,29,25-34,United Kingdom,Williamtown,health,False
b5f47,Female,28,25-34,France,South Isabel,news,False
a26ef,Female,37,35-44,United States,Claytonfort,"food, art, sports",False
3c10a,Female,22,18-24,Canada,Greenburgh,finance,False
a1d9e,Male,32,25-34,Germany,Beckytown,"fashion, travel, sports",False
a6936,Female,35,35-44,United States,Lake Jasonmouth,"sports, art, travel",False
6da5d,Male,30,25-34,Australia,Owenstown,"news, art",False
f51d7,Male,27,25-34,United States,New Megan,news,False
5fba5,Male,25,25-34,United States,Jacquelineland,"photography, travel",False
befb0,Male,27,25-34,Brazil,Michelleshire,news,False
4cc1a,Male,17,16-17,Canada,South Dillonburgh,"food, gaming",False
ed997,Other,27,25-34,Japan,Allenshire,health,False
08f9a,Male,27,25-34,India,Jonesstad,"fashion, lifestyle, news",False
d1af5,Male,31,25-34,Japan,Brianfurt,"fashion, sports, gaming",False
8cd18,Male,17,16-17,United Kingdom,New Timothyhaven,"sports, travel",False
c7617,Male,22,18-24,Brazil,East Jason,fashion,False
2c3f3,Female,34,25-34,United States,Port Sarah,photography,False
6a8de,Male,37,35-44,Brazil,Lake Timothyland,travel,False
4dc63,Male,33,25-34,Canada,Howardtown,"food, fashion, lifestyle",False
d924a,Male,23,18-24,United States,West Carriemouth,technology,False
84926,Female,21,18-24,Mexico,Samanthaton,"photography, news",False
a3e51,Male,26,25-34,United States,Port William,fashion,False
0d8f2,Female,29,25-34,Canada,Lake Colleenborough,travel,False
41c41,Female,33,25-34,United States,New Elizabeth,"fitness, art",False
dc837,Female,18,18-24,Australia,Kristinestad,health,False
7e86d,Female,43,35-44,Australia,South Anthonymouth,travel,False
37f3b,Other,20,18-24,Germany,South Nicoleville,"health, technology",False
5a638,Female,25,25-34,Germany,Randallshire,"fitness, travel",False
ee263,Male,26,25-34,United States,Johnsonport,"photography, technology",False
9267d,Female,22,18-24,United Kingdom,Loganside,"finance, photography, art",False
2d068,Female,28,25-34,Germany,Port Lisa,"lifestyle, art, food",False
b6da1,Other,22,18-24,United States,West Courtneymouth,"travel, photography, art",False
82648,Female,29,25-34,Germany,Whiteburgh,"technology, art",False
02272,Male,40,35-44,Brazil,Patrickton,"sports, technology",False
8b601,Male,32,25-34,Germany,Jessicaberg,art,False
60956,Male,36,35-44,Australia,New Amber,"technology, sports",False
607b3,Male,33,25-34,Japan,North Zachary,sports,False
bcb6f,Male,22,18-24,United States,Davidland,"technology, finance",False
06362,Female,33,25-34,Australia,Lake Barbaraville,"travel, sports",False
4f051,Female,20,18-24,United States,Mcdanielhaven,photography,False
b0f7e,Female,21,18-24,United Kingdom,Carrshire,"sports, finance, news",False
9e923,Male,50,45-54,Brazil,Teresamouth,"lifestyle, photography",True
72dc5,Other,23,18-24,Japan,Jacksonland,"finance, fitness, fashion",False
fb493,Female,49,45-54,Brazil,Mannburgh,"fashion, news, finance",False
c714f,Female,40,35-44,Canada,Douglaschester,"fashion, lifestyle, health",False
d652c,Male,31,25-34,Japan,Bradleyberg,"art, technology",False
d2294,Male,28,25-34,United States,Garciastad,"photography, food",False
290f0,Female,33,25-34,United States,Lambville,"photography, technology",False
b439a,Female,25,25-34,Australia,Lucaschester,health,False
ed359,Female,32,25-34,United States,Stevenview,fashion,False
889cc,Female,38,35-44,France,Anthonyville,"art, health",False
d7727,Male,25,25-34,United Kingdom,New Amy,"lifestyle, technology, fitness",False
e39dd,Male,21,18-24,Canada,New Joanborough,finance,False
b0739,Female,21,18-24,Germany,Michaelchester,"health, gaming",False
ec3b8,Other,17,16-17,United States,Johnsonfurt,news,False
895e7,Female,37,35-44,United States,Steventown,"fitness, gaming, finance",False
7038e,Male,26,25-34,United States,Aliciaport,photography,False
3baaa,Male,32,25-34,Mexico,Ryanside,"photography, lifestyle",False
6d7d0,Female,25,25-34,United States,Hensonstad,"finance, technology, gaming",False
31dbe,Other,21,18-24,United States,Johnfurt,"photography, travel, health",False
4ebab,Female,16,16-17,United States,New Allen,"travel, fashion, sports",False
79e07,Female,26,25-34,United States,Roweburgh,"fitness, sports, gaming",False
1ecb0,Female,30,25-34,United Kingdom,New Cory,"lifestyle, art",False
0110c,Female,35,35-44,United States,South Johnburgh,"travel, lifestyle",False
3294c,Male,20,18-24,United States,Amandafort,sports,False
0ebd6,Male,28,25-34,United States,South Jason,health,True
5e7ca,Male,35,35-44,Australia,Masonstad,"travel, photography",False
1df93,Female,32,25-34,Brazil,Westport,"technology, finance, news",False
8abfc,Male,32,25-34,India,Brockport,lifestyle,False
f59f0,Female,23,18-24,France,Whitakerborough,"food, travel",False
a850c,Male,20,18-24,United States,Michaelstad,"fashion, travel, photography",False
51a48,Male,19,18-24,Canada,Maytown,"sports, food",False
d887e,Other,32,25-34,Mexico,Chelseatown,lifestyle,False
f53e5,Male,20,18-24,United States,Jenniferside,"art, finance, health",False
afb98,Female,32,25-34,Germany,Maloneport,food,False
86663,Female,40,35-44,United Kingdom,Bartonmouth,"sports, gaming, photography",False
d7e2a,Male,26,25-34,Canada,Lesliehaven,"photography, sports, travel",False
d72ab,Male,16,16-17,United States,Hicksview,"technology, sports",False
0f0e0,Male,19,18-24,United States,Lake Christopher,"sports, travel",False
f1e5d,Other,35,35-44,India,Davishaven,"art, health",False
a5678,Female,20,18-24,United Kingdom,Baileystad,"news, fashion, art",False
0f61f,Other,20,18-24,United States,Nicholashaven,"fitness, gaming, photography",False
2dd94,Female,22,18-24,Brazil,Adammouth,"photography, news, health",False
a5fa1,Male,16,16-17,Germany,Derekside,"travel, gaming, sports",False
03b4c,Male,33,25-34,Germany,Parkermouth,"fitness, art",False
5b7e9,Male,28,25-34,India,Lake Anne,"gaming, health",False
f8c7a,Male,26,25-34,United States,North Taratown,"technology, photography, travel",False
c2fdf,Female,30,25-34,Germany,Olsenhaven,"health, food, art",False
bd154,Male,18,18-24,India,Lake Ginaport,lifestyle,False
faf4d,Male,29,25-34,United Kingdom,Johnstontown,"travel, health, gaming",False
fa2b6,Male,34,25-34,Japan,Pricehaven,fashion,False
774f2,Female,33,25-34,India,South Timothyhaven,food,False
95655,Male,32,25-34,Japan,Amytown,fashion,False
effc7,Male,22,18-24,United States,Lake Kim,"sports, travel",False
f9b13,Other,35,35-44,United Kingdom,Williamchester,fitness,False
09e63,Female,22,18-24,United Kingdom,Lake Mistytown,"travel, technology, sports",False
32191,Female,24,18-24,Germany,Jamesbury,travel,False
379e5,Female,36,35-44,Brazil,Port Margaretland,"sports, technology, travel",False
521ca,Female,19,18-24,United States,Jonathantown,"art, food, news",False
5f4c2,Female,29,25-34,Mexico,Austinstad,"photography, lifestyle",False
62469,Male,35,35-44,Germany,Christinaberg,"art, lifestyle",False
b91a7,Male,30,25-34,United States,Lake Randy,"lifestyle, food, travel",False
eebc4,Female,19,18-24,United Kingdom,North Cassandra,"travel, gaming",False
59810,Male,25,25-34,Germany,North Rickbury,"fashion, food",False
ed159,Female,33,25-34,United States,Conniemouth,"lifestyle, art, photography",False
77724,Female,36,35-44,United States,Newtontown,health,False
35011,Male,21,18-24,Canada,North Janet,"health, technology",False
05097,Other,30,25-34,Germany,South Crystal,"health, technology, finance",False
9e5c4,Other,18,18-24,Germany,North Jessicafort,"travel, finance",False
24b9b,Male,31,25-34,Brazil,New Jeffrey,"sports, health",False
1f39f,Male,25,25-34,India,New Timothystad,"finance, news, food",False
2f789,Male,49,45-54,Canada,Kellymouth,lifestyle,False
699a5,Female,34,25-34,United Kingdom,Port Benjamin,"lifestyle, gaming, sports",True
e3ed5,Male,31,25-34,France,New Hunter,"health, technology",False
73eb4,Other,31,25-34,United Kingdom,Prestonbury,"sports, fashion",False
7b38a,Other,18,18-24,Mexico,South Larrymouth,"health, technology",False
41df9,Male,25,25-34,Australia,Bakershire,"health, lifestyle, art",False
06726,Male,32,25-34,Germany,Ryanville,"gaming, sports, travel",False
a4d92,Female,26,25-34,Brazil,Fishertown,fitness,False
a61c5,Male,39,35-44,United States,Nathanburgh,"travel, food, art",False
aa2b3,Male,19,18-24,France,Sherylside,"lifestyle, fashion, fitness",False
3740b,Female,30,25-34,Australia,Tracyhaven,"photography, gaming, fitness",False
b602f,Male,45,45-54,Brazil,Lesliefurt,"lifestyle, food",False
47376,Female,28,25-34,Canada,Bennettborough,"lifestyle, travel, food",False
f0292,Male,24,18-24,United Kingdom,New Sabrina,"health, fitness, lifestyle",False
40a82,Male,24,18-24,United Kingdom,Port Geoffreymouth,"art, health",False
cfeee,Female,29,25-34,United States,Christinefort,"sports, health",False
cd54d,Male,18,18-24,Australia,Woodchester,"health, art, photography",False
454fd,Female,36,35-44,India,Rojasside,photography,False
4bbcf,Other,16,16-17,Mexico,Matthewstad,gaming,False
129f1,Male,29,25-34,Japan,Michaeltown,"photography, travel, food",False
c4366,Female,24,18-24,United States,Port Davidside,sports,False
be55a,Male,20,18-24,United Kingdom,Port Tabithaburgh,finance,False
2692b,Male,26,25-34,United States,Jacquelineview,health,False
1a7cd,Male,16,16-17,Mexico,West Stephanie,"technology, travel, gaming",False
306a8,Female,20,18-24,United States,Cookside,"technology, art",False
9d4da,Female,19,18-24,United Kingdom,East Annaburgh,"travel, fitness",False
149a6,Male,32,25-34,United Kingdom,Dianamouth,"technology, photography",False
e0cd5,Male,18,18-24,Mexico,Alexandermouth,gaming,False
90eec,Male,25,25-34,United States,Heidibury,"art, sports",False
795ce,Female,26,25-34,United States,East Micheleshire,"food, news",False
9a0bb,Female,16,16-17,France,South Carriehaven,sports,False
d14c4,Male,29,25-34,Australia,Brookemouth,"gaming, finance, food",False
bc097,Female,18,18-24,United States,West Tom,travel,False
a9490,Other,21,18-24,United States,North Brianmouth,gaming,False
13f73,Male,21,18-24,India,Medinaport,"fashion, health, lifestyle",False
f9967,Male,19,18-24,United Kingdom,New Jennifer,photography,False
7df88,Male,29,25-34,Brazil,Reedton,"health, technology",False
4472f,Male,19,18-24,India,Lake Lancehaven,travel,False
06763,Female,34,25-34,Canada,West Brittanyhaven,"fashion, lifestyle, finance",False
44e4f,Male,33,25-34,United States,Crystalland,news,False
6601f,Male,16,16-17,United Kingdom,Rodriguezview,finance,False
9a3b1,Male,47,45-54,United States,Jessicaborough,"technology, fashion, travel",False
3071b,Male,19,18-24,United Kingdom,Rosstown,"news, finance",False
7dc61,Male,27,25-34,United Kingdom,West Catherine,"news, lifestyle, travel",False
ae8a9,Male,26,25-34,Germany,West Cody,"fashion, gaming",False
c3846,Female,39,35-44,Brazil,Bryanshire,lifestyle,False
627b3,Female,42,35-44,United States,South Sydney,fitness,False
ab52a,Female,32,25-34,Australia,Tylerfurt,gaming,False
7b07a,Female,21,18-24,United States,Port Dorothybury,food,False
fce9f,Male,24,18-24,United Kingdom,North Sheena,"gaming, fashion, health",False
9a81d,Male,32,25-34,Germany,Jeffreyton,"sports, gaming",False
51523,Male,19,18-24,Japan,West Christine,"food, fashion",False
bb145,Female,25,25-34,Canada,North Dominique,"news, food",False
6f782,Female,16,16-17,Japan,South Becky,"photography, lifestyle",False
6a077,Male,32,25-34,United States,Hammondton,"fashion, art",False
c3f76,Male,26,25-34,Japan,Castilloburgh,"fashion, sports, travel",False
6756e,Female,30,25-34,Canada,Beckfurt,"lifestyle, news",False
5c560,Male,36,35-44,Australia,North Dominique,"fitness, art",False
33f85,Male,42,35-44,United States,Lake Erikamouth,technology,False
e9cb5,Female,24,18-24,United States,Kaitlyntown,"technology, travel, fashion",False
19bde,Male,29,25-34,Australia,West Nancy,"travel, fitness, fashion",False
433f2,Male,25,25-34,United States,Kingport,fashion,False
be8e6,Other,34,25-34,United States,Port Andrewport,health,False
eec05,Male,25,25-34,Brazil,Duncanland,news,False
97262,Female,27,25-34,United Kingdom,West Marcustown,"art, travel, health",False
7ce41,Male,24,18-24,United States,Jacksonmouth,"technology, news, art",False
8e397,Female,24,18-24,United States,Travisshire,"art, fitness",False
72c19,Female,35,35-44,United Kingdom,East Jamiestad,"technology, health",False
f5f6a,Male,17,16-17,United States,Cynthiaborough,gaming,False
67d8a,Male,17,16-17,Germany,South Michelle,"food, sports, technology",False
d8f23,Male,22,18-24,Canada,Lisafort,"fitness, photography, news",False
b1a64,Male,38,35-44,India,Marystad,lifestyle,False
a2b22,Male,28,25-34,Japan,Lake Paul,"photography, technology",False
4f720,Male,16,16-17,United States,Cherylmouth,technology,False
7767c,Female,40,35-44,India,Carpenterfurt,news,False
3efd0,Male,25,25-34,United Kingdom,Port Ericaton,photography,False
8107f,Female,48,45-54,Canada,Evanborough,"lifestyle, news",False
ac22e,Male,24,18-24,Brazil,Ronaldport,"sports, food",False
c29bb,Other,33,25-34,United States,West Dennis,technology,False
2e483,Male,36,35-44,Canada,North Christinaview,food,False
aebbe,Female,23,18-24,Brazil,South Dawnberg,lifestyle,False
6b4fd,Male,39,35-44,Canada,North Trevorchester,"food, health, art",False
864e1,Female,32,25-34,Germany,Carterton,"news, fitness",False
4ac89,Male,21,18-24,United Kingdom,Nicholasfurt,"travel, technology",False
351a7,Male,18,18-24,United States,North Tracybury,"photography, sports",False
b7c47,Male,32,25-34,United States,Johnsonborough,fashion,False
307df,Male,26,25-34,United States,Lake Julia,"news, art, health",False
cc55a,Male,18,18-24,France,New April,news,False
afc1b,Male,33,25-34,United States,New Mary,"art, photography",False
c1568,Female,39,35-44,United States,North Tamaramouth,"photography, news",False
846d8,Male,29,25-34,India,Danielside,"gaming, art, photography",False
4c915,Other,23,18-24,United States,South Debra,"news, gaming, technology",False
b3fe4,Male,25,25-34,United States,West Alexa,gaming,False
c470b,Male,41,35-44,Canada,West Jason,"news, gaming, fitness",False
3b1c2,Male,35,35-44,Mexico,Pittmanhaven,fitness,False
8c5de,Male,22,18-24,United States,Mackview,food,False
6b598,Male,44,35-44,Australia,North Charles,news,False
d4590,Male,23,18-24,India,New Thomasville,"technology, news",False
73d5c,Female,30,25-34,India,East Justin,"fashion, finance, gaming",False
ea1ef,Male,22,18-24,Australia,North Gregoryborough,fitness,False
710d5,Male,18,18-24,Canada,East Bettymouth,"gaming, health, art",False
8742e,Male,38,35-44,United States,Prattland,news,False
a2b3e,Male,22,18-24,Canada,Douglasside,fitness,False
579ac,Male,25,25-34,United States,North Travisshire,"technology, lifestyle",False
26ae4,Female,29,25-34,Mexico,Chandlerstad,"news, lifestyle, photography",False
373e4,Male,24,18-24,United Kingdom,South Tracyville,gaming,False
f0395,Female,22,18-24,Canada,Ginaville,fashion,False
e924f,Male,27,25-34,Japan,Alexton,"technology, food, fashion",False
b094c,Female,24,18-24,Canada,West Lisabury,sports,False
0d752,Female,26,25-34,United States,Amandastad,"news, fitness",False
d037b,Other,39,35-44,Australia,Wallacechester,"lifestyle, finance",False
81685,Male,16,16-17,United States,West Raymondstad,fitness,False
d74cf,Male,20,18-24,India,Ericchester,"art, gaming, lifestyle",False
17181,Male,29,25-34,India,New Sarahfurt,"health, food",False
8144d,Male,31,25-34,United States,New David,lifestyle,False
172e0,Female,31,25-34,United Kingdom,Markside,"finance, sports",False
4a7b7,Male,29,25-34,United States,Emilymouth,"travel, finance",False
8f8db,Male,26,25-34,United States,Montoyaville,fashion,False
976fd,Female,16,16-17,Australia,South Allisonfurt,photography,False
2a0d4,Female,25,25-34,United States,Michaelport,"fashion, lifestyle, sports",False
933de,Male,21,18-24,Mexico,Carolynburgh,"lifestyle, fitness, finance",False
ee6f8,Female,31,25-34,United States,Markfort,"fashion, fitness, finance",False
b018d,Other,34,25-34,United States,New Dorothy,health,False
b55e5,Female,19,18-24,India,East John,finance,False
c7ec0,Female,28,25-34,Canada,Jeremytown,"art, sports",False
4368a,Other,16,16-17,Brazil,East Kimberly,photography,False
3e590,Male,22,18-24,United States,Richardsonbury,sports,False
0271f,Male,18,18-24,Brazil,Theresafurt,"fitness, food",False
66c27,Male,35,35-44,United States,West Patrick,art,False
e5fdc,Other,40,35-44,United States,Lake Shannonside,"fitness, food, lifestyle",False
f7364,Female,17,16-17,Germany,New Joseph,"fashion, food, photography",False
4ee6d,Other,19,18-24,Japan,East Tina,"technology, health, art",False
916bb,Male,16,16-17,Mexico,Port Denise,"photography, lifestyle, art",False
63aef,Other,28,25-34,United Kingdom,Brittanyville,"photography, lifestyle",False
b8fb5,Male,23,18-24,Brazil,East Heatherburgh,"food, sports, technology",False
83d55,Female,30,25-34,Japan,Port Vincentmouth,health,False
fffa7,Male,25,25-34,Mexico,South Teresa,"travel, health",False
6cc29,Female,23,18-24,United States,West Madeline,"technology, art",False
efa89,Other,31,25-34,Germany,Rachelton,fitness,False
5cc30,Female,59,55-65,United Kingdom,Larryborough,"food, photography, fashion",False
16de0,Female,24,18-24,Australia,Pamelachester,fashion,False
a6693,Other,36,35-44,United States,Stephenside,"gaming, finance, sports",False
3d92c,Female,32,25-34,United States,Timothytown,food,False
38131,Male,44,35-44,Germany,Nicholasmouth,"finance, fashion, sports",False
6da2d,Female,31,25-34,United States,North Ericshire,"fashion, gaming, fitness",False
ecf43,Female,34,25-34,United Kingdom,Sharonton,"lifestyle, technology",False
50a61,Male,41,35-44,India,New Christophermouth,technology,False
a5978,Male,30,25-34,Mexico,Michaelville,photography,False
8bada,Male,34,25-34,Brazil,South Pam,"finance, lifestyle, fashion",False
85479,Male,19,18-24,Brazil,West Edwardfurt,health,False
29669,Male,34,25-34,United States,Smithstad,"health, art, gaming",False
4977c,Other,27,25-34,Germany,Barrymouth,"finance, art",False
b934e,Male,17,16-17,United States,Fischershire,"finance, lifestyle, photography",False
db6e0,Female,28,25-34,United States,Morganland,"gaming, sports",False
047df,Female,27,25-34,Australia,South Stevenberg,"technology, finance, fashion",False
23781,Male,26,25-34,United Kingdom,South Nicholasland,gaming,False
3a5d1,Male,23,18-24,United States,North Marymouth,"technology, food, travel",False
555f6,Male,26,25-34,United States,Deleonchester,"lifestyle, technology",False
9e542,Male,21,18-24,United States,East Pamelachester,"fitness, art",False
4dbbe,Female,24,18-24,Canada,Lake Jenna,photography,False
4e2b7,Other,24,18-24,Germany,Charlesland,finance,False
d2737,Male,37,35-44,Japan,Allisonfurt,"art, gaming, fashion",False
e876c,Other,30,25-34,United States,East Stephanie,"gaming, sports",False
16830,Male,16,16-17,United States,Nicholasview,"fashion, fitness, finance",False
cf24f,Male,19,18-24,United States,South Michael,"art, news, finance",False
832ba,Other,27,25-34,United Kingdom,North Caitlin,photography,False
af344,Female,21,18-24,Australia,Seanland,"photography, news, fitness",False
364df,Female,38,35-44,Australia,Martinezfurt,"art, fashion, technology",False
c92ca,Male,34,25-34,Canada,Port Alexandra,sports,False
aae0e,Other,25,25-34,India,Teresamouth,"sports, fashion",False
d9913,Female,16,16-17,United States,Woodville,lifestyle,False
f0d44,Female,33,25-34,India,Stewartport,"food, technology",False
8a218,Male,32,25-34,United Kingdom,West Savannahmouth,"art, news, photography",False
e6846,Male,30,25-34,United States,Wagnerville,"fitness, gaming",False
f67dd,Male,22,18-24,United States,New Erintown,"news, fashion, technology",False
81069,Female,37,35-44,India,South Stephen,"fashion, news, food",False
1c8ed,Female,22,18-24,India,Sanchezfort,health,False
a808b,Female,24,18-24,Brazil,Port Taylorburgh,"art, fitness, health",False
b5894,Other,17,16-17,Mexico,South Erikside,travel,False
6f1b8,Female,27,25-34,United States,Pierceside,"technology, finance",False
ad9d2,Female,25,25-34,India,Port Anna,fitness,False
17106,Male,16,16-17,United States,Dominguezview,"travel, photography, food",False
70397,Male,27,25-34,Canada,Port Ericafurt,"technology, sports, news",False
7e7b3,Female,32,25-34,Canada,Robertland,gaming,False
01c05,Female,40,35-44,Canada,Lake Cameronborough,"technology, fitness, sports",False
9412a,Male,40,35-44,United States,Angelaton,travel,False
f8350,Male,26,25-34,United States,Bridgesburgh,news,False
7d79e,Female,27,25-34,United States,West Luisstad,"health, food",False
56f34,Male,31,25-34,United States,Port Shawnfort,fitness,False
93b73,Male,34,25-34,Brazil,West Kayla,fitness,False
9b8e5,Female,18,18-24,United Kingdom,South Lisa,"sports, health",False
38846,Male,27,25-34,Canada,Levifurt,finance,False
12d28,Other,16,16-17,United Kingdom,Stevenbury,"fitness, art",False
43bb7,Male,37,35-44,United Kingdom,South Timothy,"art, sports, fitness",False
909cb,Female,18,18-24,United States,Port Laurie,gaming,False
364bd,Male,54,45-54,Canada,East Richardside,"fashion, fitness",False
9f589,Male,21,18-24,India,Mcclainhaven,"technology, lifestyle, fashion",False
6db8b,Female,25,25-34,United States,Mercadoberg,health,False
079c7,Male,30,25-34,United Kingdom,Laurenborough,"photography, food",False
870e2,Male,16,16-17,United States,Port Thomasland,"technology, food, travel",False
2192c,Male,21,18-24,India,South Derek,health,False
cbee0,Male,16,16-17,United Kingdom,South Alanville,fitness,False
2ae0f,Male,16,16-17,Germany,Reidville,"food, fitness, finance",False
4e9bf,Other,40,35-44,Canada,Jennifermouth,"sports, food, fitness",False
41050,Male,32,25-34,United States,North Nicholasmouth,food,False
9d6ed,Male,28,25-34,Australia,Travismouth,"technology, art",False
a2511,Male,45,45-54,India,Hopkinsport,"art, gaming",False
8595e,Male,27,25-34,United Kingdom,Lake Paulaport,"fashion, lifestyle",False
b5687,Male,17,16-17,Germany,Port Brianmouth,"travel, news",False
25085,Female,19,18-24,United States,Whitakerborough,"travel, fashion",False
02fe9,Male,40,35-44,United Kingdom,Jeremytown,"finance, fitness, sports",False
65a2f,Male,39,35-44,United States,Lake Jordanland,"health, travel, sports",False
97966,Female,16,16-17,Australia,Janicefort,technology,False
c5693,Male,43,35-44,Canada,West Stephen,fashion,False
53c72,Male,31,25-34,United States,Castilloborough,travel,False
c378b,Male,23,18-24,United States,Annabury,"technology, health, lifestyle",False
0e4b6,Male,23,18-24,United Kingdom,Juanberg,"finance, health, sports",False
8a4a5,Female,23,18-24,India,New Randy,"news, finance, fitness",False
bfb09,Male,30,25-34,Mexico,Danielside,"finance, food, gaming",False
3fc94,Male,28,25-34,France,Heathermouth,"lifestyle, photography, sports",True
d6edf,Male,31,25-34,United Kingdom,West Doris,"food, art",False
0960e,Other,49,45-54,United States,Nicholaston,"fitness, health, fashion",False
b7674,Female,30,25-34,United States,Millerville,photography,False
22da4,Female,40,35-44,Germany,New Jacksonville,"sports, food, gaming",False
56e9d,Female,38,35-44,United States,South Jennifer,"art, news",False
a7b42,Male,25,25-34,United States,Johnsonshire,"health, travel",False
cb6ae,Male,16,16-17,Brazil,Lake Gabrielle,photography,False
b1f0b,Male,53,45-54,Germany,Smithmouth,"news, lifestyle, gaming",False
ed563,Female,24,18-24,Germany,East Meaganstad,fashion,False
0301e,Female,19,18-24,Germany,Garciaburgh,"news, food, art",False
0c0a3,Female,36,35-44,United States,Tracyview,"news, sports",False
1e115,Female,25,25-34,Canada,Carpenterberg,fashion,False
e268d,Female,18,18-24,Japan,North Michelleview,"health, news, technology",False
80e30,Female,27,25-34,Australia,North Kevin,"fitness, finance, art",False
d69c6,Other,32,25-34,United Kingdom,West Markton,"travel, art, photography",False
6c207,Male,16,16-17,Brazil,West James,"news, food, art",False
bce83,Male,20,18-24,Germany,Woodshire,"photography, finance, lifestyle",False
004a5,Male,27,25-34,United States,Irwinmouth,"technology, fitness, photography",False
d683e,Male,27,25-34,United Kingdom,Port Marissafort,art,False
b5fa9,Male,21,18-24,Japan,Myersberg,"photography, news, food",False
d1e7e,Female,23,18-24,India,Michaeltown,sports,False
90112,Female,41,35-44,United States,West Tomshire,"technology, art, gaming",False
bb122,Male,18,18-24,Mexico,Johnberg,"fitness, food, sports",False
550fb,Male,28,25-34,France,Evansbury,"news, fitness",False
d992d,Male,18,18-24,Japan,Steventon,"news, fitness, sports",False
08c90,Female,25,25-34,Brazil,New Elizabethview,"food, sports",False
71111,Other,36,35-44,Brazil,East Mitchellchester,"photography, technology, finance",False
f2f5d,Female,40,35-44,United States,West David,lifestyle,False
2580f,Female,27,25-34,United States,Lauraburgh,"fashion, lifestyle",False
9819e,Male,33,25-34,Mexico,East Cassandra,"travel, food, sports",False
17b35,Female,33,25-34,Germany,Port Richard,fitness,False
ae133,Female,20,18-24,United States,Thompsonfurt,"news, health",False
db0cc,Female,18,18-24,Canada,North Donald,"sports, food",False
871bf,Female,18,18-24,Germany,Zhangville,"art, gaming",False
69cd4,Female,18,18-24,United States,New Zacharyville,"news, fashion, gaming",False
f892a,Female,23,18-24,India,New Vanessaport,food,False
17720,Female,22,18-24,India,Michaelburgh,"finance, travel",False
fe0cd,Male,43,35-44,United States,North Donna,"finance, technology",False
507b4,Female,37,35-44,Japan,East Vickistad,"finance, health, photography",False
9ee31,Female,31,25-34,United States,West Brittanyland,"health, lifestyle, finance",False
19d8f,Male,36,35-44,Canada,Johnmouth,"finance, art",False
f5bad,Male,26,25-34,Mexico,Masonchester,"finance, health, travel",False
abcda,Female,28,25-34,France,South William,"travel, news",False
34cf5,Female,39,35-44,India,Annestad,fashion,False
47e71,Female,30,25-34,United Kingdom,Ericmouth,"food, lifestyle",False
1dc5a,Male,26,25-34,Brazil,Amberberg,art,False
9c638,Female,23,18-24,India,South Matthew,photography,False
d99dc,Male,30,25-34,Brazil,South Paige,"lifestyle, finance",False
d34e5,Male,21,18-24,United States,Nicholastown,"lifestyle, gaming, fashion",False
6ecb2,Male,50,45-54,United Kingdom,Kristietown,health,False
15462,Female,24,18-24,India,Wrightport,"gaming, lifestyle, technology",False
8f3f2,Male,21,18-24,United States,Gutierrezview,"technology, sports",False
0a899,Male,21,18-24,France,North Timothy,"sports, lifestyle, fitness",False
20936,Male,28,25-34,Mexico,North Paul,travel,False
58e22,Male,18,18-24,United Kingdom,Mitchellborough,fitness,False
42a54,Male,35,35-44,Germany,Millerchester,"health, news, fitness",False
9324f,Female,19,18-24,United States,East Annefort,"art, gaming, finance",False
7f933,Male,23,18-24,United States,North Ronniehaven,"art, technology, gaming",False
cf5f8,Other,33,25-34,United States,Clarkview,technology,False
13b03,Male,26,25-34,India,Port Christophershire,"photography, fashion, finance",False
b90be,Male,33,25-34,United States,Debbieview,sports,False
b6d9b,Male,35,35-44,United States,West Samantha,"gaming, finance",False
564ae,Other,38,35-44,Germany,Lake David,travel,False
a20ad,Male,28,25-34,India,East Wendy,"finance, food",False
1460c,Male,16,16-17,United Kingdom,East Peterbury,"fashion, art",False
02600,Male,30,25-34,Brazil,East Jenniferborough,technology,False
15ad4,Male,26,25-34,United States,Rebeccabury,"fitness, art",False
a9a06,Male,29,25-34,France,Josephton,sports,False
3f936,Male,16,16-17,United Kingdom,South Teresaland,"technology, finance",False
fa7e7,Male,32,25-34,Brazil,Huffton,health,False
21369,Male,23,18-24,Australia,Brewermouth,"photography, technology",False
b365c,Male,27,25-34,United States,Port Mark,finance,False
35d75,Other,27,25-34,Brazil,Lake James,technology,False
5a7c0,Male,28,25-34,United Kingdom,New Douglasmouth,travel,False
d10d1,Male,24,18-24,India,North Walterfort,"art, food, photography",False
a066f,Male,28,25-34,Mexico,New Crystal,"technology, health",False
32387,Female,34,25-34,United States,East Patricia,finance,False
aa9f6,Male,37,35-44,Brazil,Port Joshuaborough,"sports, food, finance",False
223f2,Male,25,25-34,United Kingdom,Aprilchester,"food, gaming, fitness",False
1e969,Other,23,18-24,Australia,Lake Tiffany,"technology, fashion, gaming",False
fc009,Male,17,16-17,United States,South Kimport,fashion,False
d39b1,Male,18,18-24,United States,East Carlaton,"fitness, food",False
63030,Male,23,18-24,United States,West Brianna,fitness,False
435c6,Male,31,25-34,United States,Allentown,"health, technology, news",False
bb03f,Male,37,35-44,Germany,New Josephmouth,art,False
b99ee,Other,21,18-24,Japan,Vangville,"travel, finance, news",False
3c316,Male,16,16-17,United States,New Jamie,"travel, food, fitness",False
6ecdb,Male,34,25-34,Mexico,Nicolefort,"lifestyle, food, photography",False
40020,Male,22,18-24,United States,Briannahaven,food,False
98fdd,Other,19,18-24,Brazil,Fischerbury,"lifestyle, technology, gaming",False
e4623,Male,28,25-34,United States,West Eugenechester,"fashion, health",False
1e7c6,Female,18,18-24,France,Smithchester,"fashion, gaming, travel",False
f5131,Female,37,35-44,United Kingdom,North Cindy,technology,False
6399a,Female,33,25-34,Australia,Simpsonburgh,art,False
d5bca,Male,33,25-34,Mexico,West Nicholasmouth,"finance, fashion",False
b3f4b,Female,32,25-34,India,Wardtown,"technology, fashion",False
5d76a,Male,21,18-24,Canada,West Julie,"technology, food",False
5e215,Male,28,25-34,Canada,West Shelly,"travel, photography",False
3e09a,Male,26,25-34,Canada,West Matthew,"fitness, health",False
914be,Male,26,25-34,Germany,West Mario,"gaming, sports, technology",False
f5efe,Male,36,35-44,United States,Cuevasview,photography,False
47e60,Female,27,25-34,United States,Port Luisfurt,news,False
eb36a,Female,24,18-24,Germany,Frostburgh,lifestyle,False
dcfe2,Other,36,35-44,United States,East Royton,"fitness, food",False
bed1c,Female,16,16-17,Germany,Lawsonmouth,"technology, gaming, travel",False
99991,Female,38,35-44,Germany,West Justinshire,"technology, travel, fitness",False
b5145,Male,21,18-24,Canada,New Kennethmouth,fitness,False
32bd7,Female,31,25-34,Japan,West Lisabury,"travel, food, lifestyle",False
2d5a6,Male,45,45-54,Brazil,Lake Donna,travel,False
d7dd4,Female,30,25-34,United States,Port Darrellberg,"news, sports",False
0b424,Male,35,35-44,United States,Mistyport,"food, art",False
8667d,Female,28,25-34,France,West Peter,technology,False
7c198,Male,23,18-24,Mexico,Raymondville,photography,False
9ccda,Male,33,25-34,Mexico,Patrickmouth,"technology, sports, lifestyle",False
c7548,Male,19,18-24,Brazil,North Brett,fitness,False
e555a,Male,21,18-24,United States,Maryland,"gaming, fashion, lifestyle",False
3800d,Female,32,25-34,Brazil,New Kathy,food,False
824f1,Other,28,25-34,United States,Lake Thomasburgh,"health, sports, finance",False
4c893,Male,29,25-34,United States,Mikeburgh,"lifestyle, technology",False
2bddf,Other,25,25-34,United States,East April,"fitness, food",False
e67d8,Other,33,25-34,India,Angelabury,"photography, travel",False
7ef68,Male,25,25-34,United States,Stephanietown,art,False
32d1b,Female,36,35-44,United States,Lake Richard,food,False
dbae4,Other,25,25-34,Canada,Nguyenmouth,finance,False
2f7ca,Male,40,35-44,Germany,Markstad,fashion,False
79c08,Other,33,25-34,United States,Port Brandonton,"photography, sports, fitness",False
b1b5f,Female,26,25-34,United Kingdom,North Shawn,"gaming, food, finance",False
8698b,Female,19,18-24,United States,Juliehaven,"sports, photography, technology",False
a1301,Female,19,18-24,India,East Loristad,food,False
848ac,Male,28,25-34,United Kingdom,East Vincenttown,"art, lifestyle",False
9c35d,Male,31,25-34,Australia,Coxtown,"lifestyle, health, photography",False
18da0,Female,27,25-34,Australia,Lake Judithburgh,sports,False
08d85,Male,35,35-44,Japan,North Kathryn,finance,False
edd86,Male,38,35-44,United States,Dunlapfort,"lifestyle, health",False
d9471,Male,21,18-24,United States,Cheyennetown,"finance, lifestyle, gaming",False
54d74,Female,26,25-34,Germany,South Katherine,"gaming, fitness, food",False
fcf7f,Male,30,25-34,United Kingdom,New Josephside,"food, gaming, fitness",False
7e687,Male,33,25-34,United Kingdom,Jessicaside,finance,False
3fe58,Female,36,35-44,Germany,Lake Donaldberg,"food, finance",False
9a445,Female,25,25-34,United States,Dylanchester,"sports, travel, food",False
73012,Male,23,18-24,United Kingdom,New Gregoryberg,"art, news, photography",False
e76af,Female,22,18-24,United Kingdom,New Jorgeport,"gaming, fashion, fitness",False
8c66c,Male,34,25-34,United States,East Jeffreyside,art,False
e430d,Other,25,25-34,France,Singhchester,"travel, lifestyle",False
f827e,Male,35,35-44,Germany,West Lindsey,"technology, art, photography",False
27067,Male,25,25-34,United Kingdom,Cruzville,"travel, health",False
d6f1e,Male,42,35-44,Canada,New Nicoletown,lifestyle,False
4e648,Male,20,18-24,United Kingdom,South Henryside,"lifestyle, technology, fashion",False
f80ad,Male,21,18-24,United States,Youngton,art,False
c6c2a,Male,35,35-44,Japan,Port Devonhaven,"news, fitness",False
bcf26,Other,27,25-34,United States,Floresberg,"finance, fashion, lifestyle",False
d8957,Male,26,25-34,Mexico,Lake Kevinfort,"news, lifestyle",False
54806,Male,30,25-34,France,West Amanda,fitness,False
aa138,Male,27,25-34,United States,West Linda,"art, travel",False
a383f,Other,27,25-34,United States,Vincentton,"gaming, sports, news",False
35b3d,Male,27,25-34,Japan,South William,"food, lifestyle, sports",False
98440,Male,37,35-44,United Kingdom,East Brandon,"news, food, technology",False
3002d,Male,29,25-34,Japan,Port Johnview,"fitness, sports, finance",False
755e3,Female,24,18-24,Canada,Ryanhaven,"fitness, photography, fashion",False
d75a9,Male,42,35-44,India,Lake Joelberg,"sports, art, fitness",False
e85b6,Female,29,25-34,Japan,Port Gregorystad,"sports, lifestyle, news",False
e91e7,Male,26,25-34,United Kingdom,South Christopherstad,gaming,False
d66ad,Female,44,35-44,Australia,West Angelaport,news,False
967cf,Female,19,18-24,United Kingdom,Lake Kevinland,gaming,False
a8244,Male,24,18-24,United States,Parsonsville,"travel, photography, food",False
77eb1,Male,25,25-34,United States,Lake Nicole,"photography, fashion",False
b1779,Other,21,18-24,France,Leonardmouth,"sports, finance, fitness",False
67d76,Female,30,25-34,Canada,Paulmouth,lifestyle,False
952db,Male,21,18-24,United Kingdom,Lake Michaelshire,photography,False
b13db,Male,17,16-17,United States,Williamview,"art, photography, food",False
9b0a0,Male,27,25-34,United Kingdom,Madisonburgh,"travel, lifestyle",False
afa70,Male,24,18-24,United States,Rogersmouth,"lifestyle, sports, fitness",False
0b0e7,Female,26,25-34,India,Weststad,"sports, travel",False
3d1c2,Female,17,16-17,United Kingdom,North Gary,"health, fitness",False
5071b,Female,26,25-34,Brazil,Port Davidside,food,False
8d64e,Female,17,16-17,United States,Jacksonfurt,"gaming, fitness, sports",False
66fd8,Male,26,25-34,United States,West Victoria,travel,False
65728,Male,16,16-17,United Kingdom,Singhville,"photography, gaming, fitness",False
3220d,Female,22,18-24,United States,Port Tracy,"finance, art, technology",False
6b904,Female,33,25-34,India,West Shirley,"finance, lifestyle, travel",False
00336,Female,25,25-34,United States,West Michael,fashion,False
00faf,Male,20,18-24,United States,North Reginald,technology,False
06d52,Male,27,25-34,United States,Jonesmouth,"health, news",False
c7efd,Male,21,18-24,Brazil,South Nancy,lifestyle,False
cfb1e,Female,24,18-24,Japan,Jonesfurt,"food, technology, travel",False
baa78,Female,44,35-44,Brazil,South Kelsey,"sports, fashion",False
356f0,Female,18,18-24,Brazil,Petersontown,"food, lifestyle",False
a144a,Male,37,35-44,United Kingdom,Knightview,"lifestyle, fashion, technology",False
7953c,Female,16,16-17,India,East Alyssaview,gaming,False
1c97f,Male,27,25-34,United Kingdom,Brycemouth,food,False
77534,Male,25,25-34,United States,New Meganville,"lifestyle, photography",False
72027,Female,38,35-44,Canada,Clarkshire,"fashion, finance",False
4f0e4,Female,27,25-34,United Kingdom,New Nathanchester,"news, art",False
127fd,Male,25,25-34,United States,Donaldshire,fashion,False
4f14f,Male,17,16-17,Brazil,North Traci,"technology, health, lifestyle",False
5d2e5,Female,23,18-24,India,Davidfurt,lifestyle,False
1b4d4,Male,34,25-34,Australia,Ericaport,"technology, health, sports",False
7b961,Female,28,25-34,Canada,Stephaniefurt,"finance, fashion",False
eef7f,Male,22,18-24,United States,West Brittany,photography,False
679c2,Female,35,35-44,Canada,Cannonshire,"health, fashion",False
9f702,Male,37,35-44,Germany,North Tinafort,"news, technology",False
bc8b2,Other,37,35-44,United States,East Claytonfurt,"sports, lifestyle",False
84292,Male,21,18-24,United Kingdom,Andrewton,"food, gaming, fitness",False
c12f8,Female,26,25-34,Brazil,East Mark,sports,False
01863,Female,28,25-34,United Kingdom,Scottstad,news,False
2fbc1,Female,32,25-34,Canada,Mejiaburgh,"art, fashion, travel",False
56af1,Male,35,35-44,Australia,Penningtonville,"travel, sports",False
942a9,Male,23,18-24,United States,East Johnchester,technology,False
e450c,Male,33,25-34,United States,Jasonview,health,False
f2c5f,Female,25,25-34,United Kingdom,New Jennifer,"art, technology",False
fd00d,Other,28,25-34,Japan,Benjaminchester,"photography, finance",False
abf68,Female,34,25-34,Germany,Edwardstown,sports,False
097e4,Male,21,18-24,Australia,Maryshire,"fashion, fitness",False
2064e,Male,35,35-44,United States,East Patricia,fitness,False
cf119,Male,34,25-34,United States,Lake Josephport,"photography, news",False
ee144,Female,32,25-34,United States,Port Phillip,"photography, gaming",False
6574e,Other,32,25-34,India,Craneburgh,"fashion, news",False
65125,Male,20,18-24,United States,East Stephanie,"fitness, finance",False
ebd7b,Male,25,25-34,India,East Charles,"travel, health, sports",False
78fe2,Male,21,18-24,Mexico,Port Jonathanton,technology,False
1dc9b,Male,39,35-44,Mexico,Danielberg,art,True
9a915,Male,34,25-34,India,Wattsshire,photography,False
74d75,Male,18,18-24,United States,Derrickfurt,"art, fashion, travel",False
afd9a,Female,25,25-34,United Kingdom,Lake Laura,technology,False
b1192,Male,19,18-24,Australia,New Cynthia,"news, finance, lifestyle",False
80c54,Female,23,18-24,Australia,Maryburgh,news,False
2089f,Male,23,18-24,United States,Higginshaven,"travel, fitness, finance",False
97409,Female,16,16-17,Brazil,Port Matthew,"fitness, health, fashion",True
d56c2,Other,21,18-24,Brazil,Lake Edward,"fashion, art, gaming",False
2aa1d,Male,28,25-34,United Kingdom,Robertchester,"news, gaming, fashion",False
31aba,Male,27,25-34,United Kingdom,East Alexanderton,"gaming, art",False
25e0d,Male,23,18-24,United Kingdom,Hamiltonburgh,"finance, lifestyle, fashion",False
6f77c,Female,20,18-24,India,East Justinland,fitness,False
08198,Female,31,25-34,Canada,Moranland,photography,False
2458a,Male,29,25-34,India,Lake Derek,art,False
9db12,Female,22,18-24,United Kingdom,North Sarah,"sports, fashion, health",False
a05ee,Female,26,25-34,Germany,New Johnshire,food,False
a8a8d,Male,35,35-44,Canada,Lake Matthewfort,"gaming, finance",False
d0a40,Male,18,18-24,United Kingdom,Port Eric,"travel, art, photography",False
0a65c,Other,24,18-24,United States,Kathrynland,fashion,False
03024,Male,17,16-17,United States,Marytown,photography,False
403c5,Male,33,25-34,Brazil,Jamesberg,"food, art, news",False
61325,Female,34,25-34,United States,South Veronicastad,"travel, sports, art",False
8359f,Female,30,25-34,India,Huntshire,"fashion, fitness",False
461c4,Male,17,16-17,United States,Hernandezhaven,"lifestyle, food, gaming",False
a8807,Female,27,25-34,India,Simmonsside,"lifestyle, fitness",False
eb96f,Female,26,25-34,United States,Joymouth,"food, health",False
2ee0f,Female,26,25-34,United States,Port Melissa,art,False
23c4c,Female,26,25-34,India,Port Jonathanton,"gaming, fashion, sports",False
8b84c,Female,39,35-44,United Kingdom,Lake Michellehaven,fitness,False
4062f,Male,23,18-24,United States,Lake Peter,"travel, gaming, art",False
d9482,Male,35,35-44,United States,Longshire,"art, health, fashion",False
baa3b,Male,40,35-44,United States,Kramerchester,art,False
4bc54,Other,35,35-44,France,West Jay,"food, technology",False
860a3,Male,31,25-34,France,Morrisshire,"art, finance, sports",False
4ee56,Male,34,25-34,United States,North Heather,"photography, fitness, finance",False
00f39,Female,29,25-34,United States,North Leeview,"travel, sports, fitness",False
ce838,Male,24,18-24,Brazil,Johnfurt,technology,False
59a6d,Male,33,25-34,Germany,Estradaport,"news, photography, technology",False
cddd9,Female,20,18-24,United States,Deborahfort,"lifestyle, news, art",False
59367,Male,22,18-24,United States,Haynesborough,"food, technology",False
9d3f6,Male,30,25-34,Japan,Taylorview,photography,False
7fac5,Male,17,16-17,India,Nielsenville,"travel, photography, art",False
ca58d,Female,22,18-24,India,Robertstown,"technology, gaming",False
6527c,Female,27,25-34,Canada,New Jamie,"gaming, travel",False
d1c33,Male,30,25-34,Australia,East Kimtown,health,False
cb4e1,Female,21,18-24,United States,West Paulaberg,"fitness, news",False
72f9c,Male,20,18-24,United Kingdom,Smithbury,photography,False
e93f9,Male,22,18-24,United Kingdom,Rangelstad,"art, food, sports",False
c9022,Male,24,18-24,Canada,South Kristinport,food,False
06706,Male,30,25-34,United States,Michaelfurt,"fitness, art",False
83c4e,Female,25,25-34,United Kingdom,South Russellfurt,photography,False
98708,Male,24,18-24,Germany,North Jennifer,finance,False
8799b,Male,34,25-34,United States,Elizabethville,"sports, lifestyle",False
f8d9d,Male,27,25-34,United States,Joshuaside,lifestyle,False
07a65,Male,17,16-17,United Kingdom,New Rebecca,"finance, health",False
0f119,Female,38,35-44,France,Harperfurt,"fitness, food",False
c29b9,Female,39,35-44,United Kingdom,Brittneyshire,art,False
95778,Female,28,25-34,Germany,Lake Gavin,"art, lifestyle",False
1fd39,Male,16,16-17,India,Cortezville,travel,False
46cc3,Male,28,25-34,India,Watsonside,"health, photography, food",False
388de,Female,22,18-24,Mexico,South Annastad,"sports, photography, health",False
f5fa5,Female,20,18-24,Canada,Bankschester,fashion,False
b8f4a,Female,51,45-54,United Kingdom,Reynoldsport,"fitness, fashion",False
94be6,Male,40,35-44,India,Mcclurebury,news,False
06b58,Male,45,45-54,United States,Port Yolandaport,"travel, food",False
b60f8,Female,28,25-34,United States,Amandaview,"health, fitness, news",False
0e59b,Other,33,25-34,Canada,Melissaport,fitness,False
44964,Male,17,16-17,United States,East Michael,"news, fashion",False
b8b5a,Male,65,55-65,Canada,Ramirezborough,"gaming, travel",False
30b7d,Other,50,45-54,United Kingdom,North Felicia,"art, fitness, fashion",False
0058e,Male,32,25-34,United States,Fowlerbury,"technology, art, finance",False
dc8f8,Female,28,25-34,India,Lake Karen,"lifestyle, fashion",False
b292f,Male,34,25-34,United States,Stevenport,"travel, gaming, lifestyle",False
b042a,Male,18,18-24,Australia,Timothyview,"technology, art",False
17ce1,Male,26,25-34,United States,Jeremyton,"food, gaming, fitness",False
7ed06,Male,30,25-34,United States,Tylerberg,finance,False
dc209,Female,49,45-54,Canada,Port Duanestad,technology,False
4edbf,Male,31,25-34,United States,Millston,"news, fashion, sports",False
57f76,Male,31,25-34,United Kingdom,Kendraberg,sports,False
78099,Female,17,16-17,Australia,Gomezhaven,"fashion, lifestyle",False
09bdf,Male,29,25-34,Canada,Belltown,"health, travel, finance",False
1b53a,Male,23,18-24,France,Lake Charles,"fashion, finance, food",False
dbf4a,Male,22,18-24,United States,Robertville,fashion,False
91b2f,Male,36,35-44,Canada,Cookchester,"sports, health",False
e791b,Male,23,18-24,Germany,North Christophertown,"technology, gaming, health",False
f1fba,Male,20,18-24,India,North Elizabeth,finance,False
6b1d3,Male,30,25-34,United Kingdom,Christopherstad,"gaming, finance",False
5c221,Male,30,25-34,United States,Millerhaven,"fashion, fitness, photography",False
d02e9,Male,32,25-34,Brazil,Lake Paula,photography,False
4216a,Female,40,35-44,Canada,Stricklandberg,"technology, fitness",False
b49ef,Male,32,25-34,United Kingdom,New Amy,"art, food",False
50d58,Male,21,18-24,Brazil,Robertsontown,"food, fitness, photography",False
d15a1,Male,52,45-54,United States,Carolfurt,"photography, food",False
d44e3,Male,19,18-24,United States,West Williamside,"news, food",False
37feb,Male,55,55-65,United States,South Jasonland,gaming,False
78291,Other,44,35-44,Germany,North Kristin,"photography, news, travel",False
1d608,Male,32,25-34,India,Port Johnshire,"technology, photography",False
fa7d0,Male,27,25-34,Germany,West Duanechester,"lifestyle, photography, fitness",False
e45d1,Other,44,35-44,Mexico,Wrightland,"lifestyle, finance",False
59f1a,Male,39,35-44,United States,Port Anthonyview,photography,False
c3628,Male,16,16-17,United States,Fieldsburgh,"health, lifestyle, photography",False
1e656,Female,36,35-44,Germany,Rachelchester,photography,False
e82c1,Male,37,35-44,United States,Joneshaven,art,False
eddce,Female,18,18-24,India,Johnsonside,"art, food",False
84d52,Female,37,35-44,United States,Clarkehaven,"lifestyle, photography",False
c83a4,Male,33,25-34,India,East Kimberlyborough,"finance, news",False
a5620,Male,32,25-34,France,Watsonhaven,lifestyle,False
d3900,Female,16,16-17,Germany,Juarezmouth,"fitness, gaming, lifestyle",False
ce4df,Male,32,25-34,Brazil,West Denisemouth,"food, news, health",False
455ff,Female,17,16-17,Canada,Priscillafurt,photography,False
bc49a,Male,26,25-34,Australia,Smithville,photography,False
5a2cd,Male,31,25-34,United States,New Scottberg,"health, photography, fitness",True
5ed5c,Female,21,18-24,United States,Harrisontown,"photography, gaming, health",False
8f307,Female,19,18-24,United Kingdom,North Gabriela,"technology, sports, food",False
c70ce,Female,18,18-24,United States,North Danielle,"art, photography, technology",False
8ecd8,Female,28,25-34,Canada,Port Melissa,"lifestyle, gaming",False
5851e,Male,17,16-17,Canada,Williamschester,"gaming, fashion",False
f7e81,Female,17,16-17,Canada,Russelltown,"health, travel, technology",False
5d87b,Male,26,25-34,United States,Jacksonfort,health,False
9abfe,Male,25,25-34,Australia,Blackfort,"gaming, fitness",False
e8a98,Male,28,25-34,United Kingdom,Lake Anthonyburgh,fitness,False
d2023,Male,19,18-24,Japan,East Donaldborough,"health, food",False
c3601,Female,20,18-24,Japan,Rodriguezmouth,"food, fitness, fashion",False
8a9f6,Other,34,25-34,United States,North Frederickfurt,photography,False
78b90,Male,21,18-24,Canada,Lindachester,"news, health, fitness",False
53153,Male,26,25-34,India,West Victoriafurt,photography,False
d2dc1,Male,26,25-34,France,West Edwardborough,technology,False
8c308,Male,31,25-34,Canada,Stoutton,health,False
7f695,Female,16,16-17,India,Taylorshire,"lifestyle, gaming",False
2929d,Male,17,16-17,Germany,Jonesshire,"food, art",False
456a9,Male,26,25-34,United States,Guerraborough,"health, photography, sports",False
470ee,Female,18,18-24,India,Davisfort,news,False
78c1c,Male,33,25-34,Brazil,Patriciafort,news,False
b980c,Female,38,35-44,United Kingdom,Lake Amandatown,"news, photography",False
68f32,Female,26,25-34,United States,New Michael,"fitness, health",False
8038c,Male,25,25-34,Brazil,Mendozaland,"lifestyle, technology, finance",False
7fca8,Female,28,25-34,Japan,East Kennethstad,"news, health, finance",False
f3716,Male,26,25-34,India,Saraside,"fitness, fashion",False
94582,Female,16,16-17,Brazil,Morrismouth,lifestyle,False
b7787,Male,22,18-24,Brazil,East Robert,"photography, lifestyle, fitness",False
4e99d,Male,33,25-34,United States,Jesseshire,"travel, gaming",False
2f1d2,Male,24,18-24,Canada,West Kelly,health,False
88eb4,Male,29,25-34,Brazil,Shawnachester,"art, technology, travel",False
980a9,Female,22,18-24,Germany,West Mary,"travel, technology, art",False
7391a,Female,32,25-34,Germany,West Jennifer,"technology, fitness",False
1c63b,Male,38,35-44,United Kingdom,Fordberg,"art, travel",False
dec30,Female,20,18-24,United Kingdom,Stanleymouth,"news, fashion, gaming",False
1be17,Male,34,25-34,United Kingdom,Wagnerview,"fitness, art, photography",False
28cf0,Male,28,25-34,Germany,South Angela,"travel, sports",False
ef5aa,Male,33,25-34,Canada,Lake Vincentchester,lifestyle,False
3f571,Male,16,16-17,United States,West Jenniferstad,"gaming, fitness",False
361c9,Female,37,35-44,Germany,South Brian,"technology, travel, gaming",False
1fcd9,Male,27,25-34,India,South Troy,news,False
94a98,Male,24,18-24,United Kingdom,Griffinshire,fashion,False
2f8d3,Male,18,18-24,India,South Heatherbury,"news, technology, lifestyle",False
999f6,Male,36,35-44,Germany,Walkerview,"travel, technology",False
d3659,Female,22,18-24,United Kingdom,Michaelborough,"finance, health, sports",False
c65e1,Male,34,25-34,Germany,East Williamburgh,"news, fitness, travel",False
d4a2b,Male,20,18-24,United States,Ianberg,"photography, fashion, travel",False
047ae,Female,26,25-34,Mexico,Berrymouth,art,False
01e33,Other,28,25-34,United States,North Jennifer,"health, gaming, fashion",False
c0f4b,Female,54,45-54,United States,New Ryanstad,"photography, gaming, fitness",False
d99d2,Other,24,18-24,United States,East Amandahaven,lifestyle,False
6041f,Female,37,35-44,United States,East Hollyberg,lifestyle,False
4274d,Female,36,35-44,Japan,Sharpbury,"sports, travel, lifestyle",False
b8109,Male,22,18-24,Canada,West Crystal,sports,False
04e54,Male,23,18-24,United States,Theodorefort,food,False
533bf,Male,47,45-54,India,East Lisachester,"news, health",False
1285b,Female,18,18-24,United States,Bryanside,"food, sports, photography",False
e27e0,Male,29,25-34,United States,Nguyenstad,"food, fashion, gaming",False
0d607,Male,31,25-34,United Kingdom,Murraybury,sports,False
63bcb,Female,21,18-24,United States,Coffeyport,"travel, gaming, fashion",False
9f6a2,Other,26,25-34,United States,South Stephanieburgh,health,False
4b0bd,Male,20,18-24,India,New Carol,"health, sports",False
dcdf6,Male,30,25-34,India,Herreramouth,"gaming, sports, technology",False
9d59a,Male,16,16-17,Mexico,Holtshire,travel,False
b8080,Female,29,25-34,United Kingdom,Courtneymouth,fitness,False
23ffc,Female,43,35-44,Canada,Danielburgh,"lifestyle, fashion, food",False
97127,Female,31,25-34,United States,Sarahtown,"fitness, fashion, food",False
f2e9b,Female,24,18-24,United Kingdom,Collinsstad,"fashion, fitness, lifestyle",False
02aea,Female,21,18-24,Mexico,Samuelbury,"health, art, photography",False
30a4c,Male,42,35-44,Canada,Port Jamie,"finance, fashion",False
01549,Female,42,35-44,Australia,Gonzalezberg,"travel, art",False
36cc1,Male,22,18-24,Japan,West Heatherton,"fashion, health, finance",False
0dfd8,Male,29,25-34,India,Gilbertchester,"gaming, health, travel",False
e030c,Male,25,25-34,United States,Henrymouth,"finance, technology",False
5f1c5,Male,19,18-24,India,Hernandezport,"travel, finance",False
7cb9a,Male,21,18-24,Brazil,Aguilarton,"food, technology, fitness",False
f0f7e,Male,25,25-34,India,Anaberg,"photography, news, gaming",False
ac5f9,Female,16,16-17,United States,Claytonport,sports,False
a49ba,Male,32,25-34,Germany,East Deborahmouth,"finance, health",False
187b4,Male,34,25-34,India,East Briantown,health,False
ea2c9,Male,25,25-34,United Kingdom,East Stacyton,"health, technology, travel",False
47a59,Male,22,18-24,Mexico,East John,"lifestyle, travel, news",False
418db,Female,30,25-34,United States,Huntville,"fashion, lifestyle",False
affb5,Female,32,25-34,Canada,Greenton,technology,False
95865,Female,24,18-24,Canada,East Brenda,"news, fitness",False
d1ce9,Female,27,25-34,United States,Timothybury,"travel, photography",False
8699b,Female,17,16-17,Germany,Smithshire,"lifestyle, art, technology",False
e1399,Female,31,25-34,United States,Wardhaven,finance,False
70cc7,Female,16,16-17,Brazil,Bruceview,"gaming, photography, lifestyle",False
571d1,Male,34,25-34,Canada,Nelsonmouth,fashion,False
2945a,Male,30,25-34,Germany,New Matthew,technology,False
4a15b,Male,35,35-44,United Kingdom,Johnsonburgh,fitness,False
cc6c7,Male,62,55-65,Brazil,New Alyssa,"food, fitness",False
0f501,Male,19,18-24,India,Obrienbury,art,False
517df,Male,31,25-34,United States,East Nathaniel,art,False
97551,Male,21,18-24,United Kingdom,East Timothymouth,"health, food",False
46a35,Other,28,25-34,United States,South Diana,"health, food",False
e653b,Male,29,25-34,United Kingdom,New Kirsten,"gaming, photography",False
853ef,Male,33,25-34,India,Port Chadview,"art, gaming",False
a018c,Male,28,25-34,India,Charleschester,sports,False
13e2b,Other,40,35-44,United States,Jasonmouth,"art, technology, photography",False
7227e,Male,32,25-34,Brazil,West Laurieton,"finance, fashion, sports",False
306f2,Female,50,45-54,Mexico,South Davidside,"news, travel",False
7ab69,Female,22,18-24,Brazil,Walkermouth,"photography, fashion, fitness",False
76654,Other,25,25-34,United States,Port David,finance,False
979db,Female,21,18-24,Brazil,New Jennifer,sports,False
5e94f,Male,41,35-44,Australia,North Shane,"finance, photography, gaming",False
f7999,Other,25,25-34,United States,Port Manuelport,gaming,False
ae41e,Other,38,35-44,Germany,Lake Jessicaport,"travel, health",False
af85d,Female,38,35-44,Brazil,Parksburgh,"news, fashion, gaming",False
b816f,Female,24,18-24,United States,Lake Danielland,sports,False
5bdf4,Male,33,25-34,United States,Lake Melissa,photography,True
66179,Male,25,25-34,Germany,Port Markchester,"fashion, news",False
4a43d,Male,31,25-34,United Kingdom,Thomasfurt,food,False
e3e03,Other,21,18-24,Australia,West Bradland,"travel, lifestyle",False
f2c38,Female,36,35-44,Australia,Port Dawnbury,travel,False
57fa5,Male,33,25-34,United Kingdom,Port Jody,"art, travel",False
0f882,Female,27,25-34,United States,Lake Harrymouth,"fitness, food",False
a7b86,Male,28,25-34,United Kingdom,Camachoview,"sports, news",False
fb3f3,Female,55,55-65,Canada,Lake Jonathan,photography,False
1699a,Female,28,25-34,Mexico,Toddland,technology,False
f5aa7,Male,28,25-34,India,Theresaborough,travel,False
84231,Male,20,18-24,Germany,West Michaelborough,"travel, finance, gaming",False
b5856,Female,17,16-17,United States,Bradshire,fitness,False
c025d,Male,22,18-24,Australia,East Elizabethberg,"health, gaming, fashion",False
08e08,Male,31,25-34,United States,East Paulport,"lifestyle, technology",False
a112e,Male,21,18-24,Brazil,West Katherine,lifestyle,False
0b683,Male,17,16-17,United States,South Patriciaburgh,"gaming, travel",False
69135,Female,16,16-17,United States,Kennethton,gaming,False
07b9c,Other,32,25-34,Canada,Jocelynmouth,"health, travel",False
65ce7,Female,25,25-34,United States,East Mariahburgh,news,False
debed,Female,28,25-34,United States,South Jessicashire,"travel, news, finance",False
e4774,Male,29,25-34,United Kingdom,Garciamouth,"food, fashion",False
5b5ca,Female,20,18-24,Brazil,Robertsland,travel,False
3352a,Female,56,55-65,Germany,West Christineside,"photography, travel",False
27424,Other,16,16-17,Brazil,North Loriville,"food, finance, sports",False
9c8ef,Male,44,35-44,Canada,Lake Gloria,"news, fitness, food",False
7746c,Female,33,25-34,United States,Charlotteshire,"fashion, health, photography",False
02e0f,Male,31,25-34,France,East Sean,"technology, health",False
67ca9,Male,41,35-44,Japan,West Lindaburgh,"fitness, sports",False
b0b46,Male,21,18-24,Japan,Lindahaven,lifestyle,False
d9df8,Male,24,18-24,India,Lake Shane,"fitness, fashion",False
91902,Female,29,25-34,India,Kingside,"photography, health, fitness",False
1dfe5,Male,33,25-34,United States,Port Peter,health,False
377c0,Male,65,55-65,Brazil,New George,"art, news, technology",False
ce154,Female,35,35-44,Australia,South Nicoleberg,health,False
10b4b,Female,25,25-34,India,Penahaven,travel,False
c5d0f,Male,36,35-44,Australia,Patriciamouth,"health, food, gaming",False
e3114,Male,18,18-24,United States,New Susanfort,"photography, travel",False
63ccd,Male,25,25-34,United States,East Nicholasport,"gaming, fitness, technology",False
c900f,Male,18,18-24,India,Cochranton,"lifestyle, fitness, art",False
f5eeb,Female,25,25-34,United Kingdom,Michellestad,"lifestyle, food, art",True
def42,Female,29,25-34,Canada,Lake Randy,sports,False
8c6b6,Male,41,35-44,United Kingdom,Williamsberg,"finance, art, travel",False
da341,Male,38,35-44,United Kingdom,West Derek,"gaming, fashion",False
57a32,Male,21,18-24,United States,Cherylshire,"lifestyle, photography",False
9ea6a,Male,31,25-34,Brazil,Delgadofurt,"health, news",False
7347f,Female,26,25-34,United Kingdom,Wilsonfort,"fitness, photography",False
670d2,Male,63,55-65,United States,South Taylorchester,gaming,False
67c1a,Male,43,35-44,United States,Port Kristiehaven,"fitness, gaming, fashion",False
f3981,Male,26,25-34,India,Andersonton,photography,False
15ca0,Other,27,25-34,Japan,Allenfurt,technology,False
7581f,Female,19,18-24,Australia,Lynnside,photography,False
18a07,Female,18,18-24,Brazil,North Jerryborough,"sports, technology",False
4c53e,Other,25,25-34,United Kingdom,Morganshire,"photography, technology, gaming",False
0a4ef,Other,30,25-34,India,Lloydfurt,"sports, lifestyle, finance",False
02132,Male,21,18-24,Australia,New Mirandaside,"gaming, photography",False
643e8,Female,33,25-34,United States,South Brett,technology,False
7d2d4,Male,16,16-17,United Kingdom,Pearsonbury,art,False
0ab44,Male,30,25-34,France,South Amber,travel,False
6ad17,Female,33,25-34,United States,Michellebury,"news, gaming",False
700ea,Male,28,25-34,France,North Carolyn,"food, art, health",False
2d544,Male,28,25-34,India,New Ashley,"photography, finance, fashion",False
cde4b,Other,40,35-44,United States,Anthonymouth,sports,False
36fbc,Male,18,18-24,India,Danielleville,"art, travel",False
079b4,Male,26,25-34,Germany,Angelicaside,"photography, finance, lifestyle",False
9f3d1,Female,16,16-17,United States,Lake Annettetown,"health, finance",False
11f1d,Female,22,18-24,India,New Travisburgh,"news, fitness, food",False
d541d,Female,35,35-44,India,Bennettstad,"news, food",False
5748f,Male,20,18-24,India,Marymouth,sports,False
07c3e,Male,31,25-34,United Kingdom,Mariaburgh,"lifestyle, technology, news",False
f56ae,Female,24,18-24,United Kingdom,North Heather,news,False
59f38,Male,20,18-24,United States,Port Ianburgh,"lifestyle, photography, fitness",False
78df9,Female,33,25-34,India,East Amyburgh,"food, art",False
1dc71,Male,27,25-34,Brazil,Pratttown,"health, travel, finance",False
de6e6,Male,30,25-34,Canada,Port Michaelborough,"technology, sports, fashion",False
147a0,Male,26,25-34,United States,Thorntonland,"fitness, health",False
6a11f,Male,26,25-34,India,Phillipsborough,"technology, news",False
1b9b3,Male,27,25-34,United Kingdom,East Jeffreyview,technology,False
c1795,Male,34,25-34,United States,New Cindy,lifestyle,False
92aad,Male,19,18-24,United Kingdom,East Rickey,"fashion, gaming, news",False
fef5a,Female,23,18-24,Canada,Taylorstad,travel,False
433b9,Male,31,25-34,United States,Port Erikaberg,"sports, fitness, gaming",False
fc192,Male,18,18-24,Australia,Stevenmouth,"travel, finance",False
2cfcc,Female,26,25-34,Australia,Amandaside,"gaming, food, sports",False
6a4fe,Female,23,18-24,United States,Saraside,"art, lifestyle, fashion",False
817c9,Female,24,18-24,Canada,Port Sara,fashion,False
9c339,Other,23,18-24,Mexico,Moorebury,fitness,False
c21a3,Male,23,18-24,Germany,New Tammy,photography,False
50a85,Female,33,25-34,United States,East Sherry,"fashion, food, gaming",False
d21e4,Female,39,35-44,Australia,Thompsonmouth,"fitness, gaming, news",False
c0649,Female,37,35-44,Germany,North Jeffrey,"photography, travel, fitness",False
538b5,Male,17,16-17,Brazil,North Nancybury,"fashion, art, photography",False
99e32,Other,22,18-24,United Kingdom,Carlosburgh,"news, health",False
ed4d9,Other,29,25-34,India,North Kelly,"travel, food, news",False
a8ec5,Female,29,25-34,Japan,North Michael,"fitness, technology, art",False
21dbd,Male,29,25-34,Australia,New Rachelborough,"fashion, photography",False
7036e,Male,21,18-24,Japan,North Melissaton,"art, fashion, finance",False
fd5d0,Male,26,25-34,United States,New Jamesburgh,"sports, art",False
25efd,Male,17,16-17,Australia,New Michaelmouth,"news, finance",False
04073,Male,26,25-34,Germany,East Lindabury,"photography, lifestyle",False
bd399,Male,45,45-54,Germany,Davisville,"photography, news, sports",False
fbe22,Male,17,16-17,United Kingdom,Lake Christophermouth,fashion,False
fd382,Male,23,18-24,Australia,Lake Deborah,"photography, fashion, art",False
85a3e,Male,22,18-24,Canada,Deannaburgh,"fitness, photography, technology",False
13115,Female,53,45-54,Brazil,West Andrealand,"news, sports",False
d30d4,Male,20,18-24,United States,Port Deborahstad,"gaming, travel",False
e094e,Male,29,25-34,United Kingdom,Port Andrewside,"photography, lifestyle",False
4d1a0,Other,46,45-54,Germany,West Ashley,photography,False
fe5f4,Male,21,18-24,United Kingdom,Ericamouth,"food, finance, sports",False
8e5fc,Male,64,55-65,Germany,Lake Melanieburgh,"technology, art, food",False
819be,Female,21,18-24,United States,Harrisonshire,"travel, lifestyle",False
9ae34,Male,16,16-17,United States,Lake Michellebury,"fashion, lifestyle, finance",False
6c959,Female,22,18-24,United States,North Anna,food,False
b603d,Male,25,25-34,Canada,West David,news,False
d71f5,Other,21,18-24,Germany,East Cynthia,"lifestyle, sports, technology",False
c18f2,Male,20,18-24,India,West Garyfurt,"health, news, finance",False
550b9,Female,32,25-34,India,Thomasberg,"gaming, technology",False
ae0fc,Male,21,18-24,India,Kevinland,fitness,False
869f3,Male,28,25-34,Canada,Lake Michaelside,"lifestyle, finance, fashion",False
519d2,Male,38,35-44,Japan,West Cheryl,"food, travel, news",False
6bbf4,Male,25,25-34,United Kingdom,Lake Amandaville,"fitness, travel",False
8a5ad,Male,34,25-34,United States,Lake Cherylport,"technology, news, finance",False
26bfc,Female,24,18-24,France,Smithmouth,"health, fashion",False
3b194,Male,16,16-17,Canada,Davidside,technology,False
34328,Male,21,18-24,United States,South Marchaven,art,False
7c308,Female,39,35-44,Australia,Schmidtmouth,travel,False
0ecf6,Female,19,18-24,United States,Ronaldchester,"lifestyle, photography",False
38d07,Male,24,18-24,United Kingdom,Lake Rebeccachester,health,False
10619,Other,18,18-24,United Kingdom,Michellestad,food,False
ca816,Other,39,35-44,Brazil,Ryanville,"health, photography",False
a374b,Male,16,16-17,Canada,Douglasborough,finance,False
996b8,Male,30,25-34,United Kingdom,Lake John,"technology, lifestyle",False
16d6f,Male,22,18-24,United States,South Patrick,"lifestyle, food, health",False
fb778,Male,33,25-34,Mexico,Johnsonfort,"food, sports",False
fd407,Male,24,18-24,United States,Lake Jay,"travel, art, finance",False
41e2d,Male,30,25-34,Mexico,Nealchester,health,False
541e5,Male,25,25-34,India,North Andrea,lifestyle,False
6e880,Female,27,25-34,Brazil,West Courtneyland,"food, health, sports",False
4e0f0,Male,46,45-54,United States,South Jonathan,"travel, fitness, art",False
0ac7d,Male,17,16-17,Australia,South Rachel,"art, food, travel",False
4a9f8,Male,22,18-24,India,Christinahaven,"art, photography",False
db918,Male,16,16-17,Brazil,Tannershire,technology,False
e61d1,Female,42,35-44,United Kingdom,West Robertville,"photography, health, travel",False
4e1a4,Female,17,16-17,United States,Elizabethside,"news, sports, technology",False
b3f84,Male,24,18-24,United States,Jessicamouth,lifestyle,False
83779,Female,36,35-44,India,Aaronberg,"food, gaming",False
1c96d,Female,40,35-44,United Kingdom,Savannahville,"food, art",False
6a612,Male,37,35-44,United States,New Melissa,"food, fashion, news",False
1e788,Female,16,16-17,United States,Pamelamouth,"lifestyle, food",False
65e7a,Female,23,18-24,Canada,Port Melinda,news,False
8184a,Male,26,25-34,United States,Georgeburgh,"fashion, news",False
3f64e,Female,21,18-24,United States,New Carolynton,"fashion, fitness",False
00468,Female,19,18-24,United States,Mccormicktown,finance,False
48cf8,Male,16,16-17,India,Pattersonstad,"art, fitness, food",False
76b99,Female,35,35-44,Canada,Lake Carolfurt,lifestyle,False
fd3eb,Male,31,25-34,Brazil,Port Erictown,"fashion, news",False
53e8e,Male,20,18-24,United States,Hawkinstown,"travel, health",False
a36e7,Female,27,25-34,Brazil,Jessicaport,"travel, news",False
da857,Male,19,18-24,United States,Stewartfurt,"travel, photography",False
491ff,Male,19,18-24,Australia,Russellville,"food, art",False
f211b,Other,50,45-54,Germany,Luisville,"travel, fashion",False
43891,Other,20,18-24,Brazil,Jenniferchester,"fashion, health",False
b0d31,Male,39,35-44,Canada,Johnsonborough,travel,False
8b762,Male,16,16-17,United States,Jamieville,fashion,False
ddcb1,Male,39,35-44,India,West Thomas,"art, sports",False
2dc87,Male,27,25-34,United States,South Dorothy,finance,False
8f3a2,Female,45,45-54,United Kingdom,Briggsfort,"health, art, fashion",False
500a1,Female,26,25-34,United States,East Tiffanystad,"sports, gaming, health",False
7d3ee,Female,36,35-44,United States,New Danielbury,"health, news",False
d4ea6,Male,32,25-34,India,Markfurt,"gaming, travel",False
bd6e3,Female,22,18-24,United Kingdom,Carolynside,"health, food",False
57bb1,Male,18,18-24,United States,West Davidfort,"travel, lifestyle",False
fdc2b,Male,19,18-24,Canada,Morganfurt,lifestyle,False
77938,Male,26,25-34,United States,Wongfurt,"technology, photography, finance",False
4c40f,Male,25,25-34,Brazil,West Philip,"gaming, technology, health",False
28fd4,Male,30,25-34,Canada,Micheleview,fashion,False
236ac,Male,35,35-44,United States,Adkinsside,travel,False
0b6e8,Male,57,55-65,Canada,South Kevin,lifestyle,False
829d1,Female,30,25-34,Australia,South Steven,"technology, health, fitness",False
e12dc,Female,21,18-24,United States,New Allison,"finance, health, technology",False
44433,Female,24,18-24,United States,West Brandonhaven,"fashion, gaming",False
eaa07,Other,16,16-17,Japan,Hardyshire,technology,False
b9ff7,Male,35,35-44,United States,Henryburgh,"photography, technology, health",False
f79b6,Female,24,18-24,India,South Andrew,"sports, news",False
59b1a,Other,29,25-34,United Kingdom,Hillstad,"fitness, health, food",False
eb7ff,Male,27,25-34,United Kingdom,West Kevinshire,"gaming, fitness",False
fb2eb,Other,31,25-34,United Kingdom,Denisemouth,"sports, fashion, travel",False
6958f,Male,28,25-34,India,Lake Shawn,"news, photography, art",False
9bdaa,Female,27,25-34,United States,Juanburgh,food,False
e9057,Female,42,35-44,France,Port Teresaside,"art, travel",False
97404,Male,25,25-34,India,Davisbury,"lifestyle, photography, health",False
5a0ea,Male,22,18-24,Germany,Heathermouth,"health, gaming, fashion",False
eabd3,Female,19,18-24,United Kingdom,West Richard,"gaming, news",False
4ee12,Male,26,25-34,Japan,East Christianview,lifestyle,False
1079a,Other,29,25-34,India,Brownshire,"health, art, finance",False
27cac,Female,18,18-24,India,Robertmouth,"gaming, art, fitness",False
2a22a,Other,28,25-34,United Kingdom,Caseyton,"sports, technology, art",False
111b9,Female,25,25-34,Canada,Lake Terriburgh,fitness,False
4f345,Male,21,18-24,Japan,Devinstad,"food, travel, health",False
76008,Other,28,25-34,United States,North Jasonstad,"travel, art",False
927f2,Male,28,25-34,Germany,Daymouth,technology,False
918d2,Other,16,16-17,Canada,Lake John,"sports, photography, food",False
2a06d,Other,20,18-24,India,Rosetown,art,False
3da64,Female,21,18-24,United Kingdom,Hollowayfurt,"gaming, fitness",False
10ba1,Female,28,25-34,Germany,Aaronfort,"food, travel",False
c736a,Male,28,25-34,Mexico,South Dianetown,"lifestyle, travel, art",False
60b0c,Female,18,18-24,United States,Lawrencefurt,"finance, travel, art",False
ba1b2,Male,16,16-17,Germany,Megantown,"lifestyle, fitness",False
b6269,Male,23,18-24,Brazil,New Duane,food,False
b4cd0,Male,50,45-54,United States,Fisherburgh,"fashion, photography, art",False
61ca1,Male,33,25-34,Canada,North Ashley,"lifestyle, gaming",False
dc0cb,Male,29,25-34,United Kingdom,Johnsland,"fashion, sports, technology",False
33f93,Female,18,18-24,Germany,Millerstad,"finance, lifestyle, art",False
fb157,Female,33,25-34,Germany,Montgomeryhaven,news,False
3e7b0,Male,23,18-24,United States,West Taylor,"gaming, lifestyle, art",False
44a70,Male,29,25-34,India,North Brian,photography,False
efeb8,Male,41,35-44,Germany,Robertoburgh,travel,False
45757,Male,16,16-17,United States,Cervantesberg,technology,False
c587e,Male,38,35-44,United States,Catherinemouth,art,False
de4de,Male,32,25-34,Japan,Michaelshire,"finance, gaming",False
22cd8,Female,30,25-34,India,New Michaelborough,"lifestyle, fashion, photography",False
12050,Male,36,35-44,United States,West Jason,news,False
f887d,Female,17,16-17,Canada,North Jose,"gaming, fitness, food",False
f5639,Other,25,25-34,United States,Russellton,"lifestyle, technology",False
d07f7,Male,49,45-54,Australia,East Joanville,"fashion, news",False
37d80,Male,26,25-34,United Kingdom,New Emmaborough,health,False
43d8e,Female,16,16-17,United States,Elizabethborough,"technology, health",False
3ca3e,Female,20,18-24,United States,Arroyoshire,"travel, lifestyle, food",False
f8d87,Male,16,16-17,United States,North Brandy,photography,False
b66a0,Other,33,25-34,United States,Lake Eric,"technology, art",False
27189,Male,19,18-24,United Kingdom,Tuckerhaven,"photography, news",False
45ff0,Female,27,25-34,United Kingdom,Gavinview,"gaming, sports, finance",False
e1a88,Male,30,25-34,Mexico,East Jessicahaven,health,False
d6113,Other,27,25-34,Mexico,Taylorview,"health, travel, fashion",False
5bb58,Male,51,45-54,India,Dunlapland,"food, fitness, finance",False
977ed,Female,17,16-17,Australia,East Paulside,"photography, finance, lifestyle",False
8a19f,Male,23,18-24,United States,South Darrylville,"food, travel, lifestyle",False
90961,Male,22,18-24,India,Port Nathanielbury,"news, health",False
5f27a,Female,30,25-34,Germany,Christopherton,"art, fashion, lifestyle",False
5687a,Female,37,35-44,Mexico,Flemingborough,"food, technology",False
ead19,Male,21,18-24,United States,West Aaron,technology,False
1c331,Male,38,35-44,United States,South Nancy,"fitness, finance, news",False
d77cd,Female,19,18-24,United States,Gregoryhaven,"fashion, finance",False
3d0e1,Male,25,25-34,Canada,Annaland,"photography, sports",False
a9dd8,Female,22,18-24,United States,Diazbury,sports,False
7b833,Male,34,25-34,Germany,North Robert,"photography, fitness",False
a0a39,Male,23,18-24,United States,West Michelleport,"photography, food",False
682b4,Male,37,35-44,United States,Joseside,"finance, fitness, travel",False
7ad8b,Other,37,35-44,United States,Amymouth,lifestyle,False
9de9c,Female,18,18-24,Brazil,North Tina,lifestyle,False
4a9d1,Other,45,45-54,France,Kiddton,"finance, technology, fitness",False
45314,Male,19,18-24,United States,South John,sports,False
d031e,Female,31,25-34,Germany,New Matthew,"travel, lifestyle, technology",False
aa6e2,Female,20,18-24,United States,Robertsmouth,"food, photography, travel",False
95703,Male,25,25-34,India,New Davidville,photography,False
e620b,Male,38,35-44,India,New Jason,"news, finance",False
4d0f6,Male,49,45-54,United States,Larabury,"fitness, sports",False
47824,Male,22,18-24,India,Sherimouth,"health, food, travel",True
f2db6,Male,23,18-24,Germany,Sloanville,"finance, fashion",False
5de81,Male,27,25-34,Germany,Sanchezfort,finance,False
a3215,Male,25,25-34,United States,East Jennifer,gaming,False
637e8,Female,26,25-34,India,Abigailview,"sports, news, travel",False
d2c8e,Female,25,25-34,Mexico,Joseton,"news, health",False
6570f,Female,25,25-34,United States,Port Markmouth,technology,False
f2688,Female,16,16-17,United States,Mollyberg,news,False
3fc19,Male,39,35-44,United States,Andrewside,"fitness, travel",False
819c6,Female,25,25-34,Canada,New Joseph,"fashion, fitness",False
d5ed1,Male,16,16-17,Mexico,North Sherriberg,"art, finance",False
d4977,Male,32,25-34,United States,Jasonmouth,food,False
191aa,Male,33,25-34,United States,Brittneyton,"sports, photography, art",False
18056,Female,37,35-44,United Kingdom,North Teresa,"health, travel",False
dcd7b,Male,24,18-24,Brazil,Phamhaven,"lifestyle, fitness",False
6f4fe,Female,33,25-34,United Kingdom,Lake Whitney,"gaming, news, food",False
d8e2d,Female,27,25-34,Germany,Timothybury,"art, fitness",False
c1416,Male,20,18-24,France,South Katherinetown,art,False
bee00,Male,16,16-17,India,Lake Jamesport,"art, sports, news",False
ea0bc,Male,48,45-54,United States,Markburgh,"photography, finance, sports",False
85106,Male,27,25-34,United Kingdom,Stevensmouth,fitness,False
58532,Female,23,18-24,United States,Larrymouth,"fashion, gaming",False
b1065,Female,22,18-24,India,Lake Barbaraside,"news, travel",False
6874a,Female,18,18-24,United States,Port Paula,gaming,False
0287b,Female,26,25-34,United States,East Tamarafort,"gaming, lifestyle, health",False
d9d33,Female,34,25-34,United States,South Herbertton,fitness,False
3185f,Male,27,25-34,Mexico,New Lisa,"fitness, gaming, lifestyle",False
ba307,Male,26,25-34,Germany,New Charles,fashion,False
9dbaf,Other,42,35-44,Mexico,Stephenstown,sports,False
ada9c,Male,20,18-24,United Kingdom,East Rogerburgh,"fashion, health, finance",False
a5827,Male,24,18-24,Mexico,Andersonmouth,"news, finance, lifestyle",False
b70db,Male,26,25-34,United States,Lake Lindsaychester,lifestyle,False
2ca2d,Female,17,16-17,United States,South Lisaview,art,False
3a093,Male,24,18-24,Germany,Port Gloria,"finance, fashion, gaming",False
bc6cb,Male,30,25-34,United Kingdom,West Derek,"art, photography, technology",False
74c77,Male,27,25-34,Canada,Ashleyview,"fashion, art, travel",False
e5a62,Female,33,25-34,Canada,Longview,"finance, sports, health",False
f0a0d,Female,16,16-17,United Kingdom,Langfurt,"travel, art, lifestyle",False
61885,Male,25,25-34,Germany,Nicoleview,"photography, fitness",False
6aeff,Male,32,25-34,Brazil,New Todd,"travel, photography, sports",False
dda89,Male,25,25-34,United Kingdom,Port Heatherbury,"news, travel, art",False
80acf,Male,35,35-44,United States,West Ryan,photography,False
1f3ab,Female,26,25-34,Mexico,East Madison,food,False
e67ef,Female,20,18-24,India,East Taratown,"food, travel, news",False
02460,Male,24,18-24,Brazil,Monicaville,"photography, fitness",False
a1b50,Male,32,25-34,United States,South Davidburgh,"photography, fitness, news",False
29d1d,Male,20,18-24,Japan,Nunezport,fitness,False
dcfa1,Female,29,25-34,Canada,Raybury,finance,False
d02a2,Other,37,35-44,United Kingdom,Antonioville,gaming,False
9d1f6,Female,16,16-17,Australia,Lake Rachelburgh,"gaming, art, food",False
2df47,Female,24,18-24,United Kingdom,New Joefurt,finance,False
876e4,Male,20,18-24,United States,Harrisfort,"fashion, lifestyle",False
32172,Female,25,25-34,United States,South Robertmouth,lifestyle,False
2e275,Female,43,35-44,Australia,New Jessica,news,False
bd265,Male,28,25-34,India,New Jeffreystad,"travel, food",False
b9d7f,Male,32,25-34,United Kingdom,Kellyfurt,"fitness, sports, health",False
0225b,Male,30,25-34,United Kingdom,Warrenstad,"lifestyle, photography",False
c8c74,Male,20,18-24,United States,Lake Kathryn,"gaming, health",False
8437c,Female,24,18-24,Brazil,Darrellhaven,news,False
45394,Female,27,25-34,United Kingdom,West Jasonland,"lifestyle, technology",False
8c73b,Female,26,25-34,United Kingdom,Scotttown,"technology, fitness",False
26e88,Male,21,18-24,Mexico,South Wendyport,"fitness, art",False
14da9,Male,20,18-24,India,Mollymouth,"photography, news, gaming",False
dc19a,Female,25,25-34,Canada,Scottport,"photography, travel",False
87e57,Male,24,18-24,India,West Michellemouth,health,False
90a88,Male,30,25-34,United States,Shannonfort,photography,False
3caf2,Female,16,16-17,United States,Alanland,fashion,False
ea9ed,Female,31,25-34,United States,Markview,finance,False
a0ce8,Male,16,16-17,United States,Odonnellborough,"news, sports, technology",False
51155,Other,28,25-34,Canada,South Jonathanport,"travel, fashion",False
29ae1,Male,25,25-34,United States,North Ryan,"fitness, fashion, finance",False
b1125,Female,28,25-34,Germany,Georgebury,sports,False
41842,Male,32,25-34,United States,Kylieborough,"art, travel",False
9e796,Female,53,45-54,India,East Jenniferstad,lifestyle,False
febd6,Female,32,25-34,United Kingdom,Lake Mason,"photography, health",False
01eff,Male,24,18-24,United States,New Christopher,"lifestyle, fitness, photography",False
4cb4d,Male,21,18-24,Australia,East Nathanville,"lifestyle, fitness",False
a8062,Female,21,18-24,India,Lake Jacqueline,"sports, travel",False
8e9b7,Male,16,16-17,United Kingdom,Scottshire,"gaming, finance",False
aae04,Male,19,18-24,Germany,Schneiderchester,finance,False
bb9ca,Other,26,25-34,United States,Smithburgh,"sports, news, finance",False
7f9c6,Male,35,35-44,United States,Whitestad,"travel, art",False
d1de6,Female,37,35-44,India,Kellyhaven,"news, fashion",False
3fda1,Male,22,18-24,United States,Simpsonberg,"technology, lifestyle, fitness",False
75676,Female,47,45-54,Australia,Danielland,"finance, gaming",False
5abb2,Female,33,25-34,United Kingdom,Thomasville,fashion,False
e74f3,Male,19,18-24,United States,Mitchellstad,technology,False
b82cf,Male,18,18-24,Mexico,Derrickfort,"finance, gaming",False
f3c61,Male,21,18-24,United Kingdom,West Brandiland,"art, sports, technology",False
10dbc,Other,48,45-54,Australia,Carlbury,"lifestyle, photography",False
e0abc,Male,33,25-34,United States,Port Amy,"gaming, technology",False
5a583,Male,21,18-24,Canada,South Carlahaven,"sports, news, food",False
03dcf,Male,19,18-24,Canada,Debratown,"finance, gaming",False
dfbd1,Male,19,18-24,Canada,Anthonyborough,"news, fashion",False
c0031,Female,22,18-24,Germany,East Catherine,sports,False
bdb58,Male,24,18-24,Canada,Vanessaland,"health, technology, travel",False
c7bcc,Female,16,16-17,Australia,Steinfurt,"travel, fitness",False
78f9b,Male,28,25-34,Canada,Port Katiehaven,art,False
80df8,Other,18,18-24,United States,Port Johnmouth,"finance, fashion, health",False
d143c,Male,16,16-17,France,Marialand,health,False
2aeaf,Male,29,25-34,Brazil,Thomasfort,"travel, technology",False
3517e,Female,32,25-34,Australia,Rodriguezbury,"news, food",False
bedcd,Female,20,18-24,United States,West Robertmouth,"fitness, gaming",False
e0e28,Male,49,45-54,Canada,Jacksonland,"lifestyle, art, finance",False
e7a8d,Male,26,25-34,Germany,North Kevin,"health, news, technology",False
7ff5c,Male,34,25-34,United Kingdom,New Cindy,sports,False
59b9a,Male,24,18-24,Australia,West Robert,"travel, fitness",False
34066,Male,33,25-34,Australia,Lake Carrie,photography,False
5362b,Male,27,25-34,United States,Stephanieside,fashion,False
018cf,Other,29,25-34,Brazil,Kristinfort,"gaming, technology, health",False
1bd3c,Female,19,18-24,Canada,Cruzburgh,"fitness, sports",False
136e9,Male,21,18-24,Canada,New Stacy,fashion,False
23750,Female,21,18-24,United States,Johnsonberg,"technology, news",False
2e18e,Female,25,25-34,Australia,West Kurtmouth,"photography, news",False
98184,Male,43,35-44,United States,North Ryanview,"news, food",False
20d74,Other,32,25-34,Mexico,North Jeremy,fashion,False
32497,Other,20,18-24,Germany,Port Christine,"food, news, technology",False
9021a,Male,16,16-17,United Kingdom,Evanchester,"gaming, art",False
054f7,Female,45,45-54,United Kingdom,Deniseport,"travel, art",False
10ea8,Male,27,25-34,United States,West Mariafurt,food,False
f1b06,Female,27,25-34,India,South Sarah,sports,False
c51ae,Male,16,16-17,United States,North Isaiahton,news,False
8a391,Male,40,35-44,Germany,Adamland,gaming,False
0fe62,Male,24,18-24,Germany,North Brandonside,"fitness, finance",False
4f8cc,Female,25,25-34,Brazil,Matthewtown,"finance, news, fashion",False
31f9d,Male,16,16-17,United States,East Brian,"travel, fashion, finance",False
99bb8,Male,16,16-17,United States,Wadeton,"travel, photography, technology",False
0b4dc,Female,23,18-24,United Kingdom,Ericport,"fitness, health, food",False
975e3,Male,50,45-54,India,Bradleyfurt,health,False
4126f,Female,26,25-34,Brazil,South Emily,"lifestyle, photography",False
c6e95,Female,35,35-44,United States,New Laura,photography,False
d40a4,Male,27,25-34,United States,New Traceymouth,"finance, travel",False
19c63,Male,46,45-54,United States,South Colleenberg,"news, travel, gaming",False
cce25,Male,36,35-44,United States,New Lisa,"technology, sports",False
ae061,Female,30,25-34,United States,North Gail,"finance, news, fashion",False
32852,Other,50,45-54,United States,South Elizabethmouth,gaming,False
9cb67,Female,23,18-24,Canada,Kaylastad,"photography, finance, art",False
8424d,Male,42,35-44,United Kingdom,South Taraside,"food, travel",False
9bef6,Other,35,35-44,Canada,Jamesfurt,finance,False
7d657,Male,17,16-17,Brazil,Ritterton,sports,False
f16f9,Other,19,18-24,France,South Christopherside,"gaming, food",False
c0d9e,Male,25,25-34,United Kingdom,Toddchester,"health, finance, news",False
5a909,Male,23,18-24,United Kingdom,Martinview,technology,False
352c8,Male,44,35-44,Canada,West Jeremyport,"health, technology, lifestyle",False
1a3f2,Male,28,25-34,Canada,Taylorview,art,False
19fd5,Other,24,18-24,Canada,Port Nancyfort,technology,False
55b1a,Male,22,18-24,United States,North Leonardmouth,"news, gaming",False
511cb,Female,42,35-44,United Kingdom,Billyburgh,"travel, fashion, technology",False
bd0f5,Female,27,25-34,United Kingdom,South William,sports,False
6ae65,Male,35,35-44,United Kingdom,New Kimberly,sports,False
b2aac,Male,26,25-34,United States,Jaredside,"lifestyle, photography",False
77aa7,Male,31,25-34,United States,East Christinaton,"travel, technology, finance",False
511fc,Female,32,25-34,Canada,Emilyton,technology,False
9f51d,Male,17,16-17,Germany,Hooverport,"food, fitness, sports",False
4cc2e,Male,35,35-44,Germany,Richardsonchester,"technology, health",False
760df,Male,43,35-44,United Kingdom,Ryanchester,news,False
1ac28,Male,31,25-34,India,East Kathrynshire,"fashion, art",False
21ea1,Female,19,18-24,United States,South Nicholasfurt,gaming,False
e201d,Male,21,18-24,India,North David,"lifestyle, sports, gaming",False
ebfd4,Male,50,45-54,United Kingdom,West Emilyberg,"fashion, art, sports",False
23cbf,Female,19,18-24,India,Wilsonhaven,"travel, fashion, food",False
ed259,Male,27,25-34,United States,East Angela,fashion,False
2ecac,Male,23,18-24,France,Lake Kyleton,"finance, gaming, news",False
dcba0,Male,18,18-24,Japan,Mcgeeland,"art, sports",False
11746,Female,16,16-17,United Kingdom,Lake Aimee,"food, technology",False
5ce1a,Female,33,25-34,India,Lake Stephaniefort,"health, lifestyle, gaming",False
5eeb3,Female,29,25-34,Brazil,North Philip,food,False
a9b86,Male,18,18-24,Germany,Whitemouth,"technology, lifestyle",False
b213d,Male,27,25-34,Japan,East Autumnhaven,"food, sports, art",False
91b5c,Male,43,35-44,Canada,Kimberlyport,photography,False
25aff,Male,42,35-44,United States,Wheelerstad,"art, technology, fashion",False
a4d76,Male,32,25-34,United States,West Nicholas,lifestyle,False
dee8f,Male,28,25-34,United States,Lake Staceyville,"art, lifestyle, finance",False
b6e08,Male,27,25-34,United Kingdom,Michelleton,"art, fitness, photography",False
89b60,Female,18,18-24,Canada,Bradshawbury,"sports, health",False
12348,Female,29,25-34,India,Goodmanborough,fashion,False
c190f,Female,22,18-24,Canada,New Henry,photography,False
7dc42,Female,31,25-34,Mexico,North Johntown,"finance, gaming, sports",False
077f4,Male,28,25-34,India,East Linda,"photography, food, gaming",False
fca97,Male,17,16-17,Australia,Shawntown,fitness,False
96cc3,Female,22,18-24,Japan,Nancyville,fitness,False
e1127,Other,23,18-24,Canada,Lake Matthewville,"art, news",False
34048,Female,16,16-17,India,Davisstad,"gaming, food",False
cd863,Female,37,35-44,Canada,Stacychester,"health, travel, fitness",False
05441,Male,40,35-44,Canada,West Amy,"health, sports",False
ec3cb,Male,42,35-44,Mexico,Port Elizabeth,"gaming, finance",False
4c624,Female,41,35-44,Japan,South Stevenbury,"sports, photography, travel",False
77ae8,Male,65,55-65,United Kingdom,North Melissa,gaming,False
94660,Male,26,25-34,United States,West Kristintown,fashion,False
98bcc,Other,20,18-24,United States,Ryanborough,travel,False
60693,Male,16,16-17,India,Turnerfort,"travel, art, food",False
583bb,Other,28,25-34,United States,North Veronica,"fitness, photography",False
c93db,Female,17,16-17,Brazil,Brandonstad,"technology, news",False
e33b1,Male,19,18-24,United States,Stephensmouth,"fashion, lifestyle, art",False
77573,Female,23,18-24,United States,Ariasside,"fitness, fashion",False
58440,Male,18,18-24,Australia,New Dominiquechester,"lifestyle, health",False
6c958,Female,18,18-24,United States,Staffordburgh,photography,False
2af0c,Male,19,18-24,France,Serranostad,gaming,True
a77d3,Male,39,35-44,India,South Peterside,"news, food",False
79eee,Female,35,35-44,Japan,Daviston,"technology, news",False
f5b42,Female,34,25-34,Germany,New Paulmouth,technology,False
25d87,Female,21,18-24,United States,South Amanda,travel,False
191cb,Female,30,25-34,United States,Ashleyside,"fashion, food, lifestyle",False
7dded,Female,31,25-34,Canada,Melissaborough,"news, lifestyle, food",False
f2602,Male,23,18-24,United States,Lake Jenniferfurt,health,False
ca8a8,Male,33,25-34,United States,Chavezshire,fashion,False
0d09b,Male,29,25-34,Brazil,New Rebecca,fashion,False
0748e,Other,24,18-24,United Kingdom,East Dana,sports,False
37a86,Male,19,18-24,United Kingdom,Millsview,health,False
ace0d,Other,16,16-17,United States,Lindsaymouth,"technology, fashion",False
8be8a,Male,31,25-34,Japan,Dukeland,"news, travel",False
7dd39,Male,23,18-24,United Kingdom,New Ryanburgh,"technology, food",False
bf8d9,Male,28,25-34,India,Meganbury,"lifestyle, technology, finance",False
d96cc,Male,26,25-34,United States,Johnsonfurt,"fitness, news, technology",False
33f4f,Male,18,18-24,Canada,Rebeccabury,"news, fitness, gaming",False
1862c,Male,46,45-54,Mexico,New Michael,"art, health, finance",False
d0069,Male,33,25-34,India,South Felicia,"art, news",False
39f75,Female,23,18-24,Australia,West Craig,"fashion, food",False
b7221,Male,24,18-24,United States,Amandaland,"art, technology",False
863df,Female,56,55-65,United Kingdom,West Brianville,"lifestyle, photography",False
44526,Other,26,25-34,United States,Tammystad,finance,False
0f758,Female,26,25-34,United States,Jillchester,photography,False
01239,Female,42,35-44,Brazil,North Johnshire,health,False
a4490,Male,22,18-24,Brazil,New Timothy,"news, fitness, sports",False
1b135,Other,26,25-34,Mexico,West Tracymouth,food,False
00ddd,Other,32,25-34,India,Lake Crystalborough,"finance, travel, art",False
c7225,Female,30,25-34,United States,Michaelfurt,"travel, art",False
fea87,Female,29,25-34,United States,Andrewhaven,"gaming, finance, sports",False
ef60f,Male,21,18-24,United Kingdom,Edwardfurt,"sports, finance",False
620e7,Female,17,16-17,United States,East Joshua,"technology, lifestyle",False
ca984,Female,23,18-24,United States,Meyerschester,technology,False
a2a93,Female,23,18-24,United States,Donaldton,"fitness, art, photography",False
49dd5,Female,35,35-44,Germany,Lake Sherryfort,health,False
d8b87,Female,39,35-44,United Kingdom,Beasleyfort,"food, travel",False
591f6,Male,26,25-34,Germany,North Lauraville,"sports, finance",False
de4d9,Female,22,18-24,United States,South Erin,"technology, photography, fitness",False
4da34,Female,56,55-65,United States,Hartmanbury,"travel, fitness",False
f8ce7,Male,25,25-34,India,New Rebecca,"news, fitness, food",False
3ff7f,Female,23,18-24,Japan,Millerfurt,fitness,False
b0de1,Male,23,18-24,United Kingdom,Shannonchester,"food, gaming",False
8d42e,Male,25,25-34,United States,Lake John,"health, fitness",False
b0a5a,Male,16,16-17,United States,South Becky,food,False
da176,Female,44,35-44,Brazil,Riddlemouth,technology,False
e66e4,Male,31,25-34,United States,Kellyfurt,art,False
32684,Male,29,25-34,India,North Robertfort,health,False
5e43f,Male,19,18-24,United Kingdom,Lake Bradleyville,"finance, news, health",False
c6c6b,Female,49,45-54,Japan,South John,"fitness, health, travel",False
56cf7,Female,34,25-34,United States,Port Benjamin,"art, news, photography",False
590df,Female,25,25-34,Brazil,Port Johnnyton,fitness,False
1f32f,Male,34,25-34,United States,Gilmoreville,fitness,False
abe50,Male,16,16-17,Australia,West Stanley,"finance, gaming",False
15e31,Female,16,16-17,United States,Joshuaview,"photography, sports, news",False
991af,Other,16,16-17,Germany,Lake Brian,"photography, sports, technology",False
3539f,Other,27,25-34,India,New Allison,"sports, gaming, lifestyle",False
a7a04,Male,26,25-34,Japan,Brittneyborough,"lifestyle, fitness",False
36c21,Female,25,25-34,Australia,Caseyland,"food, art",False
dde4e,Male,24,18-24,Japan,Marymouth,"travel, news, sports",False
d9e76,Female,28,25-34,Mexico,Julieshire,"photography, technology",False
324e6,Other,31,25-34,Canada,Stevenburgh,technology,False
48fdf,Male,33,25-34,Canada,Carterhaven,"finance, photography",False
dc57d,Other,32,25-34,India,South Lauraborough,gaming,False
92843,Male,23,18-24,India,Jenniferberg,photography,False
af8ae,Male,22,18-24,United States,Danielside,"technology, lifestyle, fashion",False
f8187,Other,33,25-34,United States,East Jennifermouth,news,False
267ed,Male,16,16-17,Germany,Port Juliefurt,"travel, food",False
66013,Male,34,25-34,United States,South Jamesfort,"art, lifestyle, travel",False
b3740,Male,18,18-24,France,Clarkmouth,"photography, sports",False
ac071,Other,34,25-34,Germany,Port Veronicaborough,travel,False
031dc,Male,18,18-24,Brazil,Watkinstown,technology,False
ae1d6,Male,47,45-54,United States,West Edwardbury,"lifestyle, fitness",False
32027,Female,42,35-44,India,Erinhaven,"photography, sports, art",False
9ae8f,Female,20,18-24,Canada,Huynhview,gaming,False
a4388,Male,22,18-24,United States,Davidbury,"fitness, art, photography",False
99c25,Female,23,18-24,United States,Lake Brendaborough,"news, lifestyle, food",False
33eb8,Female,26,25-34,United Kingdom,East Karen,"travel, fashion, food",False
47371,Female,19,18-24,United Kingdom,Careyfort,fitness,False
4dd64,Other,23,18-24,United States,Clarkberg,"food, photography, technology",False
898ec,Female,16,16-17,Mexico,North Heather,health,False
bde9a,Female,16,16-17,United States,North John,"fashion, art, gaming",False
4b5b3,Female,28,25-34,United States,Cervantestown,"travel, sports, food",False
9e216,Male,28,25-34,United States,Burtonport,"photography, art, food",False
4c321,Female,27,25-34,Brazil,Valentineside,gaming,False
e80fd,Female,23,18-24,United Kingdom,East Aliciachester,"finance, food, travel",False
4ac00,Female,19,18-24,United States,Kevinfort,"fashion, food",False
8941a,Female,25,25-34,United States,South Elizabeth,"finance, gaming",False
f629b,Male,21,18-24,India,South Marvin,"food, art, fashion",False
4e134,Female,28,25-34,Japan,West Phyllismouth,"travel, photography",False
f1e33,Male,23,18-24,United States,Smithchester,news,False
3faa4,Male,28,25-34,United Kingdom,New Charlesfort,finance,False
d9e86,Male,18,18-24,United States,Kristenborough,"health, finance",False
ba310,Male,19,18-24,France,North Morganville,"fitness, technology, lifestyle",False
46059,Female,33,25-34,Australia,Port Timothy,health,False
60297,Male,37,35-44,United States,Rhondashire,"gaming, photography, travel",False
db60c,Male,24,18-24,Australia,Port Matthew,fitness,False
4eac4,Female,22,18-24,Australia,Jameston,"fashion, fitness",False
c220b,Female,19,18-24,India,East Johnport,"health, fashion",False
7a50b,Female,26,25-34,India,New Thomasland,"photography, fitness",False
6d3ed,Female,28,25-34,Canada,Kathrynton,"gaming, technology",False
c791a,Male,17,16-17,United States,Tracystad,"technology, sports, health",False
d8507,Male,29,25-34,Brazil,Nancyfurt,"gaming, art, finance",False
7984e,Other,38,35-44,United States,Benjaminview,"gaming, travel, lifestyle",True
c830b,Female,38,35-44,Mexico,Danielborough,"food, art, sports",False
a16d3,Male,20,18-24,Canada,East Christopher,lifestyle,False
f022e,Male,29,25-34,United States,Myersmouth,"lifestyle, sports",False
e62e6,Male,22,18-24,United Kingdom,Port Rebeccashire,"news, health, technology",False
3413c,Male,27,25-34,Mexico,Davisfort,"food, finance",False
fcc40,Male,42,35-44,Germany,Cookfort,"sports, art",False
10c3f,Male,30,25-34,Brazil,South Jamesmouth,"health, finance",False
88e24,Male,21,18-24,United States,Goodberg,"photography, food, gaming",False
8e2d8,Male,30,25-34,United States,West Erica,"technology, news",False
83e3e,Female,36,35-44,United States,East Sara,fashion,False
bc9c0,Other,26,25-34,United States,South Michelleport,"lifestyle, sports",True
a66fb,Male,24,18-24,Brazil,South Julianland,"finance, lifestyle, technology",False
f9392,Female,17,16-17,United Kingdom,Lake Timothyland,"photography, lifestyle, finance",False
d294a,Other,28,25-34,United Kingdom,East Christopherview,"lifestyle, gaming",False
20a5a,Male,30,25-34,United Kingdom,Dillonborough,"fashion, food, gaming",False
36ad0,Male,29,25-34,United Kingdom,East Joseph,fitness,False
e1107,Female,20,18-24,Australia,Port Zachary,"technology, travel",False
5b801,Female,17,16-17,United States,Maureenshire,"travel, news, sports",False
253d1,Other,33,25-34,Australia,East Dana,news,False
dc4e0,Male,38,35-44,United Kingdom,Alejandroberg,finance,False
07ff5,Male,22,18-24,Canada,New Christopherport,"travel, finance",False
5a65f,Female,39,35-44,United Kingdom,South Nicolechester,"gaming, finance, news",False
e66a8,Female,29,25-34,United States,East Seth,"lifestyle, fitness, technology",False
9b516,Male,26,25-34,United Kingdom,Ginaland,"lifestyle, sports, fitness",False
d6b56,Male,26,25-34,United States,Mooremouth,"finance, lifestyle",False
d12ef,Male,19,18-24,India,Lake Jason,"travel, lifestyle",False
f378b,Male,35,35-44,Japan,Williamsmouth,"sports, travel",False
cf6da,Female,22,18-24,United Kingdom,Williamsview,"fashion, photography",False
22b41,Male,25,25-34,United States,East Alexander,fashion,False
6ec6f,Male,23,18-24,Germany,Alisonberg,"gaming, fitness",False
c0b1b,Male,16,16-17,United States,North Nathanchester,"travel, photography",False
00095,Female,28,25-34,United Kingdom,Port Thomas,"photography, fashion",False
a4ef0,Female,25,25-34,Canada,Lake Jofort,"finance, gaming",False
529d1,Male,41,35-44,United States,West Saramouth,news,False
65124,Female,27,25-34,United States,Lake Charles,"health, photography",False
33b5c,Male,47,45-54,India,New Kaitlyn,gaming,False
6fee0,Female,36,35-44,United Kingdom,Port Melissa,"gaming, sports, photography",False
0d5f9,Male,27,25-34,Mexico,West Jamesbury,technology,False
356a5,Female,21,18-24,France,North Samuelmouth,"fitness, photography, travel",False
e6e05,Male,33,25-34,United States,Peterport,"fashion, health, photography",False
a5b4f,Male,50,45-54,Mexico,Hubbardborough,"technology, photography",False
02fb8,Female,16,16-17,United States,North Angelaborough,technology,False
dc6e9,Other,37,35-44,Mexico,Clarkshire,"art, fitness",False
061c2,Other,24,18-24,United States,East Paula,"news, food",False
c1d1a,Male,33,25-34,United Kingdom,North Frank,"travel, lifestyle, fitness",False
0b07a,Female,18,18-24,Canada,Ryanland,"fitness, gaming, technology",False
a349a,Male,21,18-24,United Kingdom,New Justin,"fashion, lifestyle",False
34f72,Male,37,35-44,United States,East Katherine,"finance, technology",False
de521,Male,32,25-34,United Kingdom,Carmenstad,"gaming, health, lifestyle",False
0b14a,Male,18,18-24,United States,Lake Becky,"technology, news",False
ee236,Female,22,18-24,Germany,Lake Raymond,"fitness, technology, photography",False
d17e9,Male,27,25-34,United States,South Lindsay,"finance, art, sports",False
9e106,Male,32,25-34,Canada,Edwardsside,lifestyle,False
7845d,Male,30,25-34,Canada,Faithton,"photography, travel, health",False
d5a16,Male,20,18-24,United Kingdom,Christopherville,"technology, gaming, fitness",False
3b3fc,Other,25,25-34,India,Lake Carrie,lifestyle,False
0db95,Female,41,35-44,United States,East Joan,"fashion, health",False
e1a23,Male,16,16-17,United Kingdom,Jeffreyton,fitness,False
af05e,Female,26,25-34,India,Christopherberg,"health, news, fitness",False
fb106,Male,38,35-44,Brazil,Kimberlyville,"fashion, news, photography",False
aec76,Male,28,25-34,Germany,Kendramouth,finance,False
cc6db,Female,28,25-34,United Kingdom,Davidview,"news, art, technology",False
fc037,Male,23,18-24,Australia,New Randy,"news, technology, health",False
8a352,Male,27,25-34,Canada,South Davidside,"fashion, lifestyle, sports",False
35346,Female,20,18-24,United Kingdom,Sarahside,"fashion, photography, food",False
478d5,Male,23,18-24,United Kingdom,Simpsonton,"photography, gaming, food",False
19019,Male,48,45-54,Canada,West Nancyville,"fitness, art",False
5a59e,Male,27,25-34,Mexico,Sheamouth,technology,False
ecb93,Other,28,25-34,United States,Mckenziefort,news,False
bcdb8,Male,18,18-24,United States,Port Martin,technology,False
a122f,Male,32,25-34,Canada,Port Nicholasshire,"health, fashion",False
88666,Male,19,18-24,Australia,Jillfurt,technology,False
270df,Other,28,25-34,United States,Washingtonchester,"finance, art, news",False
d6c73,Other,16,16-17,United States,West Katrina,technology,False
98050,Male,16,16-17,United States,Smithside,fitness,False
729aa,Male,17,16-17,United States,Lake Daniel,health,False
17920,Male,57,55-65,United States,Charlesland,"sports, lifestyle",False
4dc7a,Female,22,18-24,Mexico,Bradleyhaven,"news, photography, sports",False
f3382,Male,34,25-34,United States,South Walter,"lifestyle, travel",False
59bd5,Male,25,25-34,India,Port Michael,"sports, fashion, news",False
36274,Other,30,25-34,Japan,New Megan,"news, fashion",False
b58a3,Male,26,25-34,France,Scottton,"gaming, sports, food",False
94f74,Female,16,16-17,Germany,Andersonburgh,"gaming, photography, travel",False
a0d52,Male,33,25-34,Mexico,West Jamiebury,"news, technology, photography",False
3bc52,Male,28,25-34,Canada,Dylanburgh,finance,False
2c91c,Male,43,35-44,India,North Christopher,"lifestyle, fashion",False
5a380,Female,63,55-65,United States,Port Christopher,"travel, art",False
1f82b,Male,40,35-44,Mexico,Lake Adam,"sports, art, food",False
a446c,Male,16,16-17,India,Lake Tylerside,"sports, photography, technology",False
68ec4,Male,35,35-44,United Kingdom,New Michellehaven,"lifestyle, news, sports",False
c97cb,Female,22,18-24,United States,New Franciscoville,"technology, art, finance",False
79b20,Female,20,18-24,United Kingdom,Millerfort,"health, gaming, photography",False
ec522,Female,17,16-17,Japan,Dunnville,fitness,False
cfae9,Other,21,18-24,Germany,Jefferyfurt,"sports, food, art",False
b9825,Female,26,25-34,Australia,Allenchester,"news, finance, photography",False
78f68,Female,24,18-24,Germany,Grantburgh,"travel, fitness, technology",False
34fe0,Female,30,25-34,United Kingdom,North Kristinefort,fashion,False
5a101,Female,34,25-34,Japan,North Joycehaven,"finance, technology, news",False
2bbe8,Male,29,25-34,United States,Pittsland,health,False
fe3b5,Female,23,18-24,Canada,Ariasborough,"gaming, food, lifestyle",False
fb9c8,Female,38,35-44,Japan,South Donna,"fashion, news, health",False
11bbd,Other,25,25-34,United Kingdom,West Donaldchester,"finance, technology, lifestyle",True
0d4cc,Male,28,25-34,United Kingdom,Port John,"fashion, finance",False
bc268,Male,17,16-17,France,East Christophermouth,news,False
06560,Male,20,18-24,United States,North Jeff,"technology, lifestyle, fashion",False
e1949,Female,20,18-24,Japan,Lanechester,food,False
fb111,Other,26,25-34,Australia,Lake Hannah,"food, gaming",False
01a37,Female,29,25-34,United Kingdom,East Tracey,fitness,False
577ee,Male,16,16-17,France,Stephaniemouth,"gaming, health",False
b6b9b,Female,16,16-17,Brazil,South Ryanburgh,technology,False
8640a,Female,19,18-24,Australia,New Ronaldhaven,"fitness, technology, health",False
7afb3,Female,27,25-34,United Kingdom,South Danielborough,"gaming, food",False
7df4f,Male,20,18-24,United Kingdom,South Christinafurt,sports,False
47340,Male,21,18-24,United States,Gibbsmouth,"gaming, sports",False
0d037,Male,36,35-44,United States,East Anthonyfurt,gaming,False
08bc2,Male,18,18-24,United Kingdom,West Brenda,"food, technology",False
b4b22,Female,23,18-24,United Kingdom,East Jasonshire,fitness,False
b967c,Male,18,18-24,Japan,Andersonborough,"fashion, art, photography",False
d5d86,Male,28,25-34,India,West Joseville,"sports, food",False
b384d,Female,18,18-24,Germany,Cervantesmouth,sports,False
9c467,Female,25,25-34,United States,Brianport,"health, news",False
dae22,Male,26,25-34,Germany,Williamsonchester,"gaming, travel",False
b7330,Male,36,35-44,Australia,Jacquelineton,art,False
bc890,Female,20,18-24,United States,Crystalland,"photography, travel",False
ba371,Female,29,25-34,Australia,East Jason,"news, finance, art",False
3e7b5,Male,33,25-34,United States,Alexanderberg,"technology, art",False
f1136,Male,24,18-24,United Kingdom,South Jason,"fitness, sports, news",False
b4e95,Female,34,25-34,United States,Alexanderfurt,finance,False
15937,Male,24,18-24,United States,Howardborough,health,False
8be1d,Female,27,25-34,United States,Lake David,"technology, photography, health",False
23656,Male,25,25-34,India,Port John,"health, food, travel",False
824ae,Male,21,18-24,Canada,Robertberg,"lifestyle, photography, art",False
3f2b0,Male,25,25-34,United States,Harringtonton,art,False
1d530,Female,28,25-34,Australia,North Crystal,food,False
ec835,Male,29,25-34,Japan,South Jonathanstad,technology,False
ad839,Female,27,25-34,United States,Heathershire,travel,False
689db,Male,39,35-44,United States,Jamesview,sports,False
bfed9,Male,27,25-34,Australia,Matthewtown,"food, sports",False
156f7,Male,32,25-34,Canada,Lake Ashley,"finance, sports",False
7bcef,Female,25,25-34,Germany,Lake Mitchell,technology,False
4f19c,Male,17,16-17,Australia,Rivasborough,"health, technology",False
5432d,Male,19,18-24,United Kingdom,Port Justin,"travel, health, finance",False
f1f47,Female,40,35-44,Australia,Port Thomas,"gaming, lifestyle",False
70a6a,Female,28,25-34,United States,Lake Tracy,"fitness, fashion, photography",False
165ec,Male,18,18-24,Brazil,East Jason,"gaming, fitness, art",False
a8405,Male,24,18-24,Australia,North Andrewside,"fitness, news",False
f6435,Female,38,35-44,Japan,Chadfort,fashion,False
d797f,Male,29,25-34,India,Port Lindsey,"gaming, sports, news",False
cdb43,Male,38,35-44,Germany,Jenniferview,"sports, gaming",False
6ac59,Female,28,25-34,Japan,Hernandezborough,travel,False
221eb,Male,19,18-24,United States,Emilyhaven,fashion,False
87470,Other,48,45-54,Canada,Greerside,fitness,False
37402,Male,29,25-34,Germany,Josephhaven,lifestyle,False
d6ee4,Female,38,35-44,United States,Lake Michaelburgh,"sports, fashion",False
c54e3,Male,39,35-44,United States,East Matthew,food,False
47aa1,Female,38,35-44,United States,Lake Jason,photography,False
f4e8b,Other,23,18-24,United States,East Patrickland,"fitness, finance, health",False
30539,Male,31,25-34,Japan,Sandraside,art,False
93e50,Male,20,18-24,United Kingdom,Jennifertown,"fitness, fashion",False
be9ee,Male,28,25-34,Canada,North Nicole,"health, photography",False
9a539,Female,21,18-24,Germany,Johnburgh,art,False
34e3f,Female,26,25-34,Brazil,North Dennis,"technology, travel",False
8e8d3,Female,32,25-34,United States,Ortizview,"fitness, technology, food",False
cf6fb,Female,22,18-24,United States,Lake Jeffrey,finance,False
a8b3a,Male,39,35-44,Japan,North Brett,health,False
3aa1a,Male,18,18-24,Mexico,Lake Benjamin,"technology, finance",False
a0505,Female,26,25-34,India,Cynthialand,fashion,False
332b8,Male,26,25-34,Mexico,New Ashley,"fashion, fitness, art",False
1b7fb,Female,38,35-44,Germany,Roblesville,health,False
f83f7,Male,36,35-44,United States,Lake Sheritown,"technology, health, sports",False
b70fd,Male,24,18-24,United Kingdom,South Adrian,"health, gaming, travel",False
f3b60,Female,21,18-24,Germany,Port Paul,food,False
f51d6,Other,23,18-24,Mexico,North Kimberly,technology,False
85575,Female,25,25-34,Mexico,Shahport,lifestyle,False
13a0e,Female,16,16-17,Australia,West Corey,"fitness, photography",False
bffae,Other,40,35-44,United Kingdom,South Matthewville,travel,False
aef82,Male,17,16-17,Brazil,Wilsonburgh,"lifestyle, travel, sports",False
ed304,Male,23,18-24,Mexico,Wilsonside,"art, technology",False
d2681,Male,39,35-44,United States,North Samueltown,lifestyle,False
76ac0,Male,38,35-44,Brazil,Andersonville,"travel, gaming",False
d25c3,Male,17,16-17,France,West Danielle,art,False
cc02a,Male,20,18-24,United States,Mathisbury,"art, gaming, sports",False
de159,Female,26,25-34,Canada,Laurenborough,"food, gaming",False
95f44,Male,25,25-34,Japan,South Timothy,sports,False
c1ef3,Male,18,18-24,United Kingdom,West Rossport,fitness,False
37351,Female,24,18-24,India,North John,"fitness, sports, travel",False
367b8,Male,38,35-44,India,Montgomeryborough,health,False
03c77,Female,29,25-34,Mexico,North Carl,"photography, fashion",False
36b63,Male,21,18-24,Canada,Thomasberg,"health, news",False
1bf1d,Other,34,25-34,Germany,Jasonmouth,"fashion, news",False
cbed7,Male,32,25-34,Canada,Gordonside,"health, travel",False
2adab,Male,22,18-24,United Kingdom,Lake Douglasmouth,health,False
2a233,Female,27,25-34,France,Lake Samuel,"food, fashion, health",False
2f24c,Male,31,25-34,India,Cunninghamtown,"lifestyle, technology",False
01da6,Female,29,25-34,Canada,Amberhaven,"finance, fitness, food",False
4cf2b,Female,25,25-34,Mexico,Port Diana,"health, fitness, art",False
f636c,Female,27,25-34,India,East Steven,"travel, photography",False
22587,Male,33,25-34,India,Port Jasonmouth,"news, travel, fitness",False
faf17,Female,21,18-24,Germany,South Timothybury,"lifestyle, fitness",False
37e17,Other,29,25-34,Canada,Justinport,"fitness, travel, health",False
a9104,Male,16,16-17,United States,Dennisville,"sports, art",False
f9af6,Male,27,25-34,United Kingdom,Johnsonton,"gaming, travel",False
008fe,Female,17,16-17,Australia,Smithside,health,False
85e33,Female,23,18-24,United Kingdom,Shellyland,"photography, travel, art",False
50bda,Male,25,25-34,Brazil,Vangland,"travel, sports",False
f40fd,Female,32,25-34,Brazil,Carlsonmouth,"news, food",False
540bb,Male,25,25-34,United States,East Chad,"finance, photography, health",False
ef5a5,Female,29,25-34,Australia,Danielleborough,"sports, health, gaming",False
8c993,Male,29,25-34,United States,Fowlermouth,"news, lifestyle",False
e819f,Male,19,18-24,Germany,Justinberg,"health, photography",False
df280,Male,38,35-44,Japan,Lake Alexismouth,art,False
7dc27,Male,27,25-34,United States,North Ryan,"fashion, health, photography",False
bf277,Male,20,18-24,Germany,Barretthaven,art,False
db179,Male,25,25-34,Mexico,West Luisburgh,"news, fitness, sports",False
2727c,Male,16,16-17,United States,North Jeremyview,"fitness, finance",False
b2518,Male,22,18-24,United States,West Aaron,"finance, lifestyle",False
a0ebd,Male,29,25-34,Germany,East Stephanie,news,False
d2ba0,Female,44,35-44,Germany,Andrewtown,sports,False
7bbc5,Male,32,25-34,Germany,Darrellside,"lifestyle, health",False
8f2c8,Female,22,18-24,Australia,Ginahaven,gaming,False
556c1,Male,24,18-24,Canada,East Elizabethbury,"finance, technology, art",False
aacf2,Male,27,25-34,United States,Ortizmouth,"lifestyle, photography",False
e953c,Male,39,35-44,Germany,Abigailburgh,"news, art",False
86aec,Male,17,16-17,Japan,Hernandezland,"health, fashion, gaming",False
8f609,Male,16,16-17,United States,New Kimberlychester,"technology, lifestyle",False
1c247,Male,19,18-24,United Kingdom,South Jonathan,food,False
534f0,Male,23,18-24,Mexico,Andrewchester,gaming,False
b1218,Male,30,25-34,United States,Mendozamouth,health,False
66a64,Female,29,25-34,United Kingdom,New Melissaville,art,False
60bdf,Female,24,18-24,United Kingdom,Pamelaberg,"lifestyle, art, gaming",False
4f0cf,Other,27,25-34,Germany,North Anitafort,"food, fashion",False
6a1a7,Female,32,25-34,Canada,New Katherinemouth,photography,False
bc289,Male,23,18-24,Australia,New Keithland,"news, food",False
b0e35,Male,30,25-34,Germany,North John,"health, fitness",False
ade51,Male,23,18-24,United States,New Daniel,"gaming, food, sports",False
03bd1,Male,22,18-24,Canada,Johnsonberg,"fashion, news",False
5237b,Male,30,25-34,Australia,Tiffanybury,sports,False
b73e4,Female,16,16-17,Germany,South Jonathan,"news, technology, art",False
c117d,Female,22,18-24,United Kingdom,Anthonyborough,"fashion, technology",False
c169c,Male,24,18-24,India,Penaton,"lifestyle, news, health",False
430a5,Male,19,18-24,United Kingdom,West Laura,"news, art, lifestyle",False
5dea4,Male,25,25-34,United States,East Heidi,"art, fitness",False
98677,Male,25,25-34,Canada,Johnsonchester,"travel, news",False
a6b34,Female,30,25-34,Japan,New Charlesville,gaming,False
13fd8,Other,40,35-44,Mexico,Lake Kristentown,"lifestyle, food",False
7b8d1,Male,33,25-34,Australia,Stanleyfort,"fashion, gaming, art",False
60664,Other,31,25-34,Australia,Lake Erinburgh,"finance, travel, fashion",False
edfa7,Other,28,25-34,Australia,North Dennis,"technology, art",False
a8a39,Male,24,18-24,United Kingdom,North Jacquelineburgh,technology,False
f252a,Female,30,25-34,Canada,Stevenfort,"photography, travel, gaming",False
af853,Female,20,18-24,Japan,Kennethland,"photography, fashion",False
a5fec,Female,33,25-34,Germany,Brendaberg,"finance, news, gaming",False
28fa9,Male,20,18-24,Germany,New Samuelville,"finance, sports, food",False
1b006,Male,28,25-34,India,West Keith,photography,False
68eec,Male,27,25-34,Mexico,Port Timothychester,"lifestyle, sports",False
eae42,Female,30,25-34,Brazil,West Anna,"technology, sports",False
18c50,Female,30,25-34,United States,Maynardfort,"fitness, lifestyle, food",False
2f6a0,Other,24,18-24,United States,North Stanley,news,False
a2388,Female,16,16-17,United States,Jeremyfurt,"news, fitness, sports",False
fb8e3,Female,36,35-44,France,North Thomas,"travel, health, lifestyle",False
fe903,Other,30,25-34,United States,New Jessicaborough,health,False
4b524,Male,27,25-34,India,Barberview,"technology, gaming",False
1f17d,Male,27,25-34,United States,Johnborough,"health, lifestyle",False
a84ec,Male,42,35-44,Brazil,East Deborah,"travel, news, photography",False
eadf4,Female,30,25-34,Australia,Myersbury,"news, lifestyle",False
7d144,Male,27,25-34,Mexico,Lake Kellymouth,"finance, sports",False
99e66,Female,28,25-34,Japan,Alexanderside,"fitness, photography, lifestyle",False
1b59c,Male,34,25-34,United Kingdom,Tylermouth,"art, sports, technology",False
f3e17,Female,34,25-34,United Kingdom,South Diane,"food, travel",False
03a5b,Female,16,16-17,United States,Port Johnmouth,"fashion, art, technology",False
ed838,Male,35,35-44,France,New Sheila,fashion,False
ef17e,Other,23,18-24,United States,Leemouth,fashion,False
37c50,Female,36,35-44,United States,Petersonview,"health, technology, photography",False
0ebd6,Male,32,25-34,Canada,Port Melissaport,sports,True
7779b,Male,26,25-34,Japan,Michaeltown,"travel, health, sports",False
3cb8c,Male,16,16-17,United States,Port Andres,"fashion, fitness, photography",False
e3c82,Male,31,25-34,Canada,Lawsonborough,"health, news",False
9f929,Female,18,18-24,Japan,Reidport,"health, art, sports",False
3c9fc,Male,34,25-34,Germany,Brianaberg,technology,False
88f69,Female,31,25-34,India,Micheleborough,"technology, health",False
0e346,Other,19,18-24,India,North Christina,gaming,False
ad7eb,Male,16,16-17,France,Port Hollyshire,art,False
87288,Female,19,18-24,United States,Garciaberg,"news, food",False
06090,Male,23,18-24,Germany,South Timothyfurt,"finance, fashion",False
e89ac,Male,40,35-44,Australia,South Eric,"technology, art",False
09abd,Female,29,25-34,India,North Teresaview,"photography, technology, gaming",False
f4d7b,Female,44,35-44,Canada,Charlesmouth,"photography, gaming, health",False
cf85d,Male,36,35-44,United States,Michaelfort,"news, travel",False
685ce,Male,26,25-34,Japan,South Meganburgh,fashion,False
f8302,Female,39,35-44,Japan,East Melissa,sports,False
b8602,Female,24,18-24,Germany,Alexanderfurt,"technology, fitness",False
f9d1c,Female,20,18-24,United Kingdom,Murphyshire,"food, gaming, sports",False
fd6e4,Male,26,25-34,Germany,Mckenzieborough,"health, fashion",False
64457,Male,21,18-24,United Kingdom,South Paul,travel,False
6d7d7,Female,24,18-24,Canada,Karenberg,"food, news, gaming",False
872b9,Male,23,18-24,France,Powellfort,"gaming, travel",False
2c425,Male,16,16-17,Japan,Pachecoview,"gaming, technology, sports",False
74611,Male,16,16-17,Mexico,Kimland,lifestyle,False
ab551,Female,31,25-34,United Kingdom,Johnsontown,fitness,False
dc73b,Female,19,18-24,United Kingdom,Jonathanchester,"photography, lifestyle, health",False
8669b,Male,19,18-24,Japan,East Bryan,health,False
7d5f3,Male,16,16-17,Canada,North David,"photography, food, travel",False
56dd8,Male,25,25-34,Australia,South Lisaland,photography,False
54e88,Female,31,25-34,United Kingdom,West Stephen,"sports, health",False
d8a18,Male,23,18-24,Japan,Flowersfurt,news,False
85d91,Female,34,25-34,United States,Aaronborough,"gaming, news",False
54f9e,Male,30,25-34,United Kingdom,Hendricksfurt,"food, sports, fitness",False
9264b,Male,32,25-34,United States,Michellefurt,"lifestyle, art",False
9a21f,Male,27,25-34,United States,Aprilberg,"lifestyle, sports",False
5ca33,Female,26,25-34,Japan,Lake Jessicafurt,"fashion, finance, sports",False
6caa8,Male,23,18-24,India,Michelleberg,"travel, fashion",False
1eb28,Male,17,16-17,India,New Mary,sports,False
9f0ed,Female,21,18-24,Australia,Aaronport,finance,False
b446a,Female,34,25-34,Japan,Lake Connie,technology,False
415a2,Male,16,16-17,Germany,Beckermouth,"technology, fitness",False
ca4d5,Male,40,35-44,Mexico,East Deannaborough,"food, lifestyle, sports",False
33347,Male,22,18-24,Mexico,West Matthewshire,"lifestyle, fitness",False
5483f,Male,24,18-24,United Kingdom,Acostaland,"sports, technology, lifestyle",False
1bde3,Male,17,16-17,United Kingdom,Pattonchester,"finance, food",False
f18e0,Male,38,35-44,Canada,Greenhaven,"gaming, lifestyle",False
c4cf3,Female,20,18-24,Germany,Rhondachester,"health, lifestyle, technology",False
61576,Female,21,18-24,United States,South James,"fitness, fashion, gaming",False
15ae8,Male,23,18-24,Germany,South Anthony,"health, technology, news",False
e52d3,Female,26,25-34,Germany,Lake Jonathanbury,gaming,False
9b1f2,Male,43,35-44,United States,Buckview,"health, news",False
c6af0,Female,24,18-24,Japan,East Mark,fashion,False
fcce1,Male,25,25-34,United States,Jeffreyburgh,fashion,False
3bd0c,Male,28,25-34,Germany,Jonport,"health, fashion",False
4ef84,Other,29,25-34,Australia,South Robert,"travel, gaming, technology",False
63627,Female,17,16-17,Brazil,Michelletown,gaming,False
9a832,Female,25,25-34,United States,South Cameronport,photography,False
6fa92,Male,46,45-54,United States,Port Elizabethborough,photography,False
35ac0,Male,19,18-24,United States,South Deborah,news,False
d54bd,Male,26,25-34,Japan,Wendyberg,fashion,False
629d7,Female,22,18-24,United States,Michaelfort,"fashion, gaming",False
c99e5,Female,25,25-34,Mexico,West Aaron,"travel, sports",False
bd549,Male,36,35-44,Canada,New Kimberlystad,lifestyle,False
3f9e1,Female,18,18-24,Brazil,Colemouth,"fitness, gaming",False
e0f88,Other,28,25-34,United States,South Markton,"photography, news",False
7d61f,Female,32,25-34,Australia,Woodsview,gaming,False
720be,Male,16,16-17,Brazil,Port Steventon,health,False
d784a,Male,39,35-44,United Kingdom,Christophermouth,"health, fashion, news",False
e0c01,Female,23,18-24,United States,Coxchester,"photography, news",False
10bbf,Male,16,16-17,United Kingdom,South Robertland,"art, fashion, gaming",False
77e84,Female,20,18-24,Germany,West Miguelbury,"travel, finance",False
c5e7b,Male,38,35-44,Australia,New Kennethberg,"fashion, technology",False
46dd9,Male,41,35-44,Canada,Dariusberg,"gaming, lifestyle, art",False
dafd1,Female,22,18-24,Australia,Mathewston,"fashion, sports, travel",False
f3e2c,Male,19,18-24,India,Devonfort,sports,False
684a3,Male,20,18-24,United States,Port Jill,health,False
8a3c9,Male,25,25-34,India,Rodrigueztown,"gaming, news",False
4781e,Other,23,18-24,Germany,Nathanielfort,"art, travel",False
977c9,Male,26,25-34,United States,South Heather,"news, gaming",False
175e1,Male,27,25-34,United States,West Feliciaburgh,fashion,False
93190,Female,25,25-34,United Kingdom,Karastad,news,False
10e06,Female,17,16-17,Canada,Vaughanport,"gaming, sports",False
3cfde,Male,28,25-34,United States,Walkerview,"photography, fashion",False
936f7,Male,19,18-24,United States,Delgadomouth,"technology, lifestyle",False
8bc21,Female,21,18-24,India,West Hollyhaven,food,False
ce652,Female,28,25-34,Germany,Heatherport,fitness,False
bed2d,Male,21,18-24,Japan,Lake Jeffery,technology,False
dd936,Other,27,25-34,United Kingdom,Lake Jonathan,"travel, sports, fashion",False
0d2a8,Other,20,18-24,Japan,South Heather,photography,False
38f5c,Male,16,16-17,Australia,Jonesland,photography,False
04424,Female,31,25-34,United Kingdom,Tiffanybury,"health, art, photography",False
11eb1,Other,32,25-34,Germany,Oneillchester,"gaming, finance",False
ac5f7,Female,33,25-34,United Kingdom,North Danny,"travel, health, news",False
04822,Male,41,35-44,Canada,West Paulmouth,"travel, health, art",False
8c74e,Male,27,25-34,United States,East Kevinborough,news,False
4c58e,Female,20,18-24,Canada,Austinmouth,"technology, photography",False
5a2cd,Male,41,35-44,Mexico,South Brian,"fashion, art",True
b5f39,Male,41,35-44,India,East Matthewstad,"photography, finance",False
121ce,Female,19,18-24,United States,North Mark,travel,False
37ef0,Male,22,18-24,Canada,West Davidton,"fitness, travel",False
9437d,Female,36,35-44,Brazil,Kristenville,finance,False
bd013,Female,26,25-34,Brazil,West Jacqueline,"fashion, fitness",False
57a48,Male,23,18-24,United States,Powellborough,"food, fitness, sports",False
56b4e,Male,48,45-54,United States,North Moniquechester,"photography, gaming",False
d0225,Female,32,25-34,United Kingdom,Marshland,fashion,False
1108f,Male,20,18-24,Australia,Simontown,"technology, lifestyle",False
21307,Female,38,35-44,Australia,Cooperchester,lifestyle,False
d699f,Male,22,18-24,Mexico,Lopezshire,"news, health",False
1446d,Male,43,35-44,Australia,Rhondatown,"health, finance",False
98ece,Female,20,18-24,Japan,Port Willieborough,"food, sports",False
5a352,Other,24,18-24,Brazil,Norrisview,"health, food",False
3effe,Other,29,25-34,France,Laurenfurt,"gaming, health",False
003a2,Female,34,25-34,United Kingdom,South Curtis,news,False
04c39,Female,32,25-34,United Kingdom,New Charles,"photography, news, art",False
fb1f8,Male,36,35-44,India,East Robertburgh,"gaming, travel",False
19f13,Female,53,45-54,India,Christinefurt,"health, food",False
2b79f,Male,17,16-17,United States,Goodshire,"food, travel",False
e4cf4,Male,16,16-17,United Kingdom,Sonyatown,"travel, fitness",False
6666e,Male,42,35-44,Australia,Wolfview,"fashion, travel",False
71338,Male,43,35-44,India,Lake Adamchester,"finance, technology",False
58048,Male,40,35-44,Australia,Taraside,"health, gaming, news",False
aa79d,Female,20,18-24,France,North James,"lifestyle, fashion",False
887cc,Male,33,25-34,United States,New Michelle,"health, technology",False
e4c5e,Female,29,25-34,United Kingdom,North Thomas,art,False
82351,Female,23,18-24,United States,Nelsonton,art,False
dab69,Other,31,25-34,Japan,East Jennifer,"finance, art, food",False
9054d,Male,37,35-44,India,East Ashleyville,"travel, news",False
2ebcd,Female,48,45-54,Germany,Richardsonville,"finance, sports, fashion",False
9ccab,Male,45,45-54,United States,Hughesport,health,False
30977,Male,20,18-24,Australia,Lake Michelle,gaming,False
94bf9,Other,20,18-24,Mexico,Hobbston,"health, technology, gaming",False
24b85,Female,21,18-24,Australia,Port Anthony,lifestyle,False
06f74,Male,38,35-44,United Kingdom,Daltonberg,sports,False
66ad1,Male,38,35-44,United States,Wilsonburgh,"news, health, photography",False
b58a9,Male,26,25-34,Germany,Fordshire,"technology, fitness",False
b4005,Male,27,25-34,Germany,New Kevinfurt,"travel, gaming, technology",False
68fae,Male,19,18-24,Canada,North Samanthabury,"sports, photography",False
4c538,Male,22,18-24,United States,North Ariel,food,False
516aa,Other,35,35-44,Germany,South Gabrielmouth,"lifestyle, fashion",False
305c7,Male,19,18-24,United States,Port Jeremy,lifestyle,False
2b908,Male,18,18-24,Mexico,Zimmermanstad,"lifestyle, fitness",False
ccf79,Male,21,18-24,Mexico,Lake Diana,"health, food, technology",False
54ab0,Female,23,18-24,Australia,Jeremybury,"photography, gaming, finance",False
318ac,Male,16,16-17,Canada,New Michaelton,"lifestyle, art",False
bef31,Male,27,25-34,Brazil,Nicholsberg,"fitness, news",False
030dc,Male,24,18-24,United States,Brianborough,fitness,False
a1c4d,Female,16,16-17,United States,Port Joe,"technology, fashion",False
584b4,Male,19,18-24,United States,Thomaston,"gaming, lifestyle",False
a008b,Other,27,25-34,India,Kellymouth,"finance, lifestyle, gaming",False
732a6,Female,20,18-24,Canada,Williamside,"lifestyle, gaming",False
89d4b,Female,20,18-24,Canada,Jasonside,fitness,False
cd2c5,Male,27,25-34,Germany,Christinechester,"lifestyle, gaming, fashion",False
f6c5e,Male,28,25-34,Australia,Andersontown,"food, news",False
74a74,Male,26,25-34,United States,North Peter,health,False
8b3fa,Male,33,25-34,Australia,Alextown,"food, photography",False
6ef4f,Other,22,18-24,India,South Christina,finance,False
0d765,Other,27,25-34,Mexico,Paulstad,finance,False
c43eb,Male,33,25-34,India,South Kayla,"fashion, art",False
f431f,Female,34,25-34,United States,Tinastad,"fashion, photography, food",False
516e0,Female,24,18-24,Brazil,Johnsonport,"fitness, fashion, health",False
83137,Male,18,18-24,Brazil,East Paulview,finance,False
956dc,Female,24,18-24,Brazil,Fisherstad,"gaming, fitness",False
267e4,Male,26,25-34,Mexico,New Noahborough,health,False
6b0c6,Other,45,45-54,Mexico,Graychester,"lifestyle, gaming",False
233e4,Male,27,25-34,Mexico,Lake Anthonyshire,"food, gaming",False
0dc2f,Male,16,16-17,Mexico,Sydneystad,gaming,False
6dc32,Female,22,18-24,United States,South Douglas,"sports, finance, health",False
6a60d,Female,20,18-24,Japan,Lake Molly,"finance, fitness",False
3a48a,Male,29,25-34,Mexico,North Codymouth,"art, news",False
2a538,Male,45,45-54,United Kingdom,Evansborough,art,False
ce829,Male,28,25-34,Australia,New David,"gaming, photography",False
c4c27,Male,36,35-44,United States,Emilytown,sports,False
fd647,Female,27,25-34,United States,Port Tiffany,finance,False
6102b,Other,37,35-44,Mexico,South Michelletown,"news, finance, art",True
b2022,Other,32,25-34,France,Joseville,"sports, photography",False
48903,Male,42,35-44,Canada,Russotown,fashion,False
9fc3b,Other,31,25-34,United States,Jamesview,health,False
4ba52,Female,21,18-24,United Kingdom,East Anna,"lifestyle, travel, food",False
a943d,Female,37,35-44,Mexico,Tonyabury,travel,False
442f8,Male,18,18-24,Australia,Port Michael,sports,False
625a7,Male,22,18-24,United States,New Lorraineton,health,False
bc902,Male,19,18-24,United States,West Kenneth,"gaming, technology",False
c95c2,Male,25,25-34,United States,East Allison,"food, gaming, photography",False
4db44,Female,23,18-24,United Kingdom,Maryshire,"travel, gaming",False
5dc56,Male,16,16-17,Germany,East James,"health, photography",False
8ddef,Male,31,25-34,Brazil,Bruceport,"fashion, photography, technology",False
27baa,Male,27,25-34,United States,Seanfurt,"technology, lifestyle",False
20450,Female,46,45-54,United States,Codytown,travel,False
0edd6,Female,24,18-24,United States,East Melissa,sports,False
65b08,Other,36,35-44,United States,New Jessica,sports,False
0667c,Female,33,25-34,Germany,West Chadton,"photography, lifestyle",False
9161d,Male,16,16-17,Australia,Blanchardfort,fitness,False
1bb04,Male,29,25-34,Canada,Gomezmouth,"technology, photography, gaming",False
2b860,Female,18,18-24,United Kingdom,West Joseph,finance,False
46f1a,Other,18,18-24,Mexico,New Davidport,photography,False
c35a2,Other,27,25-34,United States,West Caitlin,"technology, photography",False
84f0b,Female,16,16-17,United States,Nicoleport,"fitness, gaming",False
8b1f2,Female,18,18-24,Australia,West Patriciamouth,gaming,False
f3d62,Male,20,18-24,Germany,Mikeberg,lifestyle,False
29b24,Female,33,25-34,United Kingdom,West Joshua,fashion,False
264d0,Male,24,18-24,Germany,Harveyborough,"health, fashion",False
18e9b,Male,27,25-34,United States,New Michaeltown,gaming,False
270a9,Male,27,25-34,United States,Maryview,finance,False
e1edd,Male,29,25-34,United States,Calebville,lifestyle,False
2d16a,Male,26,25-34,India,Meyermouth,"technology, travel",False
eeebb,Male,18,18-24,Brazil,West Madelinebury,"gaming, fashion",False
51511,Male,26,25-34,Canada,North Amanda,"fitness, gaming",False
18792,Other,29,25-34,India,New Chad,"art, news, food",False
5ff96,Male,18,18-24,Germany,Nathanielchester,"lifestyle, photography, travel",False
e584e,Female,24,18-24,Brazil,East Kimberly,gaming,False
2f822,Female,21,18-24,United States,Knoxmouth,gaming,False
fdb55,Female,28,25-34,Brazil,East Jennifer,"travel, finance",False
d6907,Female,24,18-24,Germany,Williamsmouth,"health, fitness, sports",False
96eda,Other,25,25-34,United States,East Jordanton,"technology, food",False
a0a2d,Female,30,25-34,India,Munozfurt,"lifestyle, technology",False
1493d,Female,33,25-34,Mexico,Perezborough,"sports, lifestyle, food",False
dbc74,Female,16,16-17,Japan,Jessicachester,"finance, food, gaming",False
79884,Male,33,25-34,United States,West Deborah,photography,False
0162f,Male,26,25-34,United States,Phillipsmouth,fitness,False
d1a9f,Male,28,25-34,Canada,Port Blake,photography,False
9a2dd,Male,28,25-34,United States,West Joshua,fashion,False
f7778,Female,39,35-44,India,Madisonmouth,health,False
4fd5d,Female,30,25-34,Brazil,Perryfort,"technology, art, photography",False
3fc94,Male,32,25-34,Mexico,Melissaborough,"fashion, technology, lifestyle",True
a5041,Female,17,16-17,Mexico,Samuelfort,gaming,False
01585,Other,16,16-17,United States,New Kaylaborough,fashion,False
afc4b,Female,24,18-24,Mexico,Lake Susan,"art, fashion, health",False
fb723,Male,45,45-54,United States,North Colleen,"art, travel, gaming",False
bcaf4,Male,26,25-34,Australia,South Brandonview,"art, health, fitness",False
a2bed,Male,29,25-34,United States,New James,lifestyle,False
45769,Male,39,35-44,United Kingdom,West Jessica,"finance, art, news",False
638d4,Male,65,55-65,United Kingdom,Cameronfurt,travel,False
bc5d7,Female,19,18-24,Germany,Justinbury,"lifestyle, travel, fashion",False
2481a,Female,48,45-54,Germany,Taylorhaven,"art, finance, fitness",False
7817e,Male,20,18-24,United States,Robertsmouth,"technology, fashion",False
6d61b,Male,39,35-44,Germany,Port Patricia,"news, art",False
26c8a,Female,47,45-54,United Kingdom,Jillside,"health, fashion",False
69995,Male,16,16-17,Mexico,Courtneybury,food,False
adf01,Male,30,25-34,United Kingdom,North Andrew,"news, gaming",False
63dc3,Female,26,25-34,United States,East Joseph,"lifestyle, sports, technology",False
1904c,Other,34,25-34,Canada,Lake Lisaburgh,"finance, art, food",False
619d3,Male,20,18-24,Brazil,Griffinfurt,"fitness, news",False
89c9f,Male,18,18-24,Canada,New Michael,"fashion, sports, technology",False
c6f6d,Female,21,18-24,United States,Amandaton,lifestyle,False
951bf,Male,26,25-34,Japan,Davisburgh,"art, lifestyle, food",False
3d0e7,Female,32,25-34,United Kingdom,Port Mariaview,"news, travel",False
4ac5e,Male,21,18-24,Mexico,South Lawrence,gaming,False
2d325,Male,37,35-44,Japan,East Karenshire,art,False
a29a8,Male,36,35-44,United Kingdom,Lake Julieport,"photography, fitness, health",False
c91e7,Male,20,18-24,United States,East Elizabethfurt,fitness,False
7dc46,Female,32,25-34,Mexico,West Dylanshire,"technology, gaming",False
14cfd,Female,19,18-24,United Kingdom,Frazierville,fitness,False
1ac9e,Male,37,35-44,United Kingdom,Phillipsview,"travel, finance",False
7a516,Male,31,25-34,United Kingdom,Allenview,"gaming, travel",False
480a3,Female,28,25-34,United States,New Kyliemouth,food,False
5e891,Female,24,18-24,United States,West Michael,"lifestyle, technology, travel",False
325c2,Male,17,16-17,United States,Tamaratown,food,False
cf64c,Other,30,25-34,Canada,Vasqueztown,sports,False
fef97,Male,29,25-34,Germany,Christopherland,"travel, health",False
d38f9,Female,27,25-34,India,Anthonyside,"art, sports, fashion",False
c2963,Male,30,25-34,Japan,Peckland,"lifestyle, photography",False
93c3e,Other,31,25-34,India,Lake James,gaming,False
6558e,Male,24,18-24,Germany,Norrisview,"fitness, fashion, food",False
737f9,Other,27,25-34,Mexico,Jacksonstad,"lifestyle, gaming",False
082f4,Male,22,18-24,Japan,North Josephfort,"fitness, technology",False
f0180,Female,42,35-44,Japan,Port Johnview,"health, lifestyle, fashion",False
b0b9d,Male,27,25-34,Canada,Hernandezport,"food, health",False
9ae97,Male,41,35-44,Germany,Caseymouth,"news, technology, lifestyle",False
ae018,Male,24,18-24,United States,Schwartzbury,"technology, food",False
0bc40,Male,28,25-34,Japan,Port Amber,"fashion, photography, gaming",False
95284,Female,23,18-24,Canada,South Cameronside,photography,False
49cf4,Male,27,25-34,Brazil,Danielhaven,"fashion, gaming, finance",False
43428,Male,30,25-34,United States,East Ana,"fitness, technology",False
ddec6,Female,24,18-24,Australia,Crystalland,"sports, news",False
123b4,Male,20,18-24,Australia,Meganborough,"finance, travel, technology",False
42683,Male,23,18-24,United States,Catherineberg,"fashion, art",False
71266,Male,25,25-34,United States,East Daniel,"food, art",False
e9eb6,Female,33,25-34,United Kingdom,Lake Cynthia,health,False
a19cc,Female,24,18-24,Germany,West Lesliestad,"news, art",False
5d7d8,Male,29,25-34,United Kingdom,Port Robertoberg,food,False
b2c80,Male,16,16-17,Germany,Warrenborough,"fashion, health",False
8e69e,Other,17,16-17,Australia,Brownmouth,"lifestyle, photography, travel",False
32aea,Male,19,18-24,Australia,Stanleyside,"news, fashion, lifestyle",False
a3149,Other,28,25-34,India,South Edgarview,sports,False
d691d,Other,28,25-34,Canada,Virginiatown,"fitness, lifestyle",False
7bced,Other,27,25-34,United States,Shafferberg,"travel, sports, fitness",False
92021,Male,28,25-34,Canada,East Victoria,"travel, health, fashion",False
57569,Male,16,16-17,France,Williston,"news, lifestyle",False
74627,Male,30,25-34,Japan,Lake Daniel,lifestyle,False
dea6f,Male,29,25-34,United States,Adriennestad,"fashion, finance",False
be218,Other,23,18-24,Australia,Port Janice,"fitness, travel",False
70a5d,Female,29,25-34,United States,Bradleyville,"news, food",False
4d4de,Male,27,25-34,India,Breannaview,"fashion, travel",False
f5ccd,Male,22,18-24,United States,Campbellborough,"technology, gaming, sports",False
aee71,Male,23,18-24,United States,Smithburgh,fitness,False
0c6d9,Female,30,25-34,United States,Davidbury,"fitness, gaming",False
1ffec,Female,19,18-24,France,Scottville,"lifestyle, finance",False
245ba,Male,39,35-44,India,West Angela,finance,False
7335d,Female,41,35-44,Germany,Tylerbury,"fashion, fitness, finance",False
3f8dd,Male,19,18-24,United States,West Lori,"sports, technology",False
4e226,Male,26,25-34,United States,Dylanhaven,"finance, photography, fitness",False
56172,Male,24,18-24,Japan,East Sonya,news,False
e59a9,Male,32,25-34,Mexico,Johnport,"fitness, health, sports",False
eea03,Female,34,25-34,United Kingdom,Jeromeside,health,False
207b0,Female,39,35-44,United Kingdom,Port Ryan,"technology, food, gaming",False
305eb,Male,29,25-34,France,Barberberg,gaming,False
95917,Male,27,25-34,United States,New Ryanfort,"news, food, health",False
03454,Male,20,18-24,Germany,West Jessetown,"gaming, art",False
3af35,Male,31,25-34,India,Katherinechester,"sports, fashion",False
5562d,Male,20,18-24,United States,Michellefurt,"fashion, finance",False
2b1d1,Male,26,25-34,India,South William,news,False
02398,Male,23,18-24,United States,North Christinachester,lifestyle,False
986cb,Female,20,18-24,United States,Jackburgh,food,False
b0ea4,Male,16,16-17,United Kingdom,Erinport,art,False
98d20,Female,22,18-24,Japan,East Kathryn,fashion,False
25d65,Male,21,18-24,Canada,West Thomasport,"fashion, sports, finance",False
a7413,Other,23,18-24,United Kingdom,New Jasonmouth,"travel, art, health",False
d04d9,Male,21,18-24,United States,Ericshire,"lifestyle, photography, food",False
955af,Other,34,25-34,Japan,Meredithstad,food,False
a3b8b,Male,23,18-24,Australia,East Chad,"art, sports",False
1dc35,Male,28,25-34,France,New Michael,food,False
18e53,Male,16,16-17,Canada,Rubenstad,"technology, finance",False
df06d,Male,20,18-24,Canada,North Michael,"photography, fitness, fashion",False
5ac9c,Male,27,25-34,United States,New Kristyberg,news,False
32b43,Male,34,25-34,India,Kingmouth,technology,False
24884,Female,24,18-24,Brazil,Thomasland,"finance, fitness, lifestyle",False
3de23,Female,22,18-24,France,Richardsstad,"health, fashion",False
a70fe,Male,28,25-34,Australia,East Chad,"news, art",False
a0199,Female,36,35-44,United States,West Raymond,"fashion, technology, health",False
d7f8b,Female,18,18-24,Canada,Chenberg,"health, travel, photography",False
22d69,Male,27,25-34,United States,Johnsonberg,art,False
7838a,Male,36,35-44,Japan,New Jonathanville,"lifestyle, news, food",False
c2a8d,Male,22,18-24,Australia,West Stephen,lifestyle,False
58e52,Female,19,18-24,United Kingdom,Lake Jodi,gaming,False
46816,Female,30,25-34,Germany,Lake Rhonda,photography,False
0933e,Male,28,25-34,India,New Maria,"travel, finance",False
71e18,Male,34,25-34,India,South Alexis,"travel, fashion",False
a6c11,Male,22,18-24,United States,Stevenville,finance,False
1281b,Male,22,18-24,United Kingdom,Brownmouth,"lifestyle, health, travel",False
f97fe,Male,24,18-24,United Kingdom,Rodriguezton,fitness,False
c65ba,Other,29,25-34,United States,East Brianstad,"gaming, news, travel",False
8fb82,Female,16,16-17,United Kingdom,New Amandaberg,sports,False
54618,Male,20,18-24,India,Callahanport,"finance, lifestyle, gaming",False
c145a,Male,16,16-17,Mexico,Brianborough,fashion,False
d7919,Female,22,18-24,United Kingdom,Davidbury,"art, sports",False
40e11,Other,20,18-24,Germany,Martinshire,"food, news",False
3238b,Female,21,18-24,Australia,Brockport,"finance, sports, gaming",False
b908f,Female,36,35-44,United Kingdom,North Valerie,"photography, sports, food",False
6d7b0,Male,20,18-24,United Kingdom,Dylanborough,"sports, art",False
7f619,Female,43,35-44,United States,West Emilyborough,"fashion, finance",False
78f59,Male,24,18-24,Brazil,Sarahshire,sports,False
6ff6c,Female,23,18-24,United Kingdom,West Corytown,"finance, fitness",False
8efb3,Male,29,25-34,United Kingdom,West Joanne,"news, finance",False
5aee5,Male,23,18-24,United States,Edwardsmouth,"fashion, news",False
e2656,Female,23,18-24,United States,New Caleb,"photography, food, sports",False
2653f,Other,22,18-24,United States,North Jamesburgh,"news, art",False
8e72e,Male,51,45-54,United Kingdom,Port Toni,food,False
cd865,Female,22,18-24,Germany,New Davidton,"food, gaming",False
b30c8,Female,25,25-34,United Kingdom,Deborahmouth,"health, finance",False
955f6,Male,25,25-34,Canada,Jacksonchester,technology,False
25f2f,Other,26,25-34,United Kingdom,New Lauraville,"food, photography, gaming",False
c0298,Male,31,25-34,Mexico,Leachton,finance,False
6283b,Male,32,25-34,United Kingdom,Lake Latasha,"photography, technology, sports",False
7d37a,Female,19,18-24,United States,West Stephanieland,"fashion, technology, gaming",False
b884f,Male,20,18-24,Australia,New Deborahton,"gaming, travel, health",False
570cb,Female,34,25-34,United Kingdom,North Cherylside,"technology, sports",False
24283,Female,21,18-24,United States,Hancockfurt,"art, travel, fitness",False
be5ec,Female,19,18-24,India,East Gabrielberg,"travel, fitness, fashion",False
88d1e,Female,21,18-24,United States,Millerport,"sports, travel, lifestyle",False
43872,Female,27,25-34,Brazil,Jeffreybury,"news, gaming",False
4e7cf,Female,18,18-24,United States,Davisburgh,gaming,False
22fe7,Male,26,25-34,Brazil,East Charleston,sports,False
097a5,Female,31,25-34,Australia,New Heatherville,"health, sports",False
52e2e,Female,25,25-34,France,Millsbury,"sports, art, fashion",False
4ffbb,Other,23,18-24,United Kingdom,Kleinfurt,"news, health",False
83165,Female,23,18-24,United Kingdom,North Paul,technology,False
8865e,Female,41,35-44,United States,West Alexandramouth,sports,False
d03d7,Male,20,18-24,Mexico,Martinhaven,"fitness, fashion, lifestyle",False
620a2,Male,16,16-17,Germany,East Kristinstad,technology,False
49c5c,Female,22,18-24,Mexico,Paulport,"travel, health",True
46910,Male,16,16-17,Canada,South Jeffreyville,"art, health, news",False
25884,Male,29,25-34,United Kingdom,Emilyborough,"photography, sports, finance",False
7a9a4,Male,37,35-44,United States,East Bethmouth,photography,False
dda3a,Other,30,25-34,Canada,Lake Jonathan,"travel, lifestyle, food",False
cf05e,Female,37,35-44,United States,South Jessica,travel,False
f5843,Female,16,16-17,Germany,Hamptonchester,food,False
261e0,Male,16,16-17,Mexico,Port Jenniferside,art,False
336d3,Female,45,45-54,United Kingdom,East Michaelhaven,"sports, health, gaming",False
1cd98,Male,20,18-24,India,East Caitlinview,travel,False
0aa97,Male,24,18-24,United States,South Tracyview,"fashion, fitness, sports",False
a5b3b,Female,16,16-17,United Kingdom,New Nicole,lifestyle,False
0605f,Other,36,35-44,India,Erintown,sports,False
a4889,Male,20,18-24,Canada,Simston,food,False
878b1,Female,22,18-24,United Kingdom,Frazierville,lifestyle,True
0fae7,Male,32,25-34,United States,South James,"photography, sports, gaming",False
90429,Male,18,18-24,Australia,Fisherborough,lifestyle,False
7b81e,Male,28,25-34,United Kingdom,Harrisside,finance,False
94c09,Female,18,18-24,United States,Derrickside,finance,False
5a8e5,Male,42,35-44,United States,Lake Mary,"finance, sports, travel",False
43a65,Other,31,25-34,Australia,North Eric,news,False
27a7d,Male,29,25-34,United States,Terrencefort,"travel, lifestyle",False
3ae41,Female,16,16-17,United States,Smithstad,"lifestyle, art",False
04a6b,Male,19,18-24,United Kingdom,East Heatherland,"food, gaming",False
31951,Female,27,25-34,Mexico,New Glennfurt,"news, art",False
57e75,Male,28,25-34,Brazil,South Stacy,photography,False
40cce,Male,19,18-24,Mexico,Martinhaven,"gaming, lifestyle",False
784b3,Other,34,25-34,United Kingdom,East Glendastad,art,False
57677,Male,28,25-34,Brazil,Hughesburgh,"finance, photography, health",False
74e97,Other,62,55-65,United States,Duartehaven,fitness,False
c3092,Female,26,25-34,Australia,East Randall,"health, lifestyle, sports",False
ae051,Male,23,18-24,United States,East Melissa,sports,False
9e276,Male,16,16-17,United States,Karenmouth,news,False
e3871,Other,35,35-44,United States,Lucasborough,"art, technology, photography",False
fb585,Other,24,18-24,United States,Michelleburgh,"fitness, gaming",False
78970,Female,18,18-24,United States,Gonzalezberg,"gaming, travel, fashion",False
e46f7,Male,29,25-34,United States,Codyberg,"art, technology",False
e805c,Male,24,18-24,United States,Mcdonaldfurt,art,False
18a43,Male,28,25-34,United States,Andersonland,"photography, fashion",False
3ca21,Male,28,25-34,France,South Jonathanbury,lifestyle,False
e0ffa,Male,22,18-24,India,Patrickview,"lifestyle, art",False
878b1,Other,18,18-24,India,North Elizabeth,"news, finance",True
c9e12,Female,18,18-24,Japan,Paulfort,"fashion, news",False
5b11f,Male,16,16-17,United States,Shannonhaven,"technology, sports",False
7dc64,Male,34,25-34,Canada,Wuton,"lifestyle, finance, fashion",False
14490,Male,27,25-34,France,Morashire,"lifestyle, art",False
b5655,Female,29,25-34,United States,Paulburgh,"art, fitness",False
a501a,Male,16,16-17,France,Austintown,"fashion, fitness, lifestyle",False
f8b51,Other,34,25-34,United States,West James,"health, fashion, finance",False
52d1f,Male,21,18-24,United States,Norrismouth,lifestyle,False
1e64b,Male,35,35-44,Brazil,Smithbury,gaming,False
90310,Male,16,16-17,India,Longville,"travel, technology",False
33920,Female,16,16-17,United States,Youngview,"travel, gaming, fashion",False
0dd23,Male,48,45-54,Brazil,Lake Michael,"gaming, sports, news",False
3bdcf,Male,32,25-34,Canada,Port Jonathan,"gaming, fitness, technology",False
b1db1,Male,32,25-34,United States,Leonardburgh,finance,False
1015d,Female,17,16-17,Australia,Susanport,"health, finance",False
e1056,Other,28,25-34,United Kingdom,Cameronberg,fashion,False
e7c9e,Female,16,16-17,Germany,Robertberg,technology,False
258ef,Male,26,25-34,United States,Maxwellville,"art, lifestyle, news",False
ca197,Male,16,16-17,United States,Lake Kari,fashion,False
6425e,Female,34,25-34,United Kingdom,West Williamstad,"health, fashion, fitness",False
73cae,Female,27,25-34,Germany,New William,"technology, photography",False
91b6a,Male,32,25-34,Canada,Wilsonbury,health,False
b0fac,Male,16,16-17,Mexico,South Michael,fitness,False
e1482,Other,37,35-44,United States,Christophershire,"sports, finance",False
5a848,Male,35,35-44,India,Breannaside,"travel, food",False
c224e,Other,31,25-34,Brazil,Castrotown,"news, finance",False
0739f,Female,20,18-24,India,East Franciscobury,finance,False
84a60,Male,30,25-34,United States,Amandamouth,"finance, food, technology",False
33183,Male,35,35-44,United States,Hilltown,"lifestyle, travel, fitness",False
96a41,Female,22,18-24,India,Morenoview,"technology, art, fitness",False
9c989,Female,28,25-34,Canada,Velazquezmouth,"food, gaming, finance",False
e41a5,Female,27,25-34,Germany,Lake Amber,fashion,False
da029,Male,52,45-54,United Kingdom,West Tyler,"food, art",False
58f0d,Male,39,35-44,Mexico,Aaronfort,"art, news, health",False
91ef6,Female,32,25-34,United Kingdom,Jacobsmouth,"photography, news, gaming",False
7be0a,Female,19,18-24,United Kingdom,Timothyberg,news,False
6aafc,Male,37,35-44,United Kingdom,Lake Lindseyborough,"technology, gaming",False
7d3b4,Other,28,25-34,Canada,West Sarah,"fitness, food, lifestyle",False
1f16e,Female,25,25-34,India,Jordanfort,"lifestyle, finance",False
04a36,Male,38,35-44,India,Simpsonview,"finance, fashion, technology",False
7fd01,Female,21,18-24,United States,Chapmantown,"sports, travel, health",False
83cc6,Male,29,25-34,United States,Lake Davidstad,"sports, lifestyle, fashion",False
36050,Female,22,18-24,Mexico,Moralesville,sports,False
d53cd,Male,35,35-44,United Kingdom,North Brandiview,"gaming, fashion, lifestyle",False
ce004,Male,19,18-24,Mexico,West Lindsaytown,gaming,False
8da2d,Male,20,18-24,United States,Garciastad,"sports, finance, lifestyle",False
67757,Male,20,18-24,Brazil,Lake Isaiahland,"lifestyle, fashion",False
51415,Male,25,25-34,France,Port Laurenport,"gaming, news, travel",False
0e846,Female,16,16-17,United Kingdom,West Amychester,"fashion, technology, sports",False
b12a8,Male,18,18-24,United States,North Patriciaside,sports,False
6f2cf,Male,35,35-44,United Kingdom,Lake Michelleland,food,False
b56bd,Male,29,25-34,United States,Robertton,"fashion, photography, lifestyle",False
3106c,Female,29,25-34,United States,Christinafort,"travel, sports",False
29563,Other,18,18-24,United States,West Loriview,finance,False
3adc2,Female,34,25-34,Australia,New Brendaville,"art, sports",False
bf91d,Male,17,16-17,Australia,New Davidborough,"gaming, fashion, technology",False
ea6c3,Male,25,25-34,France,Hurstfurt,sports,False
06e0a,Male,18,18-24,United States,East Patrick,"travel, photography",False
6506a,Other,28,25-34,India,South Ethanhaven,gaming,False
b3455,Female,29,25-34,Australia,Schmidtville,"finance, travel, fitness",False
d265b,Female,36,35-44,Germany,Port Cathy,"travel, technology, health",False
cb02f,Male,20,18-24,Mexico,Piercefort,"food, art",False
7696a,Male,26,25-34,Germany,Lyonsshire,health,False
2bdbe,Male,18,18-24,United Kingdom,North Alyssa,"art, health, finance",False
3253f,Female,26,25-34,Canada,South Joshuaville,"technology, lifestyle",False
6d6c3,Male,22,18-24,United Kingdom,New Dylanton,"art, news",False
4e013,Other,30,25-34,India,Port Daletown,"food, travel",False
33581,Male,27,25-34,Canada,Hardingshire,"gaming, food, finance",False
b19be,Female,32,25-34,Australia,East Michaelville,"lifestyle, finance, fitness",False
0b17d,Female,24,18-24,United States,Wrightmouth,"photography, finance",False
9d9d7,Male,18,18-24,France,South Debrachester,"art, technology, fashion",False
e2cb9,Female,23,18-24,United States,South Robertmouth,"lifestyle, finance",False
ab9ad,Female,38,35-44,Japan,Underwoodville,news,False
e1a43,Male,42,35-44,Germany,Ericport,"finance, fitness",False
3c3d8,Female,16,16-17,Brazil,Ashleymouth,"food, fitness",False
e3afc,Female,29,25-34,United States,Carolview,"food, news, art",False
68859,Female,38,35-44,United States,South Joshua,"photography, travel",False
3add1,Male,24,18-24,Brazil,Pittmanburgh,"fitness, photography, finance",False
287ac,Male,28,25-34,Japan,Morganside,"lifestyle, health",False
d73cc,Male,18,18-24,United Kingdom,Alanton,fashion,False
8b76b,Male,25,25-34,Brazil,Matthewburgh,sports,False
9a2e0,Male,36,35-44,Germany,East Shannontown,"photography, gaming",False
a301a,Male,17,16-17,India,Langbury,"lifestyle, news",False
8c149,Female,33,25-34,Australia,North Keithland,"photography, fashion, health",False
d17e4,Female,19,18-24,United States,South Carrie,news,False
f7ebd,Male,29,25-34,India,Heathertown,"food, fitness",False
73527,Male,29,25-34,United States,South George,news,False
27618,Male,43,35-44,Brazil,Lake Maria,"news, technology",False
a6e73,Male,22,18-24,Japan,South Alexander,lifestyle,False
a468f,Female,23,18-24,Germany,South Anthonyside,health,False
38646,Female,23,18-24,India,Andersontown,"technology, food",False
7a607,Female,44,35-44,United States,East Ryan,"sports, fashion",False
1b0d6,Male,34,25-34,United Kingdom,East Melinda,"technology, travel",False
25379,Male,17,16-17,Germany,West Katherineville,"lifestyle, photography, sports",False
86383,Male,23,18-24,Japan,South Tanya,"health, finance, art",False
53b4b,Male,23,18-24,Canada,West Alexandra,gaming,False
64a78,Male,26,25-34,United States,Christinabury,health,False
6209c,Male,34,25-34,Germany,Kaitlynport,food,False
54459,Male,31,25-34,Canada,Smithshire,"health, news, fitness",False
5bc57,Female,16,16-17,India,Torresberg,"food, finance, lifestyle",False
a31b2,Female,25,25-34,India,Markbury,food,False
6295a,Female,23,18-24,United States,Donnaside,"fitness, finance, news",False
1e498,Male,21,18-24,India,South Michaelton,"news, lifestyle, travel",False
ee923,Male,19,18-24,Mexico,Stonetown,"technology, food",False
87398,Male,25,25-34,Germany,Christensenfurt,"technology, finance, lifestyle",False
6e400,Male,27,25-34,United Kingdom,East Dennis,"lifestyle, art",False
d8a80,Male,23,18-24,Brazil,Josephport,gaming,False
a397b,Female,30,25-34,India,North Robertfort,news,False
fa0c4,Male,30,25-34,Canada,East Kathryn,photography,False
7b0a5,Male,23,18-24,Mexico,Michelleshire,fashion,False
32278,Female,29,25-34,Germany,Heidishire,"art, finance, photography",False
ca72b,Male,21,18-24,United Kingdom,Port Cynthiabury,"finance, technology",False
08d2a,Male,31,25-34,United Kingdom,North Lori,fashion,False
f69fb,Male,29,25-34,United States,Shannonberg,technology,False
e29cf,Male,23,18-24,United States,Walkerhaven,news,False
f266a,Female,24,18-24,United States,Port Tracey,"travel, sports, gaming",False
e11eb,Female,39,35-44,France,Zacharybury,"food, sports",False
0d3fb,Other,26,25-34,Japan,Port Paige,sports,False
85397,Male,42,35-44,India,Dianemouth,"art, finance, health",False
8c0a6,Male,20,18-24,Mexico,South Mikeville,"food, travel",False
20787,Male,23,18-24,United States,New Janet,"fashion, news",False
4f9b3,Male,24,18-24,United States,South Susan,"fitness, food",False
05720,Female,32,25-34,Brazil,Jacksonmouth,"technology, travel",False
788c1,Male,24,18-24,United Kingdom,Markchester,"technology, photography, fashion",False
c9c60,Male,35,35-44,United States,Singhmouth,"health, art, lifestyle",False
67950,Female,35,35-44,Brazil,East Jasmineburgh,"lifestyle, art",False
863c0,Female,32,25-34,Canada,Lake Victoriachester,"sports, technology",False
d5e7f,Male,36,35-44,Brazil,Huntmouth,"photography, news",False
d12ea,Female,29,25-34,India,Lake Benjamin,sports,False
f386d,Male,40,35-44,France,Lake Ricardoborough,"art, food",False
3fd01,Male,18,18-24,United States,Port Josephport,technology,False
48ba9,Female,31,25-34,United States,Robertbury,"gaming, photography, art",False
1b227,Male,37,35-44,Germany,West Benjamin,health,False
60219,Other,27,25-34,United States,Wilsonstad,"lifestyle, gaming, sports",False
49a8e,Female,36,35-44,Australia,Tylerhaven,"health, travel, food",False
cd9e9,Male,18,18-24,United States,Ericamouth,"fashion, gaming, health",False
1436d,Other,16,16-17,Canada,Danielleview,lifestyle,False
5fbcc,Other,32,25-34,Brazil,Lake Carlaville,"health, travel",False
2923b,Male,47,45-54,United Kingdom,West Williamton,finance,False
0cdf2,Female,28,25-34,United Kingdom,Anthonyton,"food, sports",False
09e83,Other,39,35-44,Mexico,Kylefort,"travel, sports",False
05055,Male,34,25-34,United States,Murraymouth,"food, fashion, travel",False
8fb7e,Male,17,16-17,Japan,West Tammyberg,health,False
00062,Female,16,16-17,France,Davidside,"photography, art, food",False
23b52,Male,17,16-17,United States,Mccoyhaven,"news, fashion, lifestyle",False
56205,Male,44,35-44,United Kingdom,Greentown,"sports, art, travel",False
629df,Male,19,18-24,United States,Alexismouth,"travel, news, finance",False
a49e8,Female,26,25-34,France,South Deborahfort,"gaming, fashion, fitness",False
2dd09,Female,39,35-44,United Kingdom,Deborahtown,sports,False
86cca,Male,27,25-34,Canada,Rogershaven,"photography, travel",False
2c11d,Male,19,18-24,United States,North Jenniferhaven,"photography, sports, fashion",False
6e0fb,Female,16,16-17,Brazil,Thorntonside,travel,False
b0580,Female,23,18-24,Japan,Evansborough,"fitness, news, photography",False
057d7,Male,27,25-34,India,West Natashafurt,"finance, technology",False
47173,Male,19,18-24,United States,Port Julia,"fitness, sports",False
e21d1,Male,30,25-34,United States,New Christopher,"fitness, photography",False
f2c92,Male,29,25-34,United States,South Steve,health,False
2e327,Male,30,25-34,Mexico,Hartmouth,lifestyle,False
fdccb,Male,26,25-34,Australia,West Timothyport,finance,False
a15f7,Female,24,18-24,India,Lopezhaven,technology,False
cf304,Male,25,25-34,Germany,North Christinetown,"gaming, fitness, food",False
7e587,Male,28,25-34,United States,Amandastad,"lifestyle, fitness, gaming",False
c80f5,Male,33,25-34,Brazil,North Tara,"lifestyle, news, art",False
b9807,Male,24,18-24,United States,Edwardsville,"travel, art",False
235d7,Other,26,25-34,United Kingdom,Jenniferborough,"fashion, health",False
d69bb,Male,23,18-24,India,Donnaburgh,"lifestyle, news",False
dd18f,Male,20,18-24,Germany,New Danielfort,"food, art, finance",False
effbb,Male,29,25-34,France,Christopherhaven,"gaming, travel",False
dc3ab,Male,19,18-24,Germany,North Susan,"art, gaming, fitness",False
08476,Other,19,18-24,United States,Port Ericaport,"lifestyle, finance, fitness",False
8a95b,Male,17,16-17,United States,Kathleenport,"health, fitness, lifestyle",False
f6b65,Male,21,18-24,United Kingdom,Wheelertown,finance,False
18c77,Female,22,18-24,Brazil,Leeton,"food, sports",False
902ad,Female,58,55-65,Australia,Port Jonathan,fashion,False
47333,Male,37,35-44,Germany,East Calebland,"food, photography",False
b34cd,Other,20,18-24,United States,Laneberg,"art, news",False
9a25d,Female,24,18-24,Brazil,Gilmorefort,"art, news, food",False
632c6,Female,26,25-34,United States,Davidland,"finance, gaming",False
9cf99,Female,22,18-24,United States,Elizabethchester,"food, sports, travel",False
2c4bf,Male,29,25-34,Canada,Robertstad,"photography, art, fitness",False
f9bd3,Female,24,18-24,United States,Lake Pamela,"finance, sports, technology",False
823a4,Male,16,16-17,United Kingdom,Benderstad,"art, technology, travel",False
eeb3d,Other,31,25-34,Germany,Lake Donaldberg,"technology, photography, fashion",False
e2eaa,Male,30,25-34,Australia,Brianburgh,"news, health",False
013fe,Other,16,16-17,United Kingdom,Hayesfurt,"gaming, fashion",False
8996f,Female,23,18-24,Australia,Courtneyview,"lifestyle, sports, technology",False
b6206,Female,17,16-17,Canada,Port Aaronshire,"finance, photography, technology",False
9a5ed,Female,32,25-34,United States,East Ericville,finance,False
ba61b,Other,24,18-24,United States,Woodston,news,False
b16fc,Male,27,25-34,United States,Christopherfurt,"lifestyle, news",False
dc041,Male,47,45-54,United States,Jillland,"photography, health",False
29ea6,Female,27,25-34,Mexico,New Amberport,"fitness, photography",False
5900c,Female,36,35-44,Brazil,West Herbertland,"art, technology, health",False
3930c,Female,26,25-34,United States,North Laura,"photography, gaming",False
a627d,Female,35,35-44,United States,Harperside,"photography, technology",False
a1835,Other,25,25-34,India,Virginiashire,"food, health, travel",False
d1ee6,Male,35,35-44,United States,Lake Melody,"fitness, photography, travel",False
df54e,Male,47,45-54,Germany,West Anthonychester,art,False
1c20a,Male,17,16-17,United States,West Alisonfurt,health,False
0e9cb,Male,26,25-34,United States,North John,"lifestyle, photography, fitness",False
8b9a6,Male,20,18-24,United States,East Jodiport,"news, lifestyle",False
15f26,Female,17,16-17,United Kingdom,West Jessicaton,travel,False
95391,Female,26,25-34,France,Andersonfurt,"photography, art",False
8c466,Male,35,35-44,India,North Jose,"finance, technology, news",False
dc5bb,Other,34,25-34,United Kingdom,Wagnertown,"photography, fashion",False
40382,Male,21,18-24,United Kingdom,North Christian,"photography, food",False
04625,Female,16,16-17,Australia,Chavezland,"technology, fashion",False
0fe76,Female,28,25-34,India,South Regina,"sports, art",False
8d4bd,Other,34,25-34,Canada,Billyton,news,False
7d938,Male,41,35-44,United Kingdom,Petersonport,"fashion, technology",False
9c0b9,Male,32,25-34,Canada,Parkerton,"lifestyle, finance, food",False
f5cfd,Male,25,25-34,United Kingdom,Lake Randy,"news, photography, gaming",False
15cee,Female,28,25-34,United Kingdom,Paulport,"photography, lifestyle",False
cef30,Female,29,25-34,Mexico,Paulview,"health, lifestyle, finance",False
e2115,Female,37,35-44,Japan,Stevensfurt,"fashion, travel, finance",False
ec457,Female,25,25-34,United Kingdom,South Bradley,"fashion, lifestyle, photography",False
a38e6,Female,30,25-34,United States,Huertaborough,sports,False
6d182,Female,22,18-24,United Kingdom,Ryanburgh,"travel, gaming",False
cbf7b,Male,18,18-24,Australia,North Lisatown,travel,False
58782,Male,24,18-24,Australia,Sethland,"technology, finance, lifestyle",False
96354,Male,16,16-17,United Kingdom,North Megan,finance,False
cfaae,Female,45,45-54,United Kingdom,Lake Jay,health,False
52a28,Male,61,55-65,United States,Williamport,health,False
44cd4,Male,22,18-24,United Kingdom,Antoniomouth,"travel, finance, health",False
d81a2,Female,25,25-34,Canada,Jordanland,"technology, gaming",False
e0f54,Male,37,35-44,United States,Sherichester,"health, travel",False
0a8a3,Female,22,18-24,Japan,West Richard,"fitness, food, health",False
9d6cb,Male,25,25-34,Germany,South Daniel,art,False
36660,Female,27,25-34,United States,Mooremouth,"news, food",False
12965,Female,16,16-17,Australia,Smithside,"gaming, finance, travel",False
2628d,Other,16,16-17,United Kingdom,West Evelyn,"fashion, finance",False
20cd5,Male,58,55-65,India,Medinahaven,"photography, health",False
330ff,Male,30,25-34,Germany,North Wanda,"news, finance",False
a49a7,Male,27,25-34,United States,Brittneybury,"health, art",False
77cfa,Female,31,25-34,United States,Hughesburgh,"gaming, photography",False
f32a9,Other,31,25-34,Australia,Josephborough,fashion,False
70bf4,Male,25,25-34,Germany,Sharonside,"lifestyle, news, photography",False
c8ec9,Other,16,16-17,United Kingdom,North Donna,finance,False
796b3,Male,23,18-24,United States,Christineville,"finance, news",False
3946c,Female,29,25-34,Germany,South Benjamin,news,False
83c65,Female,50,45-54,Australia,New David,"health, technology, food",False
681d1,Female,20,18-24,Mexico,North Lauraberg,"health, lifestyle, art",False
75282,Female,16,16-17,United States,Woodmouth,"photography, art, fashion",False
2ddfc,Female,38,35-44,United States,Merrittside,"food, fitness, art",False
9cccf,Male,23,18-24,Germany,South Haleyland,sports,False
5f8d4,Male,31,25-34,United States,Lake Andrewberg,"food, gaming",False
f9e62,Male,37,35-44,Brazil,Port Georgemouth,travel,False
4d86d,Female,32,25-34,Brazil,New Williamshire,"art, photography",False
14e24,Other,17,16-17,United States,Cordovastad,fashion,False
71c30,Male,32,25-34,United States,Maryhaven,"travel, gaming",False
5e1a2,Male,27,25-34,France,Port Richard,travel,False
6318e,Male,16,16-17,United States,Brownport,sports,False
0f0fa,Male,42,35-44,Germany,Lake Michelemouth,"food, fitness",False
66bd2,Female,48,45-54,Japan,Thomasland,"fitness, finance",False
1a82a,Female,35,35-44,Canada,Port Natasha,sports,False
d5218,Male,37,35-44,United Kingdom,New Jenniferborough,"technology, food, photography",False
9b119,Female,22,18-24,France,Staceyshire,"technology, fashion, food",False
6ccb1,Male,33,25-34,United States,Patrickchester,lifestyle,False
6d851,Female,17,16-17,United States,East Briannabury,"health, technology",False
51e90,Other,21,18-24,Mexico,Lake Heathermouth,"fashion, photography",False
fe3d0,Male,25,25-34,Germany,North Carrieville,"news, travel",False
40e56,Female,24,18-24,Brazil,South Lisahaven,"photography, finance",False
98d30,Male,24,18-24,United Kingdom,New Caseybury,"technology, travel, gaming",False
48bdf,Female,25,25-34,Canada,New Samanthaview,"health, sports",False
a0cc9,Female,20,18-24,United States,Lake April,"news, technology, food",False
f7b44,Male,34,25-34,Australia,Herreraborough,"food, finance, photography",False
ffc27,Male,32,25-34,Canada,Foleyview,"health, sports, photography",False
0ef32,Female,19,18-24,India,Lake Ryan,"art, travel",False
b5abf,Male,42,35-44,United States,Lewisbury,health,False
058ba,Female,38,35-44,India,North Robertstad,gaming,False
eaca3,Female,40,35-44,United States,Longfort,"photography, fitness",False
060f3,Male,26,25-34,India,Sextonport,"technology, finance",False
4121a,Male,34,25-34,Australia,West Erinville,sports,False
06f72,Male,30,25-34,Canada,Johnsonville,"news, technology",False
fdb17,Female,26,25-34,Canada,Brownton,"fashion, lifestyle, technology",False
0863c,Female,25,25-34,France,New Susanville,"fitness, lifestyle",False
ec1ba,Male,63,55-65,India,New Michaelburgh,"sports, technology, finance",False
64fcc,Male,39,35-44,France,Adammouth,"food, news, fashion",False
15b97,Other,16,16-17,Japan,Burtonberg,"photography, finance",False
0b3a1,Male,24,18-24,Japan,Arnoldton,photography,False
d64dc,Male,21,18-24,India,Lake Chelsea,"fashion, fitness",False
ec683,Female,36,35-44,Mexico,Nicoleville,"sports, art",False
9ad84,Female,17,16-17,United States,Jonesborough,"gaming, sports, fitness",False
0c3a6,Female,29,25-34,United Kingdom,Morenostad,"health, news, fashion",False
04dce,Female,19,18-24,Brazil,Davidstad,"fitness, health, gaming",False
01512,Other,25,25-34,Mexico,Stephanieburgh,health,False
18424,Female,26,25-34,Mexico,West Alexis,fashion,False
d0bec,Female,36,35-44,Brazil,North Marthaborough,art,False
d7a5a,Female,33,25-34,India,West Lonnieshire,travel,False
de0b2,Female,30,25-34,United Kingdom,Michelleton,"photography, news",False
873bb,Male,16,16-17,United States,Saratown,art,False
6cf2e,Female,34,25-34,United Kingdom,South Amberport,"fashion, finance",False
23a43,Female,26,25-34,United States,North Destiny,"art, food",False
b0eec,Male,31,25-34,Canada,Meganland,photography,False
c5650,Female,30,25-34,United States,North Jaclynstad,art,False
186da,Female,21,18-24,United States,Henryside,"fitness, photography, lifestyle",False
20879,Male,40,35-44,Canada,Gonzalezfurt,"art, fashion",False
3016e,Male,29,25-34,United States,Annside,"art, technology, food",False
8aee0,Other,28,25-34,United States,Tracyborough,"sports, photography, technology",False
b7cc3,Female,18,18-24,United States,Heidishire,"food, lifestyle, technology",False
dfaa4,Female,19,18-24,Canada,Amberport,"fitness, food",False
b3e28,Male,17,16-17,United States,West Richardview,"travel, health, finance",False
985a3,Male,23,18-24,United States,South Jamesbury,technology,False
8fb23,Male,22,18-24,United States,Blankenshipfort,"sports, food, health",False
a5f27,Female,20,18-24,United Kingdom,Barbaraborough,"travel, fitness, sports",False
7cd20,Male,16,16-17,Canada,Oscarton,"sports, art, health",False
49357,Female,28,25-34,Canada,Dannyfort,"lifestyle, travel, sports",False
14f32,Female,37,35-44,United Kingdom,Craigfurt,"food, lifestyle, fitness",False
4972b,Female,33,25-34,India,South Karen,lifestyle,False
77342,Male,35,35-44,United Kingdom,West Cathytown,fitness,False
b1c66,Other,26,25-34,India,South Franciscoton,"fitness, news",False
ba684,Female,29,25-34,Brazil,South Allisonmouth,"travel, health, photography",False
14d54,Female,25,25-34,United Kingdom,East Carmen,"news, technology",False
73be0,Female,16,16-17,Germany,North James,"photography, health, fashion",False
a52ef,Male,28,25-34,United Kingdom,Millermouth,health,False
48a86,Male,31,25-34,Brazil,Millertown,"art, health, news",False
a52c6,Female,18,18-24,India,New David,technology,False
eaa7d,Female,28,25-34,United Kingdom,Cookhaven,"technology, gaming",False
991a5,Male,30,25-34,Germany,New Patrick,"food, health",False
9389b,Other,20,18-24,Brazil,East Judy,"finance, health",False
9fd9f,Male,30,25-34,Canada,Christopherside,"food, health, technology",False
aa652,Male,31,25-34,Canada,Johnfort,health,False
76bfd,Other,17,16-17,United Kingdom,South Diane,fashion,False
49037,Other,31,25-34,Canada,Lake Victoria,"food, health, finance",False
95882,Male,26,25-34,United States,Lake Aprilbury,"food, health",False
fc920,Male,16,16-17,Mexico,South Christopherside,"art, news",False
390f0,Male,24,18-24,Germany,Kathyburgh,photography,False
98feb,Female,20,18-24,United Kingdom,Morrisport,"health, art, travel",False
4def8,Male,18,18-24,India,Salazartown,art,False
5fb18,Male,36,35-44,United States,South Zoemouth,"fitness, sports",False
fa11e,Other,30,25-34,Mexico,East Danielbury,"lifestyle, health",False
f6b9a,Female,21,18-24,Canada,New Caroline,"sports, art, photography",False
9b960,Male,27,25-34,Canada,East Antonioview,technology,True
33f8a,Male,16,16-17,United States,Christinebury,lifestyle,False
9f0a5,Female,22,18-24,United Kingdom,East Jeffrey,technology,False
54839,Female,38,35-44,United States,Wendytown,"travel, fitness",False
72a9c,Male,26,25-34,United Kingdom,Stephanieberg,"health, fitness, food",False
4b817,Female,38,35-44,Germany,Wigginsmouth,travel,False
2b312,Male,20,18-24,United States,Castroberg,"lifestyle, sports, technology",False
1a39b,Male,19,18-24,United Kingdom,South Wesleymouth,technology,False
6e50b,Female,40,35-44,Canada,Port Kathyburgh,"food, fitness",False
efad1,Male,36,35-44,India,East Debrastad,"technology, photography, gaming",False
8b0f9,Male,25,25-34,United Kingdom,Christopherchester,gaming,False
2adc2,Male,24,18-24,United States,Port Thomastown,"travel, art, photography",False
5d1da,Male,39,35-44,United Kingdom,Nielsenmouth,fitness,False
bfc9b,Other,27,25-34,Canada,Watkinshaven,"lifestyle, travel",False
5cb01,Male,18,18-24,India,East Rebeccahaven,health,False
3878e,Male,18,18-24,United States,South Nicholasfort,"art, food",False
a14c9,Male,22,18-24,Germany,Wileyhaven,"fashion, gaming, finance",False
d60c8,Male,34,25-34,United States,Riceborough,"health, news",False
db624,Male,19,18-24,India,Davidtown,"technology, lifestyle, gaming",False
11809,Male,36,35-44,United Kingdom,North Kayla,"news, technology",False
a5813,Female,25,25-34,Canada,Gentryburgh,"food, finance, lifestyle",False
e44bc,Female,27,25-34,United States,Robertshaven,"news, fitness",False
ce5f0,Female,27,25-34,Germany,Port Susan,"fitness, finance",False
5362c,Male,26,25-34,United Kingdom,East Jordan,"fashion, art",False
24737,Male,22,18-24,United Kingdom,North Darrellport,"news, food",False
614dd,Female,17,16-17,United Kingdom,Bellland,"art, photography, health",False
25d1a,Male,19,18-24,Japan,South Kimberly,"fashion, lifestyle, food",False
27309,Female,16,16-17,Germany,South Christianshire,"gaming, news",False
66bca,Female,22,18-24,Japan,Christinastad,"fashion, gaming, travel",False
e4f85,Male,33,25-34,Japan,New Karifort,"photography, technology, fashion",False
8f432,Female,25,25-34,Germany,Port Gabrielfurt,"photography, fashion",False
95012,Male,27,25-34,United Kingdom,New Loriburgh,"finance, gaming",False
2a1d2,Female,16,16-17,United States,New Ivanberg,"fashion, news, lifestyle",False
df970,Male,19,18-24,United States,East Georgebury,sports,False
cad41,Male,34,25-34,Brazil,New Brian,"gaming, food",False
f79cf,Male,38,35-44,United States,Dixonside,"fashion, technology",False
e002b,Other,27,25-34,Australia,Scottland,"fitness, gaming",False
2148d,Male,18,18-24,India,Port Nicholas,gaming,False
fe537,Male,18,18-24,Canada,Davisburgh,"lifestyle, sports",False
3b559,Other,16,16-17,Canada,North Evan,"finance, fitness",False
e9020,Male,24,18-24,United Kingdom,Lake Debratown,"art, travel",False
c2923,Other,30,25-34,United Kingdom,Pageport,"fitness, lifestyle, health",False
160f9,Female,20,18-24,Brazil,East Amybury,"fashion, sports",False
977c3,Female,17,16-17,Brazil,Buchananberg,photography,False
4b8fe,Female,38,35-44,United States,Josephstad,"news, lifestyle, food",False
7212f,Male,43,35-44,United Kingdom,Wagnerchester,finance,False
7e2a8,Female,39,35-44,Japan,Georgefurt,"sports, travel, art",False
78636,Male,20,18-24,United States,Port Kathleen,art,False
f4e8d,Male,43,35-44,United States,West Seanland,"photography, art",False
5caec,Male,19,18-24,India,Mooreberg,"fashion, fitness",False
012e0,Male,56,55-65,Japan,New Jeremy,"lifestyle, health",False
bf9d1,Male,27,25-34,United Kingdom,Hernandezton,"sports, travel, food",False
a047e,Female,20,18-24,United Kingdom,Melaniemouth,"health, art",False
ca878,Male,44,35-44,Australia,Jacobland,art,False
a0885,Female,22,18-24,United Kingdom,Wangton,finance,False
19a7f,Female,43,35-44,United States,East Tyler,"finance, food, lifestyle",False
784c4,Male,26,25-34,Brazil,Pittmanhaven,"art, lifestyle",False
43f56,Female,33,25-34,Germany,Lake Kathleenburgh,photography,False
9fcd7,Female,39,35-44,United Kingdom,Christineview,"lifestyle, technology, news",False
3177e,Female,39,35-44,United Kingdom,East Kathrynville,photography,False
dbb98,Female,31,25-34,Australia,Kimberlystad,photography,False
e977a,Male,41,35-44,Japan,Samanthachester,gaming,False
1685e,Male,28,25-34,Germany,Port Lynnburgh,food,False
3b0b6,Female,56,55-65,United States,West Diana,"fitness, food",False
8d0db,Male,26,25-34,United States,Lake Anthony,"technology, lifestyle",False
0ec90,Male,24,18-24,Canada,North Samuel,"technology, finance, gaming",False
b1b0b,Male,25,25-34,Germany,West Christyport,technology,False
14c74,Other,29,25-34,Japan,New Adamchester,"fitness, fashion",False
01320,Male,44,35-44,United States,West Tracychester,"finance, technology",False
a63b9,Male,37,35-44,United Kingdom,East Stephanie,"fashion, art",False
b2a90,Female,29,25-34,Brazil,Williamsonland,"technology, news, photography",False
b5947,Male,23,18-24,United Kingdom,Jonesview,lifestyle,False
4c8bb,Other,32,25-34,France,Lake Lori,fashion,False
31210,Male,24,18-24,United States,New Thomas,"photography, news, food",False
80c64,Male,26,25-34,United Kingdom,Amandaberg,travel,False
f3aab,Male,33,25-34,Germany,North Evelyn,"lifestyle, fashion, finance",False
748ae,Male,19,18-24,Canada,Stephenport,"fashion, health, technology",False
874a2,Female,35,35-44,United States,South Bridgettown,"lifestyle, finance",False
e3f86,Male,23,18-24,France,Lake Amyside,technology,False
71097,Male,26,25-34,United States,East Joshuamouth,"news, art, technology",False
01ddf,Male,33,25-34,Germany,Humphreytown,"travel, photography",False
76675,Male,24,18-24,India,New Alexanderview,news,False
a512c,Male,33,25-34,United States,Ortegahaven,"sports, gaming",False
81554,Other,27,25-34,United States,East Jonathan,sports,False
d2e14,Male,23,18-24,United States,Codyland,"fashion, news",False
fb8e1,Male,16,16-17,United Kingdom,Sanchezfurt,"food, news",False
08c19,Female,16,16-17,United Kingdom,New Stacyburgh,"health, gaming",False
f0017,Female,31,25-34,United Kingdom,Collierport,"travel, fashion",False
0f8ba,Male,29,25-34,Canada,North Denise,"fashion, art",False
e07f3,Male,21,18-24,United States,South Kelseyport,"fashion, technology",False
3accf,Female,26,25-34,United States,Lake Joseph,"fashion, art",False
e6046,Male,18,18-24,United Kingdom,Kelseyton,health,False
b2721,Female,25,25-34,United States,Meyerburgh,"health, news",False
b5c9a,Female,33,25-34,Canada,Lake Christiantown,"health, sports",False
cc512,Male,28,25-34,Mexico,West Brianland,"food, sports, fashion",False
68b71,Female,25,25-34,Mexico,North Jared,finance,False
de2e6,Female,19,18-24,Canada,Ginamouth,"finance, lifestyle",False
e2f29,Male,24,18-24,India,Tomview,lifestyle,False
19a31,Male,28,25-34,United Kingdom,New Janetside,news,False
37621,Male,26,25-34,Australia,Martinbury,"photography, health",False
ee0a0,Male,26,25-34,Australia,New Zachary,"gaming, technology",False
53ae8,Male,29,25-34,United States,North William,"news, photography",False
4f154,Female,28,25-34,United States,New David,"finance, lifestyle",False
12e2d,Other,26,25-34,Germany,West Jenniferborough,"fitness, travel, finance",False
e1b07,Male,29,25-34,Mexico,Barneschester,art,False
8c71e,Female,26,25-34,United States,South Stephenborough,"health, art, travel",False
8a098,Male,22,18-24,United States,Port Johnny,"gaming, art, fashion",False
98d23,Other,35,35-44,Mexico,Port Bradleymouth,fashion,False
9a43c,Male,20,18-24,Japan,Heatherside,photography,False
09621,Female,31,25-34,United States,South Amy,"technology, fitness",False
eb5e9,Male,25,25-34,United States,Lake Travisberg,"gaming, photography, art",False
b3e8f,Female,23,18-24,United States,Stevenmouth,gaming,False
ecf57,Male,27,25-34,Australia,West Markview,sports,False
5c8c0,Other,23,18-24,United States,North Michael,gaming,False
10fb5,Male,26,25-34,Germany,Luisfort,"food, travel",False
16f7a,Male,44,35-44,Mexico,New Brenda,gaming,False
ed7b8,Male,25,25-34,United States,Sandyport,travel,False
6854f,Female,40,35-44,United States,North Gabriellestad,"health, travel, food",False
ba6b5,Female,22,18-24,Australia,Port Meganstad,food,False
c8588,Female,21,18-24,United States,Cordovaport,art,False
cd557,Male,29,25-34,United States,Nielsenchester,"photography, fashion",False
4e3ea,Other,31,25-34,United Kingdom,Wrighthaven,health,False
a667d,Other,28,25-34,United States,West Nathanielhaven,"technology, news",False
bf3d5,Male,33,25-34,Mexico,Woodsside,"health, technology",False
0078e,Male,25,25-34,India,Wilsontown,"technology, art",False
1d7b9,Male,32,25-34,Canada,South Andrew,"gaming, food, technology",False
d81ca,Female,20,18-24,United States,Brittanystad,"photography, sports",False
53c09,Female,28,25-34,Brazil,Brandonport,"finance, lifestyle, gaming",False
1b2a5,Male,29,25-34,United States,New Michael,sports,False
dacee,Other,27,25-34,United States,Dukeberg,"photography, sports, health",False
b4dd6,Male,35,35-44,Australia,Port Amandashire,gaming,False
01187,Other,16,16-17,France,East Linda,"technology, finance, news",False
e1b85,Male,32,25-34,India,Gonzalezmouth,"lifestyle, travel, sports",False
931d7,Female,21,18-24,Canada,Port Matthewville,"photography, gaming",False
de70f,Female,26,25-34,United Kingdom,Meltonside,"fashion, health",False
3b49f,Male,18,18-24,Mexico,Port Diana,"technology, lifestyle",False
f940f,Female,31,25-34,United States,South David,"gaming, fashion",False
48128,Female,20,18-24,Mexico,Michaelton,gaming,False
b6e8f,Female,30,25-34,United States,Edwardsside,"lifestyle, finance, technology",False
79046,Male,42,35-44,India,Nielsenton,"gaming, health",False
3bebd,Male,21,18-24,Australia,Lauraport,"technology, travel",False
f794f,Male,16,16-17,United Kingdom,East Garyshire,"finance, photography, lifestyle",False
016d8,Male,35,35-44,Germany,North Kimberly,"gaming, finance",False
7a7b6,Female,38,35-44,United States,Allisonport,"finance, gaming",False
56b0b,Female,25,25-34,United States,Benjaminstad,"sports, technology",False
5d16d,Male,16,16-17,United States,North Mary,"technology, gaming",False
94490,Male,26,25-34,United States,Kristintown,"sports, news",False
1f9bd,Male,47,45-54,Australia,New Patty,"news, photography",False
65b03,Female,30,25-34,Germany,West Antonioton,"lifestyle, food",False
46431,Male,22,18-24,India,Jamesberg,technology,False
06471,Female,41,35-44,Canada,East Michaelville,"health, lifestyle",False
65e31,Male,24,18-24,Canada,Jenniferhaven,"travel, art, food",False
254f1,Female,32,25-34,France,Port John,"health, sports, technology",False
4d76a,Female,35,35-44,Canada,West Jenniferbury,health,False
4aae7,Male,30,25-34,United Kingdom,Port Michael,"news, fitness, technology",False
56ad7,Male,24,18-24,United States,New Carrieland,news,False
07d7c,Female,46,45-54,United States,Karenchester,"fitness, lifestyle, fashion",False
b1dd3,Female,27,25-34,Germany,Samuelbury,health,False
f7418,Male,34,25-34,United Kingdom,Port Jennifer,food,False
ebe20,Female,24,18-24,Mexico,Margaretberg,finance,False
d6dc1,Male,24,18-24,Canada,Mccormickfort,finance,False
27884,Female,33,25-34,United States,Jasonfurt,"finance, food, gaming",False
b6b46,Female,34,25-34,Brazil,Johnfurt,"technology, finance, sports",False
5fe31,Male,29,25-34,United States,Suzannebury,"finance, health, fitness",False
7a45e,Female,27,25-34,United States,Lake Paula,"sports, art",False
b31ec,Male,26,25-34,Germany,Juliahaven,"fashion, sports, art",False
99067,Male,30,25-34,Australia,Turnerbury,"fitness, travel, health",False
18b56,Female,37,35-44,United States,Lucasburgh,technology,False
2c654,Other,18,18-24,Canada,West Courtneytown,art,False
8fae7,Female,34,25-34,India,Patrickbury,"finance, health, photography",False
f2529,Male,37,35-44,France,Port Kimberlychester,art,False
c3330,Male,27,25-34,Mexico,Singhfurt,lifestyle,False
a46f2,Male,26,25-34,United States,Johntown,"news, food, fitness",False
5f35b,Other,20,18-24,Australia,North Sarah,"news, lifestyle",False
227ce,Male,33,25-34,Germany,Cherryshire,fitness,False
d33d0,Male,26,25-34,United Kingdom,North Randallmouth,"health, fitness",False
c336a,Other,50,45-54,India,West Stephanie,"fitness, sports, food",False
e54e2,Male,30,25-34,Mexico,Lake Derekmouth,art,False
3e64a,Other,17,16-17,Brazil,New Gabrielaview,fitness,False
ec28f,Other,37,35-44,Brazil,Laneton,"fitness, travel, fashion",False
32e05,Male,24,18-24,United Kingdom,New Biancashire,"fitness, travel, photography",False
7d8c3,Male,32,25-34,United Kingdom,Clarkbury,art,False
56b58,Female,35,35-44,United States,West Yvonne,"gaming, sports",False
032d2,Male,41,35-44,Australia,Port Tammy,"fitness, travel",False
f01cd,Other,21,18-24,United Kingdom,Johnsonland,fashion,False
43782,Female,34,25-34,United States,New Erica,"fitness, gaming, news",False
c78d3,Male,27,25-34,Australia,East Christopherview,"travel, health, fashion",False
70f69,Male,26,25-34,United States,Williamborough,"art, news, health",False
0a923,Male,28,25-34,Australia,North Maryview,fitness,False
0b810,Female,31,25-34,United States,New Brandi,"fashion, news",False
91a90,Male,25,25-34,Brazil,Benjaminborough,"lifestyle, art, health",False
6cf04,Female,26,25-34,India,Taylorport,health,False
1258f,Female,33,25-34,Canada,Rachelshire,"health, fashion, sports",False
dd515,Male,31,25-34,Australia,New Roberttown,"lifestyle, food, art",False
5d969,Male,16,16-17,United States,Villanuevachester,"lifestyle, sports",False
5fc7d,Male,42,35-44,Canada,Krystalport,news,False
97786,Female,28,25-34,United States,Jamesstad,lifestyle,False
4580d,Male,20,18-24,United States,East Eric,"news, travel, art",False
713e9,Other,36,35-44,India,Port Jamieside,"photography, sports",False
d1e11,Other,33,25-34,United Kingdom,Millerview,"health, fitness, food",False
d5a66,Female,22,18-24,United States,Maureenberg,"photography, finance",False
ba158,Male,25,25-34,Canada,North Alexandra,"lifestyle, finance, sports",False
60b01,Male,20,18-24,France,Michaelstad,technology,False
6f9c5,Male,26,25-34,United States,North Malik,finance,False
51b3f,Female,18,18-24,Germany,East Debra,finance,False
d15db,Male,31,25-34,United States,Lake Stacystad,"food, technology",False
85270,Male,17,16-17,United Kingdom,Christyberg,"fitness, photography, travel",False
55286,Female,53,45-54,Germany,Mollystad,"photography, lifestyle, food",False
28ba0,Male,32,25-34,Brazil,Smithhaven,"finance, art",False
daa32,Male,42,35-44,India,Lopezhaven,"gaming, art",False
2801a,Female,44,35-44,Mexico,Nathanland,gaming,False
459d2,Male,16,16-17,Brazil,Kevintown,finance,False
fce4b,Male,35,35-44,Canada,Grayhaven,travel,False
92196,Male,24,18-24,Germany,Jordanland,"news, food",False
16ab6,Female,23,18-24,United States,Codyside,fitness,False
f5141,Other,16,16-17,India,East Zachary,"lifestyle, food",False
c0641,Female,30,25-34,United Kingdom,West Michael,photography,False
b4c88,Female,28,25-34,Canada,New Georgestad,"finance, technology, health",False
8acac,Male,30,25-34,United States,Rogersport,"gaming, lifestyle, technology",False
dff73,Female,26,25-34,United States,Katherinestad,news,False
7bb8d,Male,37,35-44,Brazil,Courtneyburgh,art,False
37ab0,Female,18,18-24,Canada,East Courtneymouth,"news, health, photography",False
c10a7,Female,30,25-34,United States,Lake Lindsay,sports,False
bf9dd,Male,27,25-34,United Kingdom,Lewisview,"lifestyle, news, gaming",False
c1ed9,Female,29,25-34,Australia,North Christopher,"lifestyle, technology",False
e0058,Female,38,35-44,United States,Martinside,art,False
a3a4d,Male,36,35-44,Japan,Lake Steven,"lifestyle, gaming, fitness",False
fdac4,Male,33,25-34,Mexico,Tamaraberg,lifestyle,False
fc48f,Male,31,25-34,Japan,North Adrienne,news,False
0fce2,Other,18,18-24,Japan,East Laurenburgh,"news, health",False
721fb,Female,27,25-34,India,Mayoville,health,False
d702c,Male,38,35-44,Brazil,East Kellyborough,"news, technology",False
ac0d8,Female,21,18-24,Germany,Mcguirebury,"food, travel",False
e262e,Other,16,16-17,Germany,North Kristin,"art, news",False
49be1,Other,33,25-34,Canada,Davidsonfurt,"health, fitness",False
23a17,Female,35,35-44,United States,Duncanstad,"finance, travel",False
03385,Female,23,18-24,Canada,Ralphville,lifestyle,False
31ca2,Male,19,18-24,Canada,Colebury,"fashion, sports, lifestyle",False
7a955,Male,24,18-24,Japan,Paulaton,"sports, lifestyle, news",False
c4991,Male,34,25-34,Australia,Jacquelinestad,"travel, news",False
a6cc4,Male,23,18-24,United States,Amberbury,photography,False
f22e5,Male,22,18-24,United States,Claireton,fashion,False
1cfd4,Female,27,25-34,Germany,North Danny,lifestyle,False
0236e,Male,25,25-34,India,Lake Candicestad,health,False
e53d1,Male,22,18-24,United States,Williamtown,"gaming, travel",False
568bd,Male,25,25-34,United States,Lake Charles,food,False
6eed7,Female,31,25-34,Germany,Port Michael,fitness,False
8da5e,Male,42,35-44,Mexico,New Lisaville,finance,False
25cc3,Female,23,18-24,United Kingdom,Kempborough,"art, health",False
81898,Male,36,35-44,United States,Clarkville,travel,False
25b2e,Male,35,35-44,United States,Stephenland,news,False
ff683,Female,16,16-17,Australia,South Shannon,"food, travel, photography",False
809ab,Female,24,18-24,United States,Richfort,"food, photography",False
ccc42,Female,19,18-24,Germany,Callahanland,"technology, travel, fitness",False
f000b,Male,39,35-44,Japan,Melissaburgh,fashion,False
08804,Male,22,18-24,France,Port Zachary,art,False
96cbc,Male,43,35-44,India,Lake Barryport,"fitness, sports",False
e33dd,Female,35,35-44,United States,Lake Matthewtown,"gaming, news",False
d313d,Male,23,18-24,Australia,East Ruthview,photography,False
46f45,Male,31,25-34,Canada,Lake Aprilberg,"finance, sports, fitness",False
73061,Female,19,18-24,United Kingdom,Michelletown,"health, technology",False
3968c,Female,25,25-34,United States,East Carolinechester,"food, health, news",False
65a20,Male,21,18-24,India,New Jared,technology,False
b307f,Female,28,25-34,Mexico,North Juan,health,False
de6bf,Other,22,18-24,Japan,Thomasside,travel,False
b546d,Female,26,25-34,Brazil,Brianmouth,"health, travel",False
ad744,Female,16,16-17,Canada,East Lisa,fitness,False
bc018,Male,16,16-17,United Kingdom,Gailchester,"sports, travel",False
31790,Female,24,18-24,United States,West Williamfurt,lifestyle,False
e8885,Other,23,18-24,United States,Lake Aprilville,"lifestyle, news, technology",False
060e8,Female,26,25-34,India,Gregoryfurt,"health, technology, gaming",False
1b6c0,Female,23,18-24,United States,Jeffreyport,"art, gaming, news",False
7dc7b,Female,31,25-34,France,Jeremyborough,"gaming, fitness",False
a04b1,Male,23,18-24,United States,New Michelle,fitness,False
f0703,Male,44,35-44,United States,Dustinland,art,False
00545,Male,26,25-34,India,Duranburgh,"news, fitness",False
2ee24,Male,32,25-34,United Kingdom,Flowersborough,"gaming, finance, health",False
9d1d7,Male,21,18-24,Japan,Stevensbury,"travel, food",False
8c871,Female,17,16-17,Canada,Nicolechester,fashion,False
fb9ba,Male,16,16-17,Canada,Port Jasminemouth,"travel, fitness",False
d27b5,Male,23,18-24,Japan,North Kristenside,"food, art, photography",False
7a5f0,Male,25,25-34,Brazil,Lake Laura,"fashion, technology",False
ee28a,Male,26,25-34,United States,East Stephanieburgh,fashion,False
8035b,Male,28,25-34,Brazil,New Andreamouth,"sports, news, gaming",False
42afa,Male,36,35-44,United Kingdom,Taylormouth,"lifestyle, finance",False
ec295,Male,20,18-24,Brazil,South Kevin,"travel, photography, sports",False
620b5,Male,28,25-34,India,Alexandriashire,fashion,False
35f0b,Female,31,25-34,United States,North Matthew,health,False
7838e,Female,17,16-17,Australia,West David,"sports, travel",False
3f242,Other,22,18-24,France,Thompsonmouth,"health, food, fashion",False
ae49a,Female,29,25-34,Japan,East Cathymouth,"gaming, health, lifestyle",False
b8ff0,Male,17,16-17,United States,West Normaton,"sports, news, fashion",False
82175,Female,40,35-44,Germany,Stephenview,news,False
263dd,Female,27,25-34,United Kingdom,Watkinsshire,"lifestyle, health, art",False
cd54a,Male,22,18-24,Germany,Garrettland,"fashion, sports",False
9238d,Male,36,35-44,Japan,New Jeremiahfurt,"gaming, sports, technology",False
a2579,Other,37,35-44,Mexico,Kellifort,"technology, finance, travel",False
9e9cf,Female,29,25-34,Mexico,East Michaelton,"art, gaming",False
1d519,Male,21,18-24,United Kingdom,North Kevinborough,"technology, finance, health",False
f1024,Female,26,25-34,Brazil,New Veronica,"gaming, photography, travel",False
780aa,Male,24,18-24,United Kingdom,Masonborough,news,False
6b773,Male,20,18-24,United States,Angelamouth,gaming,False
0c3ea,Other,20,18-24,Germany,West Paige,news,False
f9bac,Male,35,35-44,United States,Port Rachelhaven,"food, health",False
706df,Male,37,35-44,India,Lake Jill,"health, technology",False
ac670,Male,24,18-24,India,Smithfort,"health, travel",False
1eae9,Male,38,35-44,India,Lake Brianbury,"gaming, art, photography",False
9b44a,Other,18,18-24,United States,Peterstad,"gaming, finance, fitness",False
e563e,Other,34,25-34,United States,West Jason,art,False
e9afe,Male,17,16-17,United States,Nicholasmouth,"travel, food, news",False
63fed,Male,23,18-24,United Kingdom,Gutierrezhaven,"news, technology, gaming",False
e1991,Male,31,25-34,United States,East Angelaberg,"health, photography, food",False
99fd4,Other,23,18-24,United States,New Heatherville,"news, fitness",False
77a59,Male,22,18-24,India,Port Aaron,"sports, gaming",False
0e96e,Female,21,18-24,India,Fordmouth,"finance, fashion, art",False
6228f,Male,22,18-24,United States,Lauraville,"travel, lifestyle, fitness",False
250ff,Female,42,35-44,United States,Lake Natalie,travel,False
b91c4,Male,16,16-17,Mexico,East Donna,travel,False
e03f0,Female,25,25-34,United Kingdom,Jasonborough,"food, health",False
67830,Male,32,25-34,United Kingdom,New Robertmouth,"travel, fashion",False
ee0b0,Male,19,18-24,Australia,Geraldbury,"gaming, fitness, news",False
fc139,Other,20,18-24,United Kingdom,West Tracyville,"art, photography, news",False
1a9aa,Female,23,18-24,United States,Port Monica,food,False
90548,Male,41,35-44,Canada,East Kyle,"food, travel, sports",False
b2a20,Male,19,18-24,Japan,Shawnhaven,"fitness, food",False
cb0bb,Male,22,18-24,India,South Lindseyburgh,"food, news",False
adcf9,Female,23,18-24,United Kingdom,North Danielberg,"lifestyle, fitness, sports",False
50f1c,Male,23,18-24,Australia,Mollyberg,"sports, finance",False
cfbb2,Other,17,16-17,United States,Lisaville,"art, photography",False
6e9b9,Female,23,18-24,Australia,Port Jamiehaven,"finance, sports",False
0978d,Female,27,25-34,India,Lake Mariamouth,"fashion, gaming",False
5f405,Male,65,55-65,Canada,Kennedyton,"lifestyle, health, photography",False
151d1,Male,30,25-34,Australia,East Richard,"travel, health",False
8aa28,Male,31,25-34,India,South Danielle,"photography, food, technology",False
e8d7f,Male,25,25-34,United Kingdom,Kleinchester,"finance, health, gaming",False
6dffa,Female,21,18-24,Brazil,Lake Jessicaton,"sports, finance",False
7ff60,Male,29,25-34,United States,Jonathanchester,lifestyle,False
6ea42,Male,16,16-17,United States,Port Connie,news,False
f2200,Male,18,18-24,Brazil,West Mary,"photography, food",False
f17da,Female,30,25-34,Mexico,Lake Robertfurt,"technology, travel",False
45851,Male,31,25-34,United States,West Kimberlyshire,finance,False
56c2c,Female,20,18-24,Australia,Nicolebury,"news, lifestyle, technology",False
fe904,Female,31,25-34,Japan,Johnsonport,"technology, food, health",False
07752,Male,26,25-34,Germany,North Ryan,"technology, lifestyle, fitness",False
023cc,Male,22,18-24,United Kingdom,South Nancyshire,"fitness, finance",False
32614,Other,27,25-34,Canada,North Marymouth,technology,False
d32a4,Male,23,18-24,India,New Johnnyberg,"news, food",False
6cebb,Other,21,18-24,United States,Brooksmouth,"food, fitness, finance",False
7ddbc,Male,41,35-44,Australia,East John,news,False
4d4cf,Male,21,18-24,India,Scotttown,"fashion, lifestyle",False
5a479,Male,23,18-24,Germany,West Jacobburgh,"health, photography",False
789c9,Male,23,18-24,United States,Veronicaside,"technology, gaming",False
e81bc,Female,45,45-54,Brazil,Sanchezhaven,"lifestyle, art",False
447e6,Female,16,16-17,Mexico,Lawrencemouth,"art, finance",False
30f25,Female,16,16-17,United States,North Christopher,"finance, sports, photography",False
e4dae,Female,32,25-34,India,Wardtown,"photography, technology, fashion",False
59bf5,Other,27,25-34,Canada,Ortegamouth,"art, technology, food",False
14789,Male,29,25-34,Brazil,Lyonsstad,fitness,False
f7ff0,Female,32,25-34,Brazil,Zamoraville,"fitness, art",False
5ee03,Male,20,18-24,Germany,Holmesland,gaming,False
7cf72,Other,20,18-24,India,West Mikebury,"sports, fashion",False
7d9fc,Male,26,25-34,Germany,South Sherry,"food, news, sports",False
eaa8b,Male,30,25-34,Brazil,Josephmouth,"fitness, fashion, photography",False
9932e,Male,48,45-54,Japan,North Christopherfort,"lifestyle, photography",False
70be1,Male,25,25-34,United Kingdom,Port Debra,"travel, news",False
e7827,Male,22,18-24,United Kingdom,Grayburgh,news,False
584a5,Male,21,18-24,Australia,Johnsonside,"news, finance",False
394fd,Female,27,25-34,United States,Montgomeryport,"gaming, health, sports",False
026fc,Male,21,18-24,United Kingdom,Lake Christopherfurt,"photography, food, health",False
b24c3,Female,26,25-34,United States,Daviston,technology,False
453ce,Other,20,18-24,United Kingdom,Hahnshire,"photography, news",False
cf72f,Male,24,18-24,Canada,Davidstad,"technology, travel, health",False
ee4a2,Male,27,25-34,United Kingdom,Williamston,"health, food",False
b0486,Male,16,16-17,United States,Jessicamouth,finance,False
7dd54,Female,24,18-24,United States,New Susan,"finance, sports, technology",False
999ff,Other,41,35-44,United States,Fowlerchester,"fitness, sports",False
d6bea,Male,40,35-44,Mexico,North Yolanda,"food, news, fitness",False
74375,Male,31,25-34,United Kingdom,Johnburgh,"photography, health",False
13547,Female,30,25-34,India,New Evanmouth,"travel, food",False
8e396,Male,49,45-54,Mexico,Lake Michael,"travel, lifestyle, fitness",False
b060e,Female,49,45-54,United States,Port Joel,"travel, art",False
c0a81,Female,29,25-34,United Kingdom,Darrenberg,"food, sports, gaming",False
58f9b,Male,32,25-34,United States,East Robert,technology,False
48aaf,Male,27,25-34,United States,Port Antonio,"fitness, finance, travel",False
05409,Male,31,25-34,Australia,Port Zoechester,"news, gaming, technology",False
b9ef4,Male,16,16-17,France,North Williamland,"fashion, lifestyle",False
1da5e,Other,39,35-44,United States,Port Timothy,"finance, technology, fitness",False
3ed77,Male,33,25-34,United Kingdom,Port Charlesside,"fitness, health",False
f8db9,Other,22,18-24,United States,Johnnyport,"fitness, finance, art",False
35ca2,Male,27,25-34,Canada,Port Gabrielle,photography,False
2d2bf,Other,44,35-44,Mexico,West Danside,art,False
c129c,Other,27,25-34,United States,Hartside,"fashion, art, travel",False
53c7f,Male,21,18-24,Mexico,Arroyomouth,"sports, lifestyle, art",False
24826,Female,33,25-34,Australia,West Isaiahville,"food, finance",False
64b86,Female,27,25-34,Japan,Alyssafort,"travel, news",False
10169,Female,27,25-34,United Kingdom,North Christopher,"fitness, food",False
34ac2,Male,40,35-44,Germany,Kellyhaven,fitness,False
fd5ae,Male,26,25-34,United States,Kristyville,"fashion, sports, lifestyle",False
7237d,Female,16,16-17,United Kingdom,West Fernandochester,"news, fitness, gaming",False
25299,Female,20,18-24,Germany,West Annahaven,"technology, food",False
8ab7d,Female,30,25-34,United Kingdom,Sheenaview,"news, gaming, sports",False
5bed5,Male,22,18-24,United States,West Jasonberg,finance,False
75957,Male,23,18-24,United Kingdom,Stewartbury,photography,False
7f0ef,Female,24,18-24,United Kingdom,New Tyler,food,False
c74f6,Male,33,25-34,Canada,Griffintown,photography,False
c4ffd,Other,28,25-34,United States,Port James,"fitness, health, gaming",False
30ec5,Male,36,35-44,United States,Jorgeview,"news, health, travel",False
28925,Male,29,25-34,India,Allisonmouth,"news, fashion",False
f4dae,Male,26,25-34,United Kingdom,West Karen,"finance, travel",False
b49de,Female,21,18-24,Japan,Port Michael,lifestyle,False
e66a9,Male,16,16-17,India,Benderfurt,"art, finance",False
5ca6a,Female,27,25-34,United Kingdom,Lake Joshua,"sports, technology, lifestyle",False
dd7ad,Male,34,25-34,United States,Manuelhaven,"health, fitness, news",False
315b6,Male,30,25-34,United States,Javierstad,"food, finance, art",False
1dffb,Male,34,25-34,Brazil,Lisabury,"travel, fitness",False
966a1,Male,33,25-34,Canada,Matthewside,"sports, photography, finance",False
7a55d,Male,16,16-17,Australia,Port Kaylamouth,"travel, fashion",False
acae1,Female,20,18-24,Japan,East Ryanland,"health, finance",False
58b30,Female,38,35-44,Brazil,Jenniferborough,"finance, fitness",False
2bb3d,Male,22,18-24,United Kingdom,Owenburgh,"art, news",False
cc0e0,Female,40,35-44,United States,Rayhaven,"health, lifestyle, gaming",False
019fd,Other,18,18-24,Brazil,North Judith,"gaming, finance",False
547c2,Male,25,25-34,United States,Smithburgh,technology,False
11556,Male,29,25-34,United States,Port Mark,technology,False
e055b,Male,24,18-24,United States,West Matthewberg,"gaming, art",False
3d456,Male,27,25-34,United Kingdom,South Marcus,"art, gaming",False
b5d0b,Male,29,25-34,United States,East Barryport,"news, gaming",True
d327d,Female,26,25-34,United Kingdom,Andreastad,"finance, art, technology",False
86d5e,Other,29,25-34,United Kingdom,Georgeborough,"news, lifestyle, fitness",False
d35e5,Female,30,25-34,Germany,Hudsonland,"health, fashion",False
e4626,Male,27,25-34,Japan,Randychester,"technology, sports",False
2b13d,Male,29,25-34,United States,New Davidberg,lifestyle,False
8ac40,Male,28,25-34,Brazil,South Robertfurt,"health, technology, finance",False
d9381,Male,31,25-34,United States,Carterborough,technology,False
ddf77,Male,36,35-44,Brazil,West Todd,"fashion, technology",False
805e4,Male,40,35-44,India,New Brian,food,False
fcce0,Female,25,25-34,United States,West Micheleborough,technology,False
74ac7,Female,23,18-24,Australia,Port Stacey,finance,False
3f2ab,Female,24,18-24,Canada,Coxtown,"photography, news",False
79e82,Female,34,25-34,Brazil,Thompsonland,"news, gaming",False
4c57f,Male,18,18-24,United States,South William,"finance, lifestyle, fashion",False
15c94,Male,37,35-44,India,Port Brittanyview,"food, photography, lifestyle",False
a3f9a,Male,32,25-34,United Kingdom,Dunnstad,"sports, travel",False
a1ea3,Male,37,35-44,Australia,South Zachary,"photography, news, gaming",False
0be73,Other,26,25-34,Brazil,Wernerberg,"travel, technology",False
0a39c,Female,48,45-54,United Kingdom,Ericview,technology,False
cd70d,Female,18,18-24,United Kingdom,Lake Stephanieland,fashion,False
d15aa,Male,38,35-44,United Kingdom,Josephburgh,health,False
cb97c,Male,25,25-34,United States,Bradyton,fitness,False
8ea62,Male,30,25-34,United States,Johnland,"photography, lifestyle, fitness",False
ce818,Male,24,18-24,United States,Adamschester,finance,False
9c4ca,Female,20,18-24,United States,West Shannon,fitness,False
c5802,Male,24,18-24,United States,Carrieborough,"news, finance",False
1e688,Female,46,45-54,Canada,Phamhaven,"fashion, news, technology",False
05ddd,Male,18,18-24,United States,West Lisa,"travel, food",False
150c8,Male,32,25-34,Germany,Paceborough,gaming,False
cbc45,Female,24,18-24,United States,Bellfort,fitness,False
56d63,Male,24,18-24,India,Jonesview,"health, travel, fitness",False
6534d,Other,37,35-44,United States,Willisside,"food, technology",False
a39c6,Female,27,25-34,United States,North David,fashion,False
83a2b,Male,24,18-24,United Kingdom,Port Davidville,fitness,False
8212d,Female,25,25-34,United Kingdom,East Kathryn,"finance, fitness",False
0cd41,Male,34,25-34,United States,Carrieberg,"lifestyle, news",False
f1536,Other,32,25-34,Brazil,West Sheliaside,finance,False
84441,Male,33,25-34,Germany,Danielsville,art,False
a2bb3,Female,18,18-24,United States,North Christopherville,photography,False
3c51c,Male,24,18-24,Japan,Allisonport,health,False
dab38,Female,18,18-24,United States,Weberside,sports,False
8e3a7,Female,28,25-34,United States,Jameston,"sports, fitness",False
2c7d1,Male,17,16-17,United States,Stephaniechester,"fashion, photography, technology",False
b2b16,Male,28,25-34,United States,Kimberlyfurt,news,False
14b3d,Female,33,25-34,Mexico,Raymondhaven,fitness,False
d8c63,Female,34,25-34,Japan,South Jenniferview,"news, fashion",False
53e7d,Female,38,35-44,United States,North John,"travel, lifestyle, gaming",False
b87f7,Female,37,35-44,United States,North Jeffreyville,"sports, gaming, fitness",False
756d6,Male,16,16-17,United States,Michaeltown,"fashion, sports, lifestyle",False
0f6cc,Female,31,25-34,United States,Finleymouth,"gaming, finance",False
89e25,Female,16,16-17,Canada,Everettville,"food, gaming",False
5bdc5,Male,59,55-65,United States,Gonzalesville,photography,False
9ea62,Female,29,25-34,United States,Thomastown,"fitness, fashion, gaming",False
e2e70,Other,19,18-24,United States,East Anthony,"lifestyle, fashion, news",False
25948,Female,33,25-34,United States,North Heatherborough,gaming,False
11a6c,Male,33,25-34,India,South Jennifer,"fitness, food, gaming",False
471fa,Male,35,35-44,United States,South Bonnie,"photography, gaming",False
1738a,Female,23,18-24,Canada,Aguilarside,"fitness, sports, lifestyle",False
27d38,Male,36,35-44,Japan,South Joshua,gaming,False
2c4c4,Male,25,25-34,Mexico,Barkerstad,"finance, art",False
8f552,Male,30,25-34,Australia,Morrismouth,art,False
2fb9b,Male,26,25-34,Brazil,Laurenview,news,False
403a0,Male,17,16-17,Canada,Mullinsborough,"fitness, technology, food",False
1625c,Male,25,25-34,Australia,Paulton,fashion,False
60c6c,Male,24,18-24,Germany,South Brian,"health, sports, art",False
a4c54,Male,23,18-24,Canada,Garciabury,"fashion, lifestyle",False
01b2c,Male,28,25-34,United Kingdom,Lake Justintown,"health, food",False
eeb6b,Female,18,18-24,India,New Jennifer,"fitness, health",False
d049c,Male,24,18-24,United States,Hugheshaven,"finance, fashion, news",False
f6fae,Male,32,25-34,United Kingdom,Jonesshire,"gaming, news",False
985ce,Male,27,25-34,Canada,Jenningsshire,"sports, photography",False
c1572,Female,18,18-24,Australia,Whiteview,"gaming, lifestyle",False
ff8e1,Male,32,25-34,France,Murraychester,"gaming, lifestyle, news",False
d3bbf,Male,24,18-24,United Kingdom,North Adam,news,False
8e9a4,Male,16,16-17,Brazil,East Sarahton,technology,False
42801,Male,19,18-24,India,Hannahland,"lifestyle, sports, gaming",False
6d38c,Female,20,18-24,United States,Holderhaven,"finance, sports",False
edb5d,Female,45,45-54,United Kingdom,Port Micheleborough,fitness,False
cb095,Male,25,25-34,United States,East Sharon,"finance, health",False
083d0,Male,38,35-44,United States,Lake Mark,"art, food",False
e0a47,Male,30,25-34,Germany,Morrowport,"news, travel, gaming",False
3ad38,Male,21,18-24,United States,South Susanborough,"technology, photography, gaming",False
ab659,Male,25,25-34,United Kingdom,Cookborough,"fitness, health, technology",False
856f7,Male,20,18-24,United States,West Patrick,sports,False
abc49,Male,26,25-34,France,Lake Stacieport,"food, art",False
6a79a,Female,40,35-44,United States,Evansbury,"health, fitness",False
cf571,Female,24,18-24,Mexico,Youngfurt,news,False
9cd1d,Female,23,18-24,Australia,South Joseshire,food,False
b7628,Male,48,45-54,Australia,South Christinaton,"photography, technology",False
176b5,Other,55,55-65,Canada,North Matthew,"finance, lifestyle",False
90a24,Male,27,25-34,United States,Port Ryan,"photography, health, sports",False
2fecd,Male,29,25-34,France,Henryhaven,"gaming, food",False
0fda0,Male,25,25-34,United States,South Chad,"lifestyle, gaming",False
9ec3a,Female,19,18-24,Australia,Jacquelinefort,news,True
38d28,Male,25,25-34,Canada,New Gary,"health, art, gaming",False
84f7e,Male,45,45-54,Brazil,South Crystal,"lifestyle, fitness",False
5d138,Male,28,25-34,Mexico,Sarahside,art,False
48a52,Male,24,18-24,United States,Port Jesushaven,"fashion, news, photography",False
68055,Male,16,16-17,Australia,Juanton,finance,False
4ab71,Male,27,25-34,United States,East Bernardland,"finance, art",False
cb213,Male,31,25-34,Germany,Port Philipstad,fitness,False
1031f,Male,21,18-24,Brazil,Stephenschester,fashion,False
1b7d7,Male,50,45-54,Mexico,South Nicolestad,health,False
0f8d9,Male,24,18-24,Australia,North Heather,"finance, lifestyle, sports",False
1243d,Female,24,18-24,Canada,Christopherburgh,"art, lifestyle, fitness",False
cdefa,Female,19,18-24,Brazil,North Carolynland,"gaming, finance",False
8f1de,Male,16,16-17,Japan,West Charleston,"lifestyle, technology",False
19e85,Female,28,25-34,United Kingdom,Justinville,"lifestyle, fitness, food",False
402f0,Female,24,18-24,United States,Martinezview,"sports, health",False
470bf,Female,23,18-24,Canada,West Sarah,lifestyle,False
4f67d,Female,40,35-44,United States,East Sarahstad,"fitness, technology, travel",True
61c72,Other,34,25-34,Canada,Lake Brenda,lifestyle,False
cf5b0,Male,19,18-24,Mexico,East Carmen,"gaming, news",False
a0206,Male,25,25-34,Brazil,Maryville,"technology, finance, gaming",False
3b6b1,Male,21,18-24,United States,Brendaville,"food, travel, gaming",False
dbacd,Male,38,35-44,United Kingdom,East Christine,news,False
df4a3,Female,25,25-34,United Kingdom,West Lauraside,"art, gaming",False
6d574,Female,37,35-44,Australia,Rebeccahaven,fitness,False
58550,Male,16,16-17,United States,Salazarview,"health, lifestyle, fashion",False
d36f6,Female,17,16-17,Canada,North Sydney,"photography, fashion, lifestyle",False
a0e19,Male,26,25-34,Australia,Andrewside,technology,False
ed53b,Female,23,18-24,Canada,Port Elizabethmouth,"news, fitness",False
4fa87,Female,29,25-34,United States,Amandamouth,"health, technology, fitness",False
96885,Male,23,18-24,United Kingdom,Williamport,travel,False
2bb86,Male,24,18-24,India,West Julieville,"food, health, fitness",False
1f8c9,Female,37,35-44,Canada,Javierport,"health, finance, travel",False
47923,Female,28,25-34,Australia,Martinezfort,gaming,False
aaa1a,Female,33,25-34,United States,East Mauricechester,"fashion, art, travel",False
4a6fc,Female,23,18-24,United States,South Vickie,technology,False
99e23,Female,25,25-34,United States,Gonzalestown,"fitness, news",False
a63a3,Female,33,25-34,India,West Gregoryborough,"gaming, food",False
fdd2e,Other,23,18-24,United States,Perezside,"health, news, finance",False
71e19,Female,30,25-34,United States,Gomezhaven,"fitness, sports",False
8c91d,Male,27,25-34,Australia,Chaseton,"gaming, health, fashion",False
9613f,Female,23,18-24,Australia,Port Steven,photography,False
8852e,Female,30,25-34,United States,Georgeview,"gaming, sports, travel",False
0c9b9,Female,28,25-34,Australia,Nancyborough,"food, health, photography",False
9edfe,Female,29,25-34,United Kingdom,West Emily,"fashion, news",False
c7f47,Female,29,25-34,United States,East Connieville,"fashion, photography, gaming",False
ba256,Male,22,18-24,Germany,Barbaraburgh,"news, sports, food",False
473e3,Male,33,25-34,United States,Forbesfort,"gaming, technology",False
94984,Other,35,35-44,Australia,Matthewberg,"photography, finance, travel",False
f35e1,Male,19,18-24,United States,North Anthonyville,"lifestyle, fitness, finance",False
a02b9,Male,16,16-17,Canada,Nicholaston,"travel, fitness, fashion",False
0435c,Male,33,25-34,Canada,Susanmouth,"art, technology, food",False
f8218,Other,24,18-24,United Kingdom,West Laura,photography,False
1496a,Male,37,35-44,Mexico,Stacyfort,"technology, art",False
0803c,Female,25,25-34,United States,Port Leonardport,health,False
75c6c,Male,27,25-34,United States,Deanshire,"finance, lifestyle",False
b9677,Female,21,18-24,Canada,South Robin,"fashion, gaming",False
2c4fb,Male,23,18-24,Canada,Port Francesberg,lifestyle,False
c7c57,Male,26,25-34,United States,South Kendra,"technology, sports",False
450d4,Male,21,18-24,Germany,Port Kelly,"gaming, fashion",False
9116b,Male,33,25-34,France,Whiteheadfort,news,False
b3473,Other,22,18-24,Japan,Ramirezstad,"travel, food",False
92fdb,Male,45,45-54,Australia,Ramirezhaven,photography,False
bcbe4,Male,50,45-54,Canada,Port Troyshire,"photography, fitness, health",False
5b364,Male,24,18-24,Canada,Carlsonstad,"fashion, sports, health",False
140d6,Female,26,25-34,India,North Maryside,health,False
2211c,Male,23,18-24,United States,North Joshuaborough,travel,False
39b9a,Male,22,18-24,Germany,Gonzalezville,"fitness, technology, sports",False
f924c,Male,26,25-34,United Kingdom,Jamesmouth,finance,False
7a630,Male,24,18-24,Japan,South Michelle,health,False
7e072,Male,36,35-44,United States,Rodgersville,"news, food",False
314aa,Male,19,18-24,Mexico,South Brenda,"food, news",False
5bbca,Male,29,25-34,United States,West Marie,"sports, technology",False
1465f,Female,58,55-65,Australia,Martinbury,"food, travel",False
ebe8e,Female,17,16-17,Brazil,Perkinsfort,fashion,False
fad01,Male,38,35-44,United Kingdom,South Shelley,art,False
5b041,Male,21,18-24,Canada,Petersmouth,"health, photography, lifestyle",False
514a3,Female,18,18-24,Germany,Johnsonport,"gaming, health, sports",False
46601,Female,18,18-24,Canada,Lisaton,"food, finance, travel",False
46006,Female,23,18-24,United Kingdom,Port David,"fashion, art",False
877a7,Male,24,18-24,India,South Brianborough,lifestyle,True
ffd56,Male,30,25-34,Japan,Lake Richardside,"news, gaming",False
b67b7,Male,34,25-34,Canada,Moralesport,"photography, technology, news",False
bc921,Male,33,25-34,Germany,Edwardchester,"gaming, news, health",False
50638,Female,18,18-24,United Kingdom,Lake Sarahfort,"lifestyle, travel, photography",False
e87b8,Male,22,18-24,United States,West Jamesberg,"travel, art",False
fabbc,Male,20,18-24,Japan,Devontown,fitness,False
31f26,Other,23,18-24,United States,Ralphport,"fitness, gaming",False
17f16,Female,20,18-24,United States,Nelsonshire,news,False
5e552,Female,21,18-24,United States,East George,"travel, lifestyle, finance",False
e470a,Female,31,25-34,Mexico,North John,technology,False
2eeaf,Male,23,18-24,United States,Joshuaport,lifestyle,False
2b807,Female,25,25-34,Brazil,Leonfurt,"art, photography",False
00e2d,Other,20,18-24,Brazil,Josephmouth,"travel, news",False
b56fc,Male,24,18-24,France,Mccarthyberg,food,False
129da,Female,31,25-34,Germany,Matthewsmouth,technology,False
6a4c8,Female,16,16-17,United States,Morrisonhaven,"art, gaming",False
3984b,Female,16,16-17,United States,West Robintown,"fitness, finance",False
a6ec2,Male,23,18-24,United States,South Brian,"photography, news",False
40f29,Male,26,25-34,France,Port Veronica,"sports, fitness",False
ee822,Male,18,18-24,France,East Frederick,fitness,False
2acdb,Male,35,35-44,Canada,Lake Kara,travel,False
75c01,Female,33,25-34,Germany,New Claytonport,health,False
9ca1f,Male,24,18-24,Australia,South Heatherfort,"food, fitness",False
c86ab,Other,30,25-34,United States,Port Charles,"lifestyle, art, news",False
14ebe,Other,19,18-24,Mexico,North Davidview,technology,False
7b4d1,Female,29,25-34,United States,Port Matthewshire,"art, sports",False
16ba2,Male,23,18-24,Brazil,Kimberlyberg,"health, sports",False
b953e,Male,30,25-34,United States,Adamville,"fashion, lifestyle, news",False
7ac40,Other,31,25-34,France,Garciaburgh,photography,False
a089f,Other,30,25-34,Canada,Rodneymouth,"gaming, food",False
36b8f,Female,20,18-24,United States,East Jaredshire,"lifestyle, sports",False
0541a,Male,38,35-44,Australia,Lake Catherineborough,"travel, art, photography",False
1e8ca,Female,33,25-34,United States,Parkerfurt,"technology, food",False
50a6c,Female,45,45-54,Australia,New Stanley,"travel, fitness",False
ac27c,Male,39,35-44,France,Parkermouth,"news, food, gaming",False
7088a,Male,17,16-17,United States,Rodriguezstad,"travel, food",False
182d6,Female,25,25-34,India,Port Sarah,"technology, news",False
c18cf,Male,40,35-44,Canada,North Stacy,food,False
91d48,Female,31,25-34,India,Forbesmouth,"fashion, fitness",False
af91d,Female,28,25-34,Japan,Lyonsshire,"sports, finance",False
6c769,Female,41,35-44,United States,West Brandi,"art, sports",False
a383b,Female,26,25-34,Canada,Lake Jennifer,"photography, fitness, food",False
c6e03,Female,26,25-34,France,Baileychester,travel,False
7f493,Male,17,16-17,Mexico,North Christinefurt,"fashion, food, news",False
246e4,Female,39,35-44,Germany,West Yolanda,"fashion, photography",False
a032f,Female,47,45-54,United States,Lake Davidmouth,"gaming, travel",False
9bf33,Male,22,18-24,United States,New Brandonfurt,"fashion, travel",False
69a93,Female,29,25-34,Brazil,Lewismouth,technology,False
78d29,Male,28,25-34,Japan,Zavalaton,"lifestyle, gaming",False
b6f86,Other,16,16-17,Japan,Jacobview,"news, fashion",False
2ada9,Other,16,16-17,Brazil,Lake Zacharyfurt,"health, news",False
8b5e9,Female,28,25-34,United States,Fryebury,"fitness, travel, art",False
1d558,Female,45,45-54,India,Joycefurt,gaming,False
6f3cc,Male,24,18-24,Germany,Port William,photography,False
066c7,Female,50,45-54,India,Leahborough,lifestyle,False
e6ec1,Other,20,18-24,United States,New Carol,"lifestyle, food",False
be6c4,Male,51,45-54,United States,East Michaelside,"news, art",False
99456,Male,23,18-24,United States,Perrybury,"photography, news",False
46829,Male,34,25-34,Germany,East Nathan,"fitness, health",False
7b7f0,Female,16,16-17,Brazil,Lake Shelia,"news, fitness",False
e0fac,Male,23,18-24,United Kingdom,West Dennis,"sports, gaming, finance",False
81ed3,Male,26,25-34,United States,West Kimberly,technology,False
15f7b,Male,35,35-44,United States,North Susanville,"photography, gaming, lifestyle",True
8f4ad,Male,27,25-34,United States,Nancyfurt,"fashion, sports",False
6654c,Female,25,25-34,India,Allenfurt,"photography, technology",False
10aac,Male,28,25-34,Japan,Port Bryanport,"health, finance",False
d60d6,Male,19,18-24,United States,Jacquelineshire,gaming,False
ba101,Male,16,16-17,United Kingdom,Benjaminport,"health, food",False
555dc,Male,18,18-24,Australia,Murphymouth,"fashion, technology, sports",False
6b2ab,Male,21,18-24,India,Lake Donna,travel,False
4800e,Female,16,16-17,United States,West Alan,"fashion, art, sports",False
5affb,Male,23,18-24,India,East Timothy,fashion,False
4ffbd,Male,28,25-34,Brazil,Nielsenstad,"technology, sports",False
e0298,Other,31,25-34,France,Martinshire,"gaming, sports, art",False
036ba,Male,27,25-34,Canada,New Jeffery,"health, gaming",False
52594,Female,37,35-44,United Kingdom,Jeremyland,"health, lifestyle, sports",False
ea0ab,Male,35,35-44,Germany,Howellborough,"photography, technology, food",False
1b910,Male,19,18-24,Brazil,Ashleyshire,"art, fitness",False
48cd2,Female,44,35-44,Australia,Nelsonview,art,False
ab1ec,Male,33,25-34,United States,Lake Meaganbury,"food, technology, gaming",False
1c583,Female,28,25-34,United Kingdom,Justinmouth,"sports, news",False
41c03,Male,31,25-34,India,Ericton,"art, fitness, photography",False
f8b88,Male,20,18-24,United Kingdom,North Craig,"finance, travel",False
b1239,Male,37,35-44,Brazil,West Katieburgh,"news, art, photography",False
75942,Female,46,45-54,Germany,South Coltonfurt,news,False
d102f,Male,23,18-24,United Kingdom,Elizabethshire,health,False
a8ad9,Male,49,45-54,United Kingdom,Laurenmouth,"finance, fitness, health",False
ed59a,Female,28,25-34,United States,West Nicholas,"finance, lifestyle, technology",False
586a0,Other,21,18-24,United States,Millermouth,"food, fashion",False
ab029,Male,29,25-34,Canada,Lake Cynthiaport,travel,False
522e0,Female,22,18-24,Japan,Paynestad,photography,False
6bccc,Female,29,25-34,United States,Shawnside,"fashion, gaming, news",False
a43ac,Female,32,25-34,United Kingdom,South Lindsay,"gaming, travel, finance",False
85699,Female,28,25-34,United States,West Charlesville,health,False
ed2a5,Male,24,18-24,Australia,Buckport,"gaming, sports",False
7f03b,Female,29,25-34,Canada,North Lisahaven,"photography, lifestyle, food",False
0d6d8,Female,28,25-34,Mexico,West Jeremy,health,False
57e35,Female,25,25-34,United Kingdom,East Jimmy,"gaming, art",False
c4700,Female,19,18-24,Mexico,Josephhaven,photography,False
7e07a,Female,36,35-44,Australia,West Robertbury,"lifestyle, food, gaming",False
0ab8b,Male,27,25-34,United States,Hortonmouth,"technology, art",False
e7ae6,Female,34,25-34,India,East Charlesmouth,"gaming, finance, photography",False
d45c4,Female,22,18-24,Mexico,East Rodney,"technology, fitness, lifestyle",False
aff4b,Other,23,18-24,Australia,West Richard,"photography, sports, technology",False
fd05e,Male,21,18-24,United Kingdom,Patriciaville,travel,False
cf88e,Female,31,25-34,India,Patriciastad,"news, fashion",False
4a064,Male,31,25-34,Australia,West Kathychester,"sports, finance, lifestyle",False
5e515,Male,22,18-24,United Kingdom,West Elizabethbury,sports,False
db103,Male,26,25-34,United Kingdom,Mooreberg,"art, fashion",False
88534,Male,19,18-24,United States,Herrerabury,health,False
59a3d,Male,35,35-44,Japan,East William,"gaming, fitness",False
6b6f6,Male,31,25-34,United States,Leebury,"lifestyle, gaming",False
a197f,Male,20,18-24,India,Port Jessehaven,"sports, gaming, news",False
a11a3,Male,22,18-24,Japan,Jasonbury,"art, photography, fashion",False
fa15b,Male,45,45-54,India,Christophershire,"art, travel, fitness",False
3439b,Male,23,18-24,Germany,South Melissa,"technology, fashion",False
6e28d,Male,27,25-34,India,Kristinemouth,health,False
6c7b2,Male,16,16-17,Germany,Margaretberg,"finance, food, technology",False
e2b4d,Other,53,45-54,United Kingdom,Craigburgh,gaming,False
af6b2,Other,32,25-34,United Kingdom,South Gavin,fashion,False
ee0db,Female,32,25-34,Mexico,East Monicahaven,"fitness, art, fashion",False
f531a,Female,22,18-24,United States,West Angela,"gaming, technology, sports",False
671e8,Male,16,16-17,Brazil,Michaelborough,"technology, travel",False
0b3d6,Female,28,25-34,Germany,Michaelfurt,"fitness, sports, health",False
25b61,Male,19,18-24,United States,Brianhaven,"gaming, travel",False
ddb4d,Male,27,25-34,United Kingdom,Port Marthashire,"lifestyle, food",False
b617c,Other,16,16-17,India,Johnburgh,"news, technology",False
5fd5d,Male,36,35-44,United States,Lake Nicholaschester,art,False
64a04,Male,32,25-34,Canada,East Brianna,"news, gaming, food",False
66bba,Female,25,25-34,France,North Anamouth,fashion,False
5ee68,Male,28,25-34,Brazil,Kimborough,"art, photography",False
7a28a,Male,22,18-24,India,South Bryan,lifestyle,False
8f1ee,Male,28,25-34,India,Moorebury,"fashion, art",False
ff18f,Male,19,18-24,France,Coryfurt,finance,False
77e2f,Female,34,25-34,United States,Reedmouth,fashion,False
8ddb8,Female,28,25-34,France,South James,"finance, sports, lifestyle",False
f7b73,Male,32,25-34,Japan,West Jessicaview,"fitness, finance",False
87a1e,Male,33,25-34,France,New Patriciaburgh,"fitness, photography",False
980eb,Male,16,16-17,India,East Amberberg,"gaming, news, food",False
96348,Female,38,35-44,Germany,New James,"art, gaming, photography",False
8ae7b,Male,26,25-34,United States,Lake Johnport,lifestyle,False
21c50,Male,42,35-44,Japan,Port James,"news, technology",False
74deb,Male,24,18-24,United States,Lake Daniel,"health, technology, sports",False
5ccf0,Female,44,35-44,United Kingdom,Lake Williamside,"art, lifestyle",False
847f8,Male,32,25-34,Australia,North Vickie,"technology, food, photography",False
0ccae,Male,16,16-17,United States,Shawnton,fitness,False
6950c,Female,35,35-44,United Kingdom,Lauramouth,"travel, finance",False
fa451,Male,29,25-34,Brazil,Williamsburgh,"lifestyle, health, art",False
b230f,Female,37,35-44,Germany,Morganhaven,lifestyle,False
523e6,Male,18,18-24,United Kingdom,Port Bradley,"travel, sports",False
3b032,Male,16,16-17,United States,South Andrew,photography,False
e35c1,Male,33,25-34,Australia,Port Jenniferhaven,"news, finance, fitness",False
3d3e0,Female,18,18-24,Canada,South Marymouth,"gaming, fashion, photography",False
77ade,Female,36,35-44,France,Harrisfort,food,False
59016,Male,17,16-17,India,Breannaton,fashion,False
7b375,Male,36,35-44,Mexico,Kimchester,"news, health, finance",False
28eb4,Female,22,18-24,United Kingdom,Estradaburgh,"art, news",False
8ab2a,Male,20,18-24,Australia,Christopherberg,food,False
8b249,Female,22,18-24,Canada,North Margaret,travel,False
40073,Female,17,16-17,Mexico,Haleburgh,"photography, fashion, food",False
e81e5,Male,31,25-34,United Kingdom,Stacyburgh,"sports, health, gaming",False
4ab7b,Female,16,16-17,United States,Jonesmouth,"art, food, finance",False
5e4db,Other,22,18-24,United Kingdom,Andersonbury,health,False
4bd6e,Female,32,25-34,United States,Lake Jessicaview,"food, photography, health",False
2ddb1,Male,16,16-17,United Kingdom,North Emily,"fashion, fitness, news",False
a27a9,Female,23,18-24,United States,Port John,"health, technology",False
9f89c,Male,40,35-44,Mexico,Wendyshire,food,False
fb36a,Female,27,25-34,United States,Port Scottfurt,"technology, art",False
19c4c,Male,25,25-34,Germany,Lake Garyview,news,False
f4980,Female,25,25-34,Canada,Kelleyhaven,health,False
beae2,Male,23,18-24,India,Estradaport,"sports, food",False
4d66a,Male,19,18-24,Germany,East Thomasmouth,"health, sports",False
9541b,Female,24,18-24,Mexico,Thomasbury,"fitness, food, lifestyle",False
62b3e,Other,24,18-24,United Kingdom,West Kenneth,lifestyle,False
75e97,Other,27,25-34,Mexico,Stephanieshire,health,False
a88f4,Male,22,18-24,United States,North Daniel,lifestyle,False
a44aa,Female,40,35-44,Mexico,South Hollyberg,"photography, travel",False
b67be,Male,38,35-44,Australia,Edwardston,"technology, photography, finance",False
f75b1,Female,20,18-24,United States,East Katiehaven,"finance, technology, travel",False
eaaa7,Other,23,18-24,Germany,Port Chelsea,"gaming, health",False
1fb4d,Male,44,35-44,United States,Danielberg,"fitness, finance, technology",False
03caa,Male,39,35-44,Japan,North Louis,"lifestyle, technology",False
e2d87,Male,48,45-54,Germany,Port Peter,"fitness, finance, fashion",False
e1246,Male,26,25-34,United Kingdom,Williamsmouth,food,False
3af5b,Male,25,25-34,Australia,Priceton,"fitness, fashion",False
221f2,Male,18,18-24,Brazil,Laurafort,food,False
e3d8a,Female,33,25-34,United States,Christinaborough,"health, food",False
c4b64,Male,35,35-44,United States,Kathyshire,"art, photography, food",False
8852f,Male,41,35-44,Germany,Melissashire,"lifestyle, photography, fashion",False
d7a12,Male,20,18-24,Mexico,Tylerton,"news, travel",False
59b7d,Male,45,45-54,United States,Angelicaburgh,"health, technology",False
38176,Female,30,25-34,United States,Ritafurt,"food, art, finance",False
c50e4,Male,35,35-44,Mexico,New Kristachester,"health, travel, fashion",False
7c2c4,Female,20,18-24,United States,Smithfurt,"news, art",False
6d53d,Male,21,18-24,Germany,West Curtisville,"lifestyle, photography",False
5f8ac,Female,38,35-44,United Kingdom,West Allisonhaven,"health, gaming",False
9aaf8,Female,19,18-24,Australia,East Ericborough,"technology, art",False
79017,Female,25,25-34,United Kingdom,Reyesville,art,False
5c4b3,Female,23,18-24,United Kingdom,South Jeremyton,"sports, health",False
4ec0b,Female,28,25-34,United Kingdom,Trevinomouth,gaming,False
55901,Female,39,35-44,Canada,New Darrylfurt,technology,False
ae84f,Male,17,16-17,France,East Bradley,"art, gaming",False
9419e,Female,29,25-34,Brazil,New Katherinehaven,fashion,False
2633d,Male,45,45-54,France,Lauraburgh,"news, sports, health",False
500ac,Male,23,18-24,Australia,South Laurenview,"news, technology",False
76dd5,Male,33,25-34,United States,Torresland,gaming,False
8d019,Female,33,25-34,Germany,Mathewchester,finance,False
f2572,Male,19,18-24,India,New Kevinville,fitness,False
22802,Male,23,18-24,Brazil,New Zachary,fitness,False
d08a6,Female,26,25-34,Australia,Watsonside,"health, technology, food",False
e9427,Male,37,35-44,Canada,New Michelle,"photography, finance, gaming",False
9b3dd,Female,25,25-34,United States,Riverachester,"news, sports, finance",False
d1563,Female,32,25-34,India,New Lawrencehaven,technology,False
95bc1,Male,31,25-34,United States,Lake Jamesside,"travel, gaming",False
10f49,Male,24,18-24,India,Dorothybury,"fitness, finance, lifestyle",False
d6423,Male,23,18-24,United States,South Timothychester,health,False
ace25,Female,40,35-44,Japan,Markberg,"gaming, photography",False
69719,Other,30,25-34,United States,West Williamville,"sports, news, photography",False
0d0f6,Female,30,25-34,France,Cynthiaborough,"health, sports, fitness",False
4136b,Female,20,18-24,United Kingdom,Houstonmouth,photography,False
b2dd6,Male,16,16-17,United States,Colonshire,"lifestyle, fashion, fitness",False
346db,Male,42,35-44,United States,Wongview,"gaming, finance, health",False
e1ae0,Male,27,25-34,United States,New Brandon,travel,False
31c29,Male,17,16-17,Japan,Trevinoborough,sports,False
c8ba7,Female,34,25-34,Australia,West Nancyburgh,lifestyle,False
cb601,Female,16,16-17,United States,Daltonport,"health, photography, travel",False
4996f,Other,30,25-34,Germany,East Jessicaland,"travel, news, technology",False
4d3da,Female,20,18-24,United States,North Alexistown,"health, art",False
3fb3b,Female,27,25-34,United States,Garrettville,"photography, gaming",False
65a89,Male,32,25-34,United States,South Christine,"news, fashion",False
44aeb,Female,26,25-34,United Kingdom,South Donald,food,False
95aea,Male,20,18-24,United States,Bowersshire,"health, gaming, food",False
98018,Male,31,25-34,Germany,Drewside,technology,False
70c7e,Male,23,18-24,Australia,Port Taramouth,"art, technology",False
b628f,Male,31,25-34,Mexico,Valerieton,"gaming, travel",False
b70ac,Female,16,16-17,France,Fordmouth,technology,False
d949a,Female,26,25-34,United States,Padillaville,art,False
ffcdd,Male,32,25-34,United States,Thompsonbury,"art, news, sports",False
f402a,Female,25,25-34,United Kingdom,Port Brianatown,"photography, fitness, technology",False
ea7f1,Female,20,18-24,Germany,West Angelaport,"health, art, technology",False
0f18e,Female,33,25-34,India,Port Cameronview,gaming,False
86103,Male,34,25-34,Germany,South Cody,"fashion, news",False
18872,Other,24,18-24,Germany,Nelsonville,"fitness, lifestyle, fashion",False
2790f,Female,23,18-24,Brazil,Leeville,news,False
bb0df,Male,40,35-44,United Kingdom,Pollardberg,"fashion, photography, news",False
ac7d9,Female,19,18-24,United States,Port Aaron,"travel, lifestyle",False
7474d,Female,27,25-34,Brazil,Connorfurt,lifestyle,False
cafe3,Female,37,35-44,Brazil,Robertberg,"travel, lifestyle, art",False
f6be0,Female,33,25-34,France,South Brittany,"travel, health, photography",False
3d3b3,Male,38,35-44,United Kingdom,Lake Sandra,lifestyle,False
f45b7,Female,38,35-44,United States,South Curtismouth,"finance, technology, travel",False
e3dab,Male,23,18-24,Japan,Garciaborough,"gaming, sports",False
f31ca,Male,29,25-34,United States,North Ryanborough,news,False
468ff,Male,25,25-34,Canada,East Paulbury,fitness,False
9c664,Male,46,45-54,United States,Smithbury,news,False
be913,Male,26,25-34,Germany,Brianshire,travel,False
62598,Female,18,18-24,Canada,Davidside,health,False
2f716,Female,21,18-24,United States,Lake Jonathan,lifestyle,False
0398d,Male,24,18-24,United States,Estradatown,"news, technology, gaming",False
5c3d3,Male,27,25-34,United States,Baldwinberg,"art, finance, gaming",False
699ce,Male,26,25-34,India,Lake Erica,"travel, finance",False
fb351,Male,45,45-54,United States,Perezville,technology,False
3c8bd,Female,27,25-34,Canada,Wolfemouth,"travel, food, photography",False
7c304,Female,19,18-24,Mexico,North Crystal,"art, fitness, news",False
74caf,Male,38,35-44,United States,New Mary,technology,False
8ff1f,Male,34,25-34,United Kingdom,Hendersonburgh,"fitness, finance",False
f7385,Female,20,18-24,United States,South Kathleen,"news, finance",False
5b6b0,Female,27,25-34,United States,Yvonneborough,"health, sports, technology",False
a7198,Male,25,25-34,United States,Herreraland,"lifestyle, news, food",False
239d2,Female,39,35-44,United Kingdom,New Lisa,photography,False
b0f3d,Male,32,25-34,Germany,Ruizchester,"lifestyle, health",False
f2fa7,Other,19,18-24,United Kingdom,Vaughntown,"art, technology, finance",False
137dd,Male,20,18-24,Canada,Port Kaylaport,photography,False
8d47b,Male,24,18-24,Canada,East Jerry,"travel, photography",False
f971c,Female,30,25-34,United States,Angelabury,photography,False
f8a5a,Female,20,18-24,India,Monicaborough,"fashion, sports",False
101f3,Other,22,18-24,United States,North Linda,"technology, travel",False
fcf4f,Male,41,35-44,Japan,Lake David,"fashion, gaming",False
bc50e,Male,32,25-34,Mexico,Katherinefurt,"gaming, travel",False
1e23b,Male,32,25-34,Japan,Thomasmouth,"travel, art",False
c0367,Female,21,18-24,Germany,New Dean,"fashion, news",False
a1e11,Male,24,18-24,India,New Dariushaven,gaming,False
cc98d,Female,45,45-54,Australia,Walshbury,"food, news",False
ac646,Female,28,25-34,Japan,Port Charlesmouth,finance,False
aad2f,Male,20,18-24,India,Tanyastad,"technology, health, fitness",False
755d6,Female,16,16-17,Canada,Kristopherburgh,"food, fitness, travel",False
3788d,Female,42,35-44,Canada,North Michael,"finance, fitness, technology",False
dcfc8,Male,18,18-24,United States,South Carrie,"fitness, lifestyle",False
87677,Male,20,18-24,United Kingdom,Justinland,"sports, gaming, art",False
5043f,Male,26,25-34,Brazil,Michaelland,"art, fitness, finance",False
415bb,Male,27,25-34,United States,North Paul,"food, sports",False
78e5e,Female,32,25-34,United Kingdom,Lake Juanmouth,"fitness, art, technology",False
a050d,Other,31,25-34,Australia,Richardmouth,news,False
e2c79,Male,20,18-24,United States,Lake Shawnchester,"fashion, health, photography",False
ec3d4,Female,26,25-34,United States,Wallacemouth,"sports, technology, lifestyle",False
c2280,Male,40,35-44,United Kingdom,Lake Justinburgh,"lifestyle, travel",False
6a6fd,Female,25,25-34,Germany,East Rachelbury,"fashion, sports",False
81168,Male,34,25-34,United States,East Danaport,fitness,False
9da4f,Male,28,25-34,Australia,Danielton,news,False
e547a,Male,27,25-34,United States,Katherinetown,"food, photography, finance",False
c984d,Male,24,18-24,United States,North Juliefurt,fashion,False
f3268,Female,29,25-34,Canada,Deborahborough,"fitness, fashion, technology",False
fe9da,Male,27,25-34,Brazil,South Taylor,photography,False
5895f,Male,29,25-34,United States,Briannaburgh,"travel, food",False
93671,Male,24,18-24,United States,Pierceton,photography,False
ab786,Female,32,25-34,Mexico,East Willieburgh,"food, fashion",False
18f74,Male,27,25-34,Japan,West Stacey,"finance, news",False
7c2c8,Female,19,18-24,Australia,Mendozaton,health,False
75b06,Male,25,25-34,United Kingdom,Anthonyborough,"art, gaming, finance",False
2a379,Male,21,18-24,United States,Smithbury,"art, sports",False
8e55e,Male,38,35-44,Mexico,Lake Vanessaburgh,"gaming, fitness, technology",False
60c74,Male,40,35-44,Germany,Odombury,"finance, art",False
86736,Male,30,25-34,Japan,North Katelyn,"art, lifestyle",False
9b08b,Male,26,25-34,United Kingdom,Johnstonburgh,news,False
1f45d,Female,26,25-34,United Kingdom,Hannahside,"gaming, art, technology",False
e3205,Male,26,25-34,United States,Murphymouth,"technology, gaming, art",False
e7d4d,Male,29,25-34,United States,West Randytown,food,False
b96a7,Female,24,18-24,United States,New Shawnmouth,news,False
ac637,Female,30,25-34,United States,West Joyce,sports,False
88722,Male,30,25-34,Australia,Ballardtown,fashion,False
7035c,Other,34,25-34,Canada,Port Selena,"fitness, technology",False
fe2e4,Male,17,16-17,United States,Davisport,fitness,False
99bb0,Male,23,18-24,United States,East Elizabethburgh,"gaming, travel",False
47602,Female,24,18-24,India,East Brendanmouth,"fashion, fitness",False
6d467,Male,49,45-54,United States,Barrystad,"fitness, sports, travel",False
7318f,Female,25,25-34,Germany,Reneeton,art,False
0b8c5,Other,38,35-44,Germany,Lopezland,"art, gaming",False
86fca,Female,29,25-34,Australia,Mendezchester,"sports, fashion, photography",False
98277,Female,24,18-24,United Kingdom,Phyllismouth,"gaming, sports, photography",False
7379a,Female,38,35-44,United States,Williamsberg,"news, art, lifestyle",False
528e8,Male,38,35-44,Brazil,Lake Kyle,"lifestyle, art, sports",False
0d850,Female,18,18-24,Canada,Floresfort,lifestyle,False
ffc6b,Male,25,25-34,India,Martinmouth,"finance, news, technology",False
d7e32,Male,27,25-34,India,New Michael,"photography, art",False
2a0f7,Male,42,35-44,Canada,New Robertview,"finance, photography, art",False
1a7fc,Female,36,35-44,Canada,Turnerside,"sports, photography, travel",False
105bb,Male,28,25-34,Canada,Jessicaberg,"food, finance",False
8978c,Male,30,25-34,India,Allenhaven,"health, food, news",False
5275d,Male,25,25-34,India,Christopherville,travel,False
585b3,Female,36,35-44,United States,Dawnfort,"food, fashion, fitness",False
5c86e,Male,31,25-34,United States,Ortegaland,"technology, fitness, art",False
fba45,Male,35,35-44,Canada,Port Shannon,"finance, photography",False
e4f4c,Male,24,18-24,Brazil,Morganfurt,"art, health",False
1853c,Female,42,35-44,United States,East Josehaven,travel,False
d0c1b,Female,17,16-17,Japan,Port Richard,"finance, gaming, photography",False
9f4fb,Male,29,25-34,Australia,Ryanton,"fitness, technology, food",False
068af,Male,28,25-34,United States,South Alexander,"finance, travel, sports",False
98f59,Male,29,25-34,Australia,Port Sarahshire,"gaming, travel",False
5c418,Female,29,25-34,United Kingdom,Myerschester,"travel, lifestyle",False
a5e72,Male,24,18-24,Japan,North Timothy,"technology, photography, news",False
3d341,Male,25,25-34,Canada,East Kristinaport,"gaming, lifestyle",False
417da,Male,20,18-24,France,New Joseph,art,False
188be,Male,25,25-34,United States,Choifurt,photography,False
c0d61,Female,26,25-34,Germany,Jamesborough,food,False
e4a2b,Male,36,35-44,United Kingdom,Lake Emilyton,"food, photography, travel",False
17e1d,Male,22,18-24,Canada,New Zacharyfurt,"food, gaming",False
596df,Male,27,25-34,United States,New Jared,travel,False
7ee7f,Female,25,25-34,United Kingdom,East Madisonfort,art,False
94134,Male,31,25-34,United States,South Kimberly,"gaming, food",False
e888c,Female,21,18-24,Japan,Martinmouth,health,False
d1d37,Other,34,25-34,United States,North Antonioview,photography,False
912f5,Female,34,25-34,United States,Jonathantown,travel,False
14a80,Female,16,16-17,United Kingdom,Jaredstad,"photography, finance",False
ce03f,Other,20,18-24,Canada,North Tinaport,"sports, lifestyle, technology",False
7de8e,Male,17,16-17,Canada,Adamsport,"lifestyle, art, travel",False
e64cc,Male,36,35-44,Canada,Bradleymouth,"lifestyle, gaming, finance",False
981bd,Male,16,16-17,United Kingdom,New Charles,"photography, art",False
9145b,Male,22,18-24,United Kingdom,South Nathan,"news, travel",False
00894,Other,16,16-17,United States,North Pattychester,fashion,False
6dfe3,Male,29,25-34,Germany,Port Jeremy,"photography, art, lifestyle",False
9dd67,Female,38,35-44,Mexico,West Thomas,gaming,False
e1f87,Male,27,25-34,United States,Johnsonmouth,travel,False
d2f0b,Female,27,25-34,Germany,Lake Ricky,"health, sports, fashion",False
c31d0,Female,16,16-17,Japan,Lake Andrea,"fashion, sports",False
92f0c,Female,36,35-44,United Kingdom,Scottton,"lifestyle, finance, fitness",False
b1b72,Female,32,25-34,United States,Port Jodyborough,gaming,False
7ca16,Female,20,18-24,India,New Donaldtown,travel,False
ae324,Male,24,18-24,India,Hallfort,"health, food",False
40a2a,Male,21,18-24,Canada,Murphyfort,health,False
2f681,Female,20,18-24,United Kingdom,South Brandonville,finance,False
ec0f9,Other,26,25-34,United States,Waltonfurt,"sports, fitness",False
1740b,Male,34,25-34,Canada,North Crystal,lifestyle,False
e0f7b,Male,22,18-24,Brazil,South Richard,"art, lifestyle, fitness",False
72ca1,Other,29,25-34,Mexico,North Mario,gaming,False
ce54f,Other,16,16-17,Canada,Brendaville,art,False
7045a,Female,27,25-34,Canada,Burtonberg,"fashion, finance, sports",False
2ca45,Male,26,25-34,Germany,Kevinborough,fashion,False
58a6c,Female,32,25-34,United Kingdom,Brownside,fitness,False
c082e,Male,23,18-24,Brazil,New Michael,"photography, sports, travel",False
186a7,Male,16,16-17,India,Matthewberg,"fashion, fitness",False
1d704,Male,28,25-34,United States,Katherinestad,"sports, news",False
43e10,Female,30,25-34,Mexico,South Jordan,"technology, sports",False
cb14c,Other,30,25-34,United States,Kristenland,travel,False
4ea84,Female,20,18-24,United Kingdom,Andradeburgh,"fitness, food",False
bbb16,Female,25,25-34,Canada,East Melissa,news,False
64589,Male,24,18-24,Mexico,Foxborough,sports,False
67735,Female,27,25-34,Australia,South Justin,"sports, gaming, technology",False
380ff,Female,23,18-24,United States,Lewisstad,"fitness, sports, travel",False
967a5,Male,31,25-34,United Kingdom,West Sharon,lifestyle,False
eaae1,Female,25,25-34,Germany,New Catherinemouth,news,False
8427b,Other,24,18-24,United Kingdom,New Martinbury,"art, health",False
a0c22,Male,22,18-24,United Kingdom,Woodardmouth,"health, photography, fashion",False
82d47,Male,30,25-34,Canada,West Crystalmouth,fashion,False
8030c,Female,16,16-17,United Kingdom,Port Ariel,news,False
6e04f,Male,30,25-34,France,South Andrewside,"gaming, technology",False
3eab2,Male,26,25-34,Canada,North Danielchester,"health, lifestyle",False
17ab1,Female,30,25-34,United States,Gregorychester,"travel, art, food",False
1ed04,Female,29,25-34,Brazil,Patelstad,"lifestyle, art",False
79b54,Female,20,18-24,United States,Williamland,"health, food",False
55e95,Female,47,45-54,United States,Boyerport,"photography, lifestyle, technology",False
42ffc,Female,27,25-34,United States,Brennanmouth,"news, lifestyle, art",False
754ec,Male,24,18-24,United States,Ponceberg,"health, fashion, fitness",False
76a69,Female,21,18-24,United Kingdom,New Michelle,photography,False
dc31f,Female,34,25-34,Canada,East Andrewland,photography,False
8b66a,Male,37,35-44,United Kingdom,North Karenport,"technology, sports",False
4d344,Male,30,25-34,United Kingdom,Port Reneefurt,"food, news, photography",False
41e0a,Other,32,25-34,United States,Port Raymondstad,"photography, health, food",False
fef17,Male,24,18-24,United Kingdom,Lake Katieside,lifestyle,False
cbf77,Male,16,16-17,France,Lake David,"gaming, news, travel",False
9798f,Male,28,25-34,Germany,Christinamouth,art,False
7b06f,Female,34,25-34,France,Lake Elizabethland,"travel, art, health",False
b50b7,Male,20,18-24,Brazil,Kevinshire,sports,False
168cf,Other,39,35-44,United Kingdom,New Angelaview,"health, food",True
3a504,Female,32,25-34,United Kingdom,East Megan,sports,False
52244,Male,18,18-24,United States,New Johnbury,"health, food",False
ebba5,Male,24,18-24,France,West Brianburgh,"travel, technology",False
c53bb,Male,27,25-34,Canada,Englishtown,"finance, travel",False
9c1e4,Other,63,55-65,United Kingdom,Dixonchester,"finance, fashion",False
980be,Male,22,18-24,Germany,Harrisfurt,"technology, art",False
0a38c,Male,27,25-34,Germany,South Ricky,"lifestyle, technology, art",False
19e47,Female,18,18-24,United Kingdom,Lindamouth,technology,False
110ca,Female,33,25-34,United States,Brownfurt,"finance, sports",False
151f4,Male,16,16-17,Germany,Tammybury,"gaming, fashion",False
05436,Female,28,25-34,United Kingdom,North Michaelmouth,"finance, art, fitness",False
309bc,Other,31,25-34,United Kingdom,East Gabrielle,fitness,False
bab3b,Female,46,45-54,Canada,East Timothyborough,health,False
95727,Male,16,16-17,Canada,Allisonstad,news,False
e048e,Male,27,25-34,Australia,Youngstad,"lifestyle, photography, news",False
d2129,Female,26,25-34,United States,Heidiport,"travel, health",False
7e356,Male,23,18-24,France,North Brian,"technology, lifestyle, fitness",False
55918,Female,34,25-34,Germany,North Jamesfurt,"fashion, gaming",False
47b0a,Male,24,18-24,United Kingdom,Michelleport,"fashion, gaming, news",False
60a44,Other,27,25-34,Germany,Haroldside,"lifestyle, fitness",False
af12a,Female,24,18-24,United States,West Katherine,"art, health",False
25cd1,Female,44,35-44,United States,New Curtisbury,"news, finance, health",False
8baf0,Female,18,18-24,Mexico,Kathyland,"news, art",False
baa76,Male,47,45-54,United Kingdom,Jorgefort,"photography, gaming",False
2b630,Male,26,25-34,United States,South Natasha,"art, lifestyle, photography",False
d7610,Male,24,18-24,United States,East Robertmouth,fashion,False
e6886,Male,20,18-24,Germany,East Andresbury,"finance, health",False
9eb5c,Male,20,18-24,Germany,West Cody,"sports, fashion",False
82bdb,Male,33,25-34,India,Robertsfurt,art,False
2e989,Male,31,25-34,Germany,Holderfurt,"sports, gaming",False
d59ff,Male,23,18-24,Canada,Jacksontown,"sports, health",False
2e6c3,Female,16,16-17,United Kingdom,East Craigtown,"travel, finance",False
1b573,Female,25,25-34,United Kingdom,South Crystal,"fashion, travel, lifestyle",False
612e0,Female,32,25-34,United Kingdom,South Tinaville,food,False
26ad5,Male,19,18-24,Germany,Lauraborough,art,False
6f98f,Male,32,25-34,United States,Kimshire,"finance, health",False
b4ff1,Male,16,16-17,United States,Gutierrezport,sports,False
200cc,Other,31,25-34,Germany,Michaelhaven,"finance, news",False
8bc53,Male,19,18-24,United States,East Sharonburgh,finance,False
e5ec3,Female,24,18-24,United Kingdom,East Jennifer,fitness,False
f548b,Female,22,18-24,Mexico,Morganmouth,"gaming, news",False
f6a8b,Male,39,35-44,United Kingdom,Martinezport,"fashion, technology",False
ab9a8,Male,20,18-24,Mexico,Reginahaven,"sports, news",False
3c67c,Male,27,25-34,Canada,Kentmouth,technology,False
51fef,Male,16,16-17,Canada,Carolborough,"finance, lifestyle",False
a2dbf,Female,38,35-44,United Kingdom,South Sarah,"finance, art, sports",False
22523,Male,19,18-24,Australia,Hughesburgh,"travel, sports, food",False
cbd49,Female,44,35-44,United States,Johnsonville,"art, technology",False
21bd4,Male,35,35-44,United Kingdom,Donnamouth,"sports, photography, fitness",False
29e21,Female,25,25-34,United Kingdom,South Teresaborough,"travel, art",False
06bad,Other,25,25-34,France,Cobbside,"sports, fitness",False
39199,Male,25,25-34,Canada,Joshuaport,"art, sports",False
d3ff9,Female,16,16-17,India,Claymouth,health,False
bc9c0,Male,18,18-24,Japan,Smithton,sports,True
2257e,Male,21,18-24,Mexico,Richardsfurt,"finance, travel, health",False
4b393,Female,22,18-24,India,Port Joshua,"travel, finance",False
0ca0c,Female,19,18-24,United States,Laurenborough,"health, gaming, sports",False
6494d,Male,36,35-44,Germany,New Kristin,"sports, fashion",False
753c5,Male,35,35-44,India,West Jasminehaven,"fashion, news, gaming",False
21e2d,Male,27,25-34,Canada,Kyleburgh,food,False
4ac7f,Female,18,18-24,Canada,Baileybury,"lifestyle, health",False
1f63e,Female,32,25-34,Brazil,Cherylville,news,False
3de1b,Female,20,18-24,United Kingdom,Lake Sierra,"technology, lifestyle",False
b49b0,Male,36,35-44,United Kingdom,Wiseberg,"news, sports",False
fcf9f,Male,19,18-24,United Kingdom,Hollowayborough,"lifestyle, health",False
4af66,Female,25,25-34,Canada,East Francis,photography,False
c5453,Male,28,25-34,France,Lake Karina,gaming,False
a66ff,Male,28,25-34,Mexico,Thompsonfort,"travel, art",False
f8484,Female,48,45-54,India,West Michael,"health, finance, fashion",False
3592f,Male,27,25-34,Japan,Lake Jeremy,gaming,False
b85a3,Male,27,25-34,United Kingdom,North Kurtchester,"gaming, photography, travel",False
6179e,Other,50,45-54,Canada,Stephensview,"sports, technology",False
0f3ec,Male,33,25-34,Canada,New Breannaborough,"travel, finance",False
4d51a,Other,23,18-24,United Kingdom,East Jeffery,technology,False
98293,Male,37,35-44,Canada,Gonzalezchester,"news, art",False
48622,Male,27,25-34,India,Brendaton,"food, art",False
0f074,Male,45,45-54,United States,South Elizabethberg,"health, fashion",False
97e8b,Female,18,18-24,Canada,West Philipfort,"lifestyle, gaming",False
ae020,Male,22,18-24,United States,Joneschester,sports,False
06fd1,Male,25,25-34,United Kingdom,South Matthewton,"travel, fashion",False
407a6,Other,21,18-24,United Kingdom,West Jacob,"finance, health, fitness",False
cdbfd,Male,26,25-34,United States,Jenniferstad,"gaming, photography",False
b6901,Male,34,25-34,India,East Josemouth,"fashion, sports",False
bc132,Other,49,45-54,United Kingdom,Toddview,"fitness, fashion, lifestyle",False
05bf4,Female,30,25-34,Canada,South Shelly,"gaming, lifestyle, technology",False
f0d2b,Male,29,25-34,Canada,Williamsville,"fitness, health, art",False
0b522,Male,29,25-34,Canada,Robertfurt,"fashion, travel",False
689c1,Male,24,18-24,Australia,Coleside,travel,False
1441b,Male,20,18-24,United Kingdom,Mariaport,food,False
7e911,Male,34,25-34,United Kingdom,Donnatown,fashion,False
7286a,Female,28,25-34,United States,Victoriashire,"photography, health, gaming",False
de79e,Male,22,18-24,Australia,North Juan,"travel, finance, health",False
c7825,Male,23,18-24,Brazil,Port Dianabury,art,False
b58e4,Male,25,25-34,India,West Ericmouth,"fitness, food, gaming",False
970ce,Female,52,45-54,Brazil,Robinsontown,"health, news",False
e3806,Male,39,35-44,Australia,Michaelfort,lifestyle,False
bddd5,Male,19,18-24,United States,Genefort,"sports, technology",False
df32b,Male,23,18-24,Japan,Lake Emilymouth,"food, fashion",False
f0bfa,Female,34,25-34,France,South Jessica,"fitness, news",False
c9e38,Male,29,25-34,India,West Kelly,"technology, finance, fashion",False
2e22c,Male,29,25-34,United States,Hillshire,"fashion, news",False
c7bd1,Male,49,45-54,India,New Claytonburgh,"fashion, health, finance",False
ec791,Male,18,18-24,Germany,Port Toddbury,gaming,False
becfc,Male,28,25-34,United States,New Williamtown,art,False
72b0e,Male,27,25-34,Germany,New Jeremy,"gaming, technology, finance",False
86ac4,Other,25,25-34,Brazil,Roseburgh,news,False
4fa6c,Male,32,25-34,United States,Gailhaven,finance,False
203fc,Female,25,25-34,Mexico,East Christina,gaming,False
e7502,Male,34,25-34,India,North Charles,sports,False
c398f,Male,24,18-24,United States,Leeland,"finance, art, gaming",False
bd610,Male,22,18-24,United States,Lake Sharonside,"finance, fashion",False
8ba28,Female,27,25-34,United States,West Lisatown,"photography, travel, health",False
32789,Other,23,18-24,Brazil,Linberg,"lifestyle, travel, gaming",False
621e8,Female,19,18-24,Germany,West Michaelbury,"gaming, food, fashion",False
e59a8,Male,33,25-34,United States,Davisview,"news, sports",False
69cdb,Female,23,18-24,Germany,New Sheila,"travel, finance",False
6e4a6,Male,25,25-34,India,Robinsonbury,"travel, fashion",False
f456c,Female,16,16-17,France,Ashleystad,"sports, news, food",False
5ccd2,Male,23,18-24,India,North Roger,travel,False
8c5d8,Male,33,25-34,Australia,Kimberlychester,lifestyle,False
af50f,Male,31,25-34,Australia,Cameronhaven,"health, technology",False
a4acc,Female,32,25-34,United States,Aimeemouth,"fashion, lifestyle, finance",False
a7e53,Male,43,35-44,United States,Derekshire,"health, travel",False
91341,Male,18,18-24,India,Joanmouth,"fitness, fashion",False
51ee0,Female,25,25-34,Mexico,West Johnview,"art, gaming",False
e3bfa,Male,20,18-24,United Kingdom,West Jennifer,fitness,False
948d2,Female,16,16-17,United States,North William,"art, news",False
fe016,Female,26,25-34,India,North Joseph,travel,False
e82f0,Male,54,45-54,Germany,North Michael,"fitness, health, lifestyle",False
a3bde,Male,29,25-34,Canada,Stevenschester,finance,False
f57f2,Male,26,25-34,United States,Murphyland,"food, finance",False
dc9f9,Male,34,25-34,United States,Williamsborough,"lifestyle, photography",False
73d19,Male,28,25-34,United Kingdom,Gallowaytown,"fashion, photography",False
3d440,Female,18,18-24,United States,Lake Angelaland,"food, art",False
1c7bb,Male,29,25-34,United States,South Kyleside,fashion,False
88427,Male,17,16-17,Brazil,Krausebury,travel,False
27706,Male,34,25-34,Canada,Erikfurt,"gaming, fitness",False
9d58c,Female,35,35-44,United States,Gregoryborough,"fitness, fashion, art",False
67181,Other,35,35-44,Australia,Port Catherineville,"health, fashion, sports",False
ebd3d,Female,16,16-17,United States,Port Stephenmouth,"fashion, health, finance",False
797ae,Male,24,18-24,France,Boylemouth,"lifestyle, finance, art",False
bc837,Male,20,18-24,Japan,Wesleyville,"health, sports",False
27f22,Male,16,16-17,United States,West Brianside,"gaming, health",False
0c13f,Male,30,25-34,Australia,New Rachel,news,False
41d08,Female,29,25-34,United Kingdom,Weissburgh,sports,False
cf8d4,Male,24,18-24,Canada,Port Joshuafort,gaming,False
c34a1,Female,16,16-17,Mexico,Nicolemouth,"fashion, travel",False
de20f,Male,35,35-44,United States,North Matthew,"fashion, fitness",False
6fb35,Other,24,18-24,United States,Lake Julialand,"sports, fitness, technology",False
1a906,Male,20,18-24,United States,Jacksonland,"news, sports, fashion",False
1977c,Male,26,25-34,India,Catherineton,"lifestyle, gaming",False
30290,Female,27,25-34,United Kingdom,East Kelly,"sports, photography, travel",False
fec08,Male,36,35-44,Germany,Lake Kimberly,"photography, lifestyle, sports",False
05341,Male,26,25-34,United States,Lake Angelamouth,"travel, news",False
1c81f,Female,30,25-34,Canada,Port Joshuamouth,"travel, art",False
51d3e,Female,27,25-34,India,Hillborough,gaming,False
4c58c,Male,28,25-34,United States,Bellton,"art, news",False
4b4fe,Other,28,25-34,Canada,Katiemouth,"art, gaming, sports",False
8235b,Female,32,25-34,Japan,New Patrickstad,"food, technology, gaming",False
0fe8b,Male,46,45-54,Germany,West Mikeport,health,False
9dd8d,Male,36,35-44,United Kingdom,Cantrellshire,photography,False
d457f,Male,31,25-34,Brazil,East Kyleburgh,"technology, news",False
2359b,Female,24,18-24,United States,West Shawna,"gaming, food",False
4f062,Male,25,25-34,United States,New Katherinebury,news,False
bc507,Male,25,25-34,India,Lake Sonia,photography,False
78609,Male,33,25-34,Australia,North Pamelatown,"finance, fashion",False
f7beb,Male,26,25-34,France,South Stephen,"lifestyle, finance, photography",False
3ad3a,Male,31,25-34,Canada,North David,"travel, fitness, art",False
d0e16,Male,26,25-34,Germany,Patriciafurt,fitness,False
8e457,Female,42,35-44,United States,West Davidton,"food, fashion, art",False
791f1,Male,47,45-54,India,Williamborough,"photography, sports",False
68369,Female,22,18-24,Brazil,Haneytown,"gaming, art",False
f79bd,Male,23,18-24,Canada,Oneillberg,finance,False
2b799,Female,24,18-24,Brazil,South Jameston,health,False
32780,Male,28,25-34,Brazil,Gomezbury,"news, art, sports",False
fa00d,Female,26,25-34,United States,Johnsonmouth,"photography, food",False
9acea,Female,24,18-24,Germany,South Brianachester,"travel, sports",False
9ee00,Male,22,18-24,United States,New Kyle,food,False
89ccc,Male,16,16-17,Australia,Port Eric,"news, sports, food",False
27682,Female,16,16-17,United States,Prestontown,"photography, news",False
d86da,Female,20,18-24,United States,North Charlesmouth,news,False
59c4c,Female,36,35-44,United States,Ashleeburgh,"fitness, health",False
7bc9f,Female,27,25-34,United States,North Davidton,"sports, travel",False
f69a3,Male,33,25-34,United States,West Jeremy,fashion,False
b73d5,Male,39,35-44,United States,Johnport,lifestyle,False
4505c,Female,22,18-24,United States,New Jessica,"finance, news",False
9ba76,Other,17,16-17,United Kingdom,West Dalestad,"fashion, fitness, art",False
12baf,Female,23,18-24,United States,South Andrewside,gaming,False
3e09f,Female,24,18-24,Canada,West Charles,"gaming, photography, technology",False
eed8f,Male,48,45-54,United Kingdom,West Lisa,"technology, food, fashion",False
977c5,Male,16,16-17,United States,Brianfurt,"lifestyle, travel, technology",False
21025,Female,40,35-44,United States,South Christineburgh,"finance, food, technology",False
c9083,Male,26,25-34,United States,West Michael,travel,False
06e6a,Male,28,25-34,Japan,Kirstenstad,"food, photography, sports",False
497f0,Male,28,25-34,Germany,Joneshaven,"finance, technology",False
d1cc3,Female,26,25-34,India,Shawnside,"gaming, photography, art",False
a7d05,Female,40,35-44,United States,West Ashley,lifestyle,False
c9013,Female,38,35-44,Germany,New Danielchester,"finance, travel, lifestyle",False
170b6,Female,35,35-44,Germany,East Jasonmouth,finance,False
eab71,Other,22,18-24,United States,Port Amberstad,"lifestyle, photography",False
602f3,Male,48,45-54,Canada,South Austinville,"finance, gaming, health",False
0c2c7,Male,29,25-34,United States,North Michael,"gaming, travel, finance",False
7f85d,Female,34,25-34,Brazil,Port Benjamin,"finance, food",False
25d12,Male,28,25-34,France,East Betty,fitness,False
2d6ff,Female,48,45-54,United States,Lake Stephanie,travel,False
0fdd7,Female,34,25-34,Brazil,Ericland,news,False
9e0c3,Male,22,18-24,United States,Allisontown,finance,False
9c142,Male,38,35-44,Germany,Port Jamesmouth,"art, sports, technology",False
c8969,Other,28,25-34,Germany,West Gregorybury,"food, health",False
44d3e,Female,35,35-44,Germany,East Jamestown,fitness,False
06acf,Female,27,25-34,Germany,Charlesville,art,False
acc61,Male,19,18-24,France,Lake Stevenbury,travel,False
0091b,Male,19,18-24,United Kingdom,New Kyle,"finance, art, news",False
64fce,Male,16,16-17,United Kingdom,Martinchester,"photography, lifestyle, gaming",False
57d93,Male,26,25-34,Canada,Kleinberg,travel,False
fa108,Male,20,18-24,United States,Smithburgh,health,False
0976c,Other,21,18-24,Germany,South William,"travel, fashion",False
bb8c6,Male,26,25-34,India,Roberthaven,"travel, art",False
5bcf8,Male,19,18-24,United States,Davenportview,technology,False
57727,Female,30,25-34,United Kingdom,Cherryshire,news,False
3817a,Male,30,25-34,Australia,Johnsontown,"news, technology",False
f8a11,Female,30,25-34,United States,Bradleymouth,"food, travel, art",False
60575,Male,22,18-24,Canada,South Hollyside,"news, fitness, technology",False
91244,Female,18,18-24,United States,Cruzside,"fashion, sports, technology",False
006ce,Male,27,25-34,Mexico,South Timothyville,"health, technology",False
10ba4,Female,20,18-24,Brazil,Port Robertstad,gaming,False
62c7a,Male,38,35-44,Canada,Sarahport,"health, lifestyle, photography",False
b4f3d,Female,18,18-24,United States,West Shawnhaven,fashion,False
82848,Female,18,18-24,Canada,South Aaronfort,"gaming, art, news",False
8d618,Female,24,18-24,Brazil,Lake Jose,art,False
592f4,Male,25,25-34,France,Bensonton,"technology, art",False
8de64,Male,50,45-54,United States,East Joelland,"photography, technology",False
b2cc7,Male,16,16-17,United Kingdom,East Stephanieburgh,"finance, travel",False
11fdd,Male,42,35-44,United States,East Mitchelltown,"photography, gaming",False
4d1f7,Female,23,18-24,Brazil,Ashleytown,"fitness, photography, food",False
a8505,Female,40,35-44,Mexico,Lake Jacktown,"food, sports, travel",False
70499,Female,33,25-34,France,South Charlene,"food, photography",False
469fe,Male,36,35-44,Germany,North Emily,"finance, photography",False
b8087,Other,16,16-17,Australia,Lake Elizabeth,"gaming, health",False
014e9,Male,22,18-24,United States,Lake Gordon,"technology, art",False
7a9a1,Female,18,18-24,United States,Perezfurt,"travel, food",False
059b3,Male,35,35-44,Mexico,Davisburgh,"news, fashion",False
fae96,Female,46,45-54,United States,West Hannah,"fashion, lifestyle, photography",False
65168,Male,19,18-24,India,Harrisfurt,"fashion, photography",False
2652f,Other,16,16-17,United States,Marybury,"finance, technology",False
70475,Female,41,35-44,Australia,Port Jared,"fitness, news, lifestyle",False
9eaa2,Male,16,16-17,United Kingdom,Halechester,"fitness, art",False
4267a,Male,36,35-44,United States,Mollyshire,"fashion, sports",False
ec2f7,Female,30,25-34,India,North Jacqueline,"gaming, finance, travel",False
475e6,Female,22,18-24,United States,Sueton,"art, gaming",False
258a1,Male,27,25-34,France,Andersonberg,"travel, sports",False
d5eb7,Female,18,18-24,India,Smithton,"technology, photography",False
65012,Female,45,45-54,Canada,New Anthonyville,"fitness, technology, art",False
d6e16,Female,24,18-24,United States,Hansenberg,"technology, fitness",False
f1836,Male,30,25-34,Japan,Port William,fashion,False
bf067,Male,17,16-17,France,New Raymondview,"technology, travel",False
ef9b5,Male,18,18-24,United Kingdom,Riverafurt,"technology, food",False
a4010,Female,31,25-34,India,New Melissa,"health, travel",False
1fd87,Male,22,18-24,United States,West Gregory,"health, news",False
6b99b,Other,28,25-34,United States,Danielchester,"art, health, finance",False
8f6a1,Male,20,18-24,United States,Oliviaport,fitness,False
21943,Female,32,25-34,United Kingdom,New Heather,"photography, finance, health",False
18d6c,Male,23,18-24,United States,North Charleshaven,"art, health, finance",False
0073a,Male,45,45-54,France,South Tiffanyberg,"lifestyle, fitness",False
5dd3d,Female,22,18-24,India,Staceyfurt,"news, fashion",False
85911,Male,18,18-24,Canada,Tracytown,photography,False
47030,Male,20,18-24,United Kingdom,Haynesbury,"lifestyle, fitness",False
1a3b6,Female,20,18-24,Germany,Armstrongberg,"fitness, lifestyle",False
5c7e8,Male,33,25-34,Canada,West Erikbury,"news, photography, fitness",False
bb062,Male,31,25-34,United States,Ryanside,"photography, food, art",False
3a3bc,Female,34,25-34,United Kingdom,Johnmouth,"news, food",False
82e71,Male,33,25-34,France,Bensonville,"art, technology, fitness",False
705af,Female,25,25-34,Canada,Ferrellmouth,art,False
58b46,Male,28,25-34,Japan,Davidstad,gaming,False
76d3a,Other,53,45-54,United Kingdom,North Nathan,news,False
e2a9c,Male,22,18-24,United Kingdom,New David,"photography, news",False
c10ea,Other,36,35-44,Canada,Garnerburgh,food,False
7bfbb,Male,20,18-24,Canada,Balltown,finance,False
fe900,Female,31,25-34,Canada,New Brandon,health,False
98e87,Male,31,25-34,United States,New Justin,lifestyle,False
c7511,Male,29,25-34,Australia,Smithmouth,"gaming, lifestyle, sports",False
13091,Male,16,16-17,Mexico,Lake Marymouth,"art, lifestyle, technology",False
16118,Male,25,25-34,India,West Danielton,news,False
b73bf,Female,23,18-24,United States,Weissshire,sports,False
12fb7,Female,41,35-44,United Kingdom,South Brandon,art,False
02943,Female,46,45-54,Germany,Nicholsland,"gaming, photography",False
4a95a,Male,25,25-34,Australia,Port Karenmouth,"technology, travel, news",False
13be3,Male,16,16-17,Australia,Justinburgh,fitness,False
8d60b,Male,26,25-34,Brazil,East Josephhaven,travel,False
9f8d7,Female,18,18-24,Mexico,East Donaldville,gaming,False
708cc,Male,32,25-34,Australia,West Tracyborough,"finance, health, fashion",False
5437a,Male,18,18-24,United States,Elliottmouth,"photography, sports, travel",False
4fd11,Other,38,35-44,India,Lauramouth,"photography, travel, food",False
ffe0f,Male,31,25-34,Australia,Tonyaside,"fitness, gaming, news",False
25451,Male,48,45-54,United States,Port Zacharyport,"gaming, technology",False
ecb6c,Male,26,25-34,United Kingdom,South Aaronberg,photography,False
7b1d4,Male,32,25-34,Canada,Port Jennamouth,"technology, news",False
3243c,Male,30,25-34,United Kingdom,Chaseland,"art, gaming",False
8f485,Female,18,18-24,Brazil,West Billyland,"food, travel, fashion",False
bd2e2,Male,26,25-34,France,Colemanfurt,"sports, photography",False
d4e23,Male,35,35-44,United States,Brewershire,finance,False
524da,Other,20,18-24,United Kingdom,New Williamville,"photography, finance",False
cf719,Other,26,25-34,United Kingdom,Aprilton,"sports, art",False
783fe,Male,37,35-44,Brazil,West Michellechester,"finance, gaming, art",False
170b1,Male,29,25-34,United States,Stephanieport,sports,False
23b0b,Female,37,35-44,United States,East Lisastad,"fashion, sports",False
55275,Other,18,18-24,United States,Danielleside,finance,False
99d7a,Female,31,25-34,United States,Port Micheleview,health,False
83e2b,Male,37,35-44,Canada,Port Alison,technology,False
db2ab,Female,31,25-34,Canada,Smithberg,"gaming, art",False
9bc91,Female,17,16-17,Japan,Reedland,"sports, technology",False
3d91c,Female,34,25-34,Japan,South Georgeburgh,gaming,False
bbf13,Female,20,18-24,India,Lake Erikchester,finance,False
bae2c,Male,28,25-34,United States,West Christinaland,"photography, fitness",False
0b721,Male,18,18-24,Germany,East Jeremyburgh,"technology, fitness, food",False
fbef7,Other,30,25-34,United Kingdom,Alyssamouth,"gaming, fitness, photography",False
a570d,Male,28,25-34,Mexico,Smithtown,"news, travel",False
eccbe,Female,29,25-34,Brazil,East Timothyton,"news, sports",False
7c529,Male,22,18-24,Mexico,New Lisabury,"technology, health",False
64419,Other,26,25-34,Australia,Jacobmouth,"gaming, art, health",False
8cfc2,Male,22,18-24,Brazil,Sandraside,"health, finance",False
2e6ef,Male,45,45-54,Australia,Ashleyshire,"travel, sports, health",False
ced11,Other,38,35-44,Canada,Davidfort,"sports, technology",False
95e90,Male,24,18-24,India,Carpenterburgh,art,False
6e14c,Male,18,18-24,United States,Robertport,news,False
1a870,Female,30,25-34,United States,Lynchhaven,"lifestyle, travel, gaming",False
19b61,Female,29,25-34,India,Lake Melissafort,fashion,False
d2126,Other,18,18-24,Canada,North Cynthia,"food, photography, finance",False
4f793,Female,25,25-34,United States,South Teresaton,"art, finance, fashion",False
44f1b,Male,22,18-24,United States,South Carla,"sports, technology, health",False
f27b0,Other,16,16-17,Canada,Christophertown,fitness,False
c2a95,Female,28,25-34,Australia,East David,"lifestyle, food",False
0ae1b,Other,16,16-17,Canada,Lake Kristin,"news, travel",False
3bc8b,Male,32,25-34,Germany,Parkfort,"news, fitness",False
74b61,Female,33,25-34,United Kingdom,Patrickside,"news, health",False
67f69,Male,40,35-44,Canada,Melissafurt,"fashion, health, finance",False
f4785,Female,30,25-34,United States,Port Michael,"news, technology",False
9640d,Male,37,35-44,Canada,Martinezchester,travel,False
63f2e,Male,43,35-44,Germany,Port Danielmouth,"health, finance, lifestyle",False
26a7d,Female,32,25-34,Mexico,Wallacefort,food,False
afc17,Male,25,25-34,Germany,Lake Cynthia,lifestyle,False
231c9,Male,30,25-34,Australia,Hernandezport,"finance, fashion",False
b2e75,Female,16,16-17,United States,South Mark,"lifestyle, health, fitness",False
66762,Male,16,16-17,United States,South Kayla,gaming,False
1e371,Female,33,25-34,Mexico,West Christopher,health,False
c97cd,Other,33,25-34,Australia,East Tyler,"gaming, health, technology",False
e920d,Female,21,18-24,Germany,East Kellyton,"travel, fashion",False
4b84d,Female,29,25-34,India,Billychester,"travel, health",False
7e9a4,Male,18,18-24,Australia,North Brittany,"travel, fashion, food",False
8cfc0,Female,35,35-44,United States,North Jo,"fashion, lifestyle",False
e18e3,Other,25,25-34,Canada,Kimberlyview,"sports, technology, gaming",False
b05c4,Female,48,45-54,United States,Lake Johnhaven,"food, travel",False
9995f,Male,34,25-34,United Kingdom,Tommyshire,travel,False
ac4c0,Female,30,25-34,France,Kristentown,"gaming, health",False
40d81,Female,16,16-17,Japan,Port James,lifestyle,False
33775,Female,16,16-17,Brazil,Chavezberg,"fitness, sports",False
2c6cd,Male,31,25-34,Australia,Port Stevenmouth,"health, food",False
baed7,Male,18,18-24,Canada,Ashleystad,"art, finance, health",False
0a6a1,Female,21,18-24,United States,West Carriefurt,gaming,False
919ed,Male,27,25-34,United Kingdom,Downsside,"fitness, lifestyle",False
d7c8f,Male,28,25-34,India,Chrismouth,technology,False
d1b29,Male,26,25-34,Brazil,West James,finance,False
45305,Male,24,18-24,Brazil,South Brian,"gaming, health, art",False
10290,Male,29,25-34,United Kingdom,North Andrea,"lifestyle, fashion, fitness",False
bf113,Male,29,25-34,United Kingdom,Sherryton,lifestyle,False
ff585,Female,18,18-24,Japan,West Deborah,"health, art",False
0331e,Female,20,18-24,United Kingdom,Tonishire,news,False
89074,Female,39,35-44,Australia,Frenchberg,"finance, fitness, news",False
275d1,Female,21,18-24,Australia,Watsonfurt,"news, lifestyle",False
9b960,Male,42,35-44,United States,Lake Beckystad,sports,True
58faf,Male,31,25-34,United States,West Lydia,photography,False
e6f60,Male,21,18-24,Canada,East Sara,"fashion, health, sports",False
9cb97,Male,27,25-34,United States,Josephton,"gaming, travel",False
b38b6,Male,22,18-24,United Kingdom,Port Jenniferhaven,"photography, sports",False
149c6,Female,21,18-24,Canada,East Sydney,"fitness, photography, art",False
77dad,Female,16,16-17,India,Huntershire,"gaming, finance, photography",False
14876,Male,33,25-34,Canada,New Alejandroburgh,"fashion, fitness, gaming",False
76134,Male,21,18-24,Germany,West Angelafort,"photography, fashion, technology",False
d616c,Female,39,35-44,United States,Latoyachester,"finance, lifestyle, news",False
58138,Female,30,25-34,Germany,North Jessica,fitness,False
52dd0,Female,28,25-34,United States,Sherimouth,"sports, fashion",False
6d75c,Male,31,25-34,United Kingdom,South Katieton,sports,False
99894,Male,27,25-34,Australia,Parkertown,finance,False
b33c5,Female,21,18-24,United Kingdom,Tannermouth,"photography, fitness",False
5003b,Male,32,25-34,Japan,West Peterhaven,food,False
5ec74,Male,34,25-34,United States,North Michael,"food, gaming, art",False
be0c2,Female,18,18-24,Australia,South Tracy,"health, news",False
130c4,Male,37,35-44,Australia,Kaitlynton,fashion,False
5ff27,Female,44,35-44,United States,Cynthiaview,health,False
c93ec,Female,22,18-24,United States,Port Barbara,art,False
204a1,Male,23,18-24,Canada,Lake Angelafurt,"fitness, finance",False
3c9fb,Male,27,25-34,Japan,Faulknerfurt,"art, gaming, health",False
d1fb2,Female,26,25-34,United States,Blairberg,"gaming, photography",False
802fc,Male,27,25-34,United Kingdom,West Daniellemouth,"food, finance, fashion",False
2d1be,Male,35,35-44,Brazil,Lake Robert,"food, travel",False
accc0,Female,27,25-34,Brazil,Beardberg,"travel, fitness",False
cf7bc,Female,28,25-34,United Kingdom,Thomaston,art,False
f74e1,Female,25,25-34,Australia,Copelandland,"lifestyle, travel",False
931d2,Male,23,18-24,India,Michaelhaven,"health, food, sports",False
f08c7,Female,26,25-34,United Kingdom,West Michael,"art, news",False
19a87,Female,24,18-24,India,Diazside,"fitness, food, health",False
f65eb,Male,16,16-17,Germany,Lake Brittney,technology,False
a1231,Male,17,16-17,United Kingdom,Victoriamouth,"food, fitness",False
50935,Male,27,25-34,France,Scottville,"food, art",False
b6e74,Other,39,35-44,United Kingdom,West Jeffreyshire,"sports, health",False
b849a,Female,48,45-54,United States,Timothyville,art,False
bd748,Female,18,18-24,India,Lake Jimmy,health,False
9cb8e,Male,19,18-24,United Kingdom,South Rebecca,travel,False
dc546,Male,16,16-17,Mexico,North Lisa,fitness,False
a012f,Female,27,25-34,United States,Port Christineville,"lifestyle, technology",False
ef9da,Male,49,45-54,France,Lake Deannaborough,"technology, finance",False
16aad,Male,37,35-44,Canada,Lake Edward,food,False
a6719,Female,20,18-24,India,Lake Christinatown,gaming,False
ca50e,Female,27,25-34,United States,Lake Markfort,finance,False
010ef,Female,24,18-24,United Kingdom,North Marcus,lifestyle,False
240cb,Female,32,25-34,Brazil,West Tammie,art,False
17a3f,Male,21,18-24,Japan,Brianport,sports,False
5b77e,Other,22,18-24,India,Danielland,"news, health",False
79186,Male,20,18-24,France,Rodriguezland,"news, sports, fitness",False
34f0b,Female,24,18-24,Germany,Mendozaside,"health, finance, food",False
751b0,Female,30,25-34,India,Avilabury,travel,False
11144,Female,37,35-44,United States,South Suzanne,sports,False
91937,Male,19,18-24,Japan,East Lindsay,fitness,False
460cf,Female,22,18-24,United Kingdom,West Catherinehaven,"sports, food, health",False
72c7c,Male,21,18-24,United States,East Phillip,news,False
97424,Female,37,35-44,Australia,South Kaylachester,"art, news, lifestyle",False
58a95,Male,29,25-34,Australia,Evansfort,"travel, news, health",False
da583,Male,30,25-34,United Kingdom,Port Deborahtown,fitness,False
3f754,Male,34,25-34,United Kingdom,Doylemouth,"art, travel",False
bd74a,Male,20,18-24,United Kingdom,New Charles,"health, news",False
c5c4c,Female,23,18-24,United Kingdom,Beckland,"news, travel, sports",False
98559,Male,16,16-17,United States,Port Carolynland,fitness,False
eeefa,Male,37,35-44,Brazil,Alanville,"food, lifestyle, technology",False
85f37,Male,34,25-34,United Kingdom,Ellischester,technology,False
3388a,Male,28,25-34,United States,South Edwinchester,"technology, gaming, finance",False
5ce65,Female,27,25-34,United States,Holtburgh,"health, photography",False
2b4b6,Male,47,45-54,United Kingdom,South Megan,"health, lifestyle, technology",False
aec45,Female,23,18-24,United States,Heathershire,gaming,False
775b5,Female,22,18-24,United Kingdom,Lake Jaclynbury,"finance, photography",False
af21c,Male,37,35-44,United States,South Anita,food,False
5ba64,Female,24,18-24,Brazil,Torresberg,finance,False
aa420,Male,18,18-24,United States,Jenniferborough,lifestyle,False
00c9a,Female,16,16-17,Mexico,Huffmanmouth,sports,False
a11e5,Female,46,45-54,United Kingdom,Kiddbury,"art, technology, news",False
db2f8,Male,28,25-34,Canada,Laurenview,news,False
6e237,Female,41,35-44,United States,Copelandbury,travel,False
b5e4c,Female,21,18-24,United Kingdom,Michaelhaven,"technology, fitness",False
3ae4d,Female,16,16-17,United Kingdom,New Joshua,"art, sports, technology",False
66221,Male,36,35-44,Germany,South Jamesborough,"food, finance",False
3f417,Male,28,25-34,United States,Roberthaven,"gaming, health, finance",False
0bc27,Male,29,25-34,United Kingdom,South Christopher,art,False
3ab61,Male,35,35-44,United States,West Robert,"travel, fashion",False
216a6,Other,29,25-34,Germany,Caseyfurt,"travel, technology, fashion",False
1e085,Female,24,18-24,Japan,Brockborough,health,False
a510f,Male,28,25-34,United States,New Mark,"fashion, food",False
01440,Male,27,25-34,United States,North Christopherborough,fitness,False
6127a,Male,24,18-24,Germany,Adrianborough,"food, lifestyle",False
54aee,Male,33,25-34,Japan,Virginiastad,health,False
acd77,Female,31,25-34,United States,Ellenberg,"travel, art",False
8ccdf,Male,21,18-24,Germany,Ewingmouth,"lifestyle, food, gaming",False
cd8e1,Female,34,25-34,Australia,Maxwellchester,lifestyle,False
24607,Male,21,18-24,United States,Lake Julialand,"finance, health, gaming",False
936e6,Male,57,55-65,United States,Wardton,"gaming, fashion",False
08b48,Female,21,18-24,Japan,Cortezville,news,False
890ff,Female,29,25-34,United Kingdom,Lake Christine,"fitness, travel, technology",False
54c09,Male,19,18-24,India,Flemingmouth,"travel, gaming, art",False
78d15,Other,16,16-17,India,Weekshaven,"fashion, sports, technology",False
cdae5,Female,16,16-17,Canada,Robinsonview,"news, health",False
479d6,Other,23,18-24,United States,Lauratown,"sports, fitness, art",False
2ef58,Male,29,25-34,United States,East Alexanderside,"health, technology, fashion",False
008c5,Male,33,25-34,United States,Rebeccatown,"fitness, news, travel",False
fa854,Female,29,25-34,Germany,West Anita,gaming,False
2df11,Female,18,18-24,Canada,Acevedoville,"fashion, art, fitness",False
3d367,Female,28,25-34,Canada,Taylorton,"health, news, gaming",False
d93b6,Male,36,35-44,United Kingdom,Tiffanyview,"gaming, food",False
f324c,Female,25,25-34,United States,North Brettton,photography,False
a1d14,Male,31,25-34,United States,Lindsayburgh,"art, fitness, lifestyle",False
3e3e8,Male,29,25-34,United States,Lake Jasonview,"news, sports, health",False
48942,Male,31,25-34,United Kingdom,Schroederfort,art,False
94653,Male,41,35-44,Canada,Munozhaven,"news, lifestyle, photography",False
6f1c8,Female,19,18-24,United States,West Deniseton,food,False
fc333,Female,19,18-24,India,West Dominique,technology,False
dcea0,Male,33,25-34,Canada,South Ryan,technology,False
aa80b,Female,20,18-24,Brazil,Nicolasshire,finance,False
c7dde,Male,25,25-34,India,Cindyhaven,"health, photography",False
f1f29,Male,26,25-34,India,Sarahborough,"lifestyle, sports, photography",False
d3883,Male,17,16-17,Germany,Jenniferport,"fitness, food, sports",False
d273c,Male,43,35-44,Brazil,South Carriestad,lifestyle,False
c9f70,Male,19,18-24,Germany,Markview,fashion,False
e978f,Male,38,35-44,United Kingdom,East Andrea,"photography, fashion",False
e6325,Female,18,18-24,United States,Jenniferbury,"art, food, technology",False
51e15,Female,41,35-44,France,Leeland,travel,False
42fe9,Male,31,25-34,United Kingdom,Thomasburgh,technology,False
cf8e1,Male,18,18-24,India,Lake Samanthaland,"lifestyle, sports, food",False
6f669,Male,23,18-24,United States,Lake Jamie,"gaming, sports, technology",False
f0dfe,Male,21,18-24,United States,South Ashleyfurt,photography,False
581e4,Male,33,25-34,United States,North Josephville,"gaming, fashion",False
09d62,Male,21,18-24,Canada,Matthewstad,lifestyle,False
f0801,Male,30,25-34,United States,Port Andreaborough,"travel, news, art",False
89fcd,Female,31,25-34,Canada,East Robert,"sports, news",False
d43da,Male,41,35-44,United States,Hallstad,"fashion, sports, technology",False
fd56c,Male,26,25-34,United States,Terrybury,"finance, technology, fashion",False
80786,Male,19,18-24,United Kingdom,North Jessica,health,False
e71c5,Female,29,25-34,Mexico,Diazborough,technology,False
07d38,Female,25,25-34,Canada,Juarezview,"sports, health",False
4ff39,Other,19,18-24,United States,West Ashley,art,False
b2f2a,Male,17,16-17,India,North Joeburgh,"photography, finance",False
3a832,Other,23,18-24,Mexico,New Darleneshire,"fitness, technology, lifestyle",False
a23cc,Female,29,25-34,India,Jonesberg,"travel, news",False
4d426,Female,24,18-24,United States,Lake Jamieburgh,"art, lifestyle",False
df45b,Female,30,25-34,United States,South Stephanieview,news,False
90ee7,Female,27,25-34,Mexico,North Colinfurt,"news, food, health",False
76529,Female,26,25-34,United States,Anthonyport,art,False
f0655,Male,41,35-44,Japan,Andrewfurt,"art, fitness",False
0297c,Female,30,25-34,Germany,South Zachary,"travel, photography, technology",False
6f233,Male,45,45-54,India,South Edwardfurt,"health, travel, finance",True
1f757,Female,22,18-24,Australia,New Aaron,"photography, art",False
0276b,Other,26,25-34,United States,Harrisonfurt,gaming,False
5f240,Female,41,35-44,Canada,Lanehaven,lifestyle,False
323b0,Male,20,18-24,France,Shawnborough,"photography, sports, health",False
69962,Male,25,25-34,Japan,Port Adamtown,"fitness, technology, gaming",False
eed2e,Female,36,35-44,Canada,Jenniferfurt,"fitness, art, photography",False
73ab4,Male,34,25-34,Brazil,Port Joseph,"lifestyle, art",False
ed7a9,Female,17,16-17,Japan,Port Gracebury,food,False
206f8,Female,38,35-44,Japan,West Tiffany,"food, fashion",False
4ecb8,Male,30,25-34,United Kingdom,Ingramborough,"fitness, finance",False
c16fd,Female,36,35-44,India,Lake Cody,"photography, fashion, health",False
1c834,Other,20,18-24,United States,Sharonberg,"fitness, news, fashion",False
ac7db,Female,49,45-54,Mexico,Bennettland,"art, gaming",False
9c4bb,Male,30,25-34,United Kingdom,Vincenthaven,"fashion, lifestyle",False
b4036,Male,20,18-24,United States,Kimberlyhaven,"food, art, health",False
6172a,Female,52,45-54,Canada,Jenkinsfort,"technology, art, news",False
bd0bf,Female,16,16-17,Germany,New Tracyberg,"gaming, art, travel",False
a74fe,Female,34,25-34,Germany,Lake Stevenberg,"lifestyle, photography",True
495ef,Male,28,25-34,Brazil,New Caleb,finance,False
04341,Male,23,18-24,Brazil,South Kaitlin,"fashion, technology, photography",False
2526f,Male,18,18-24,France,North Julie,sports,False
44074,Male,29,25-34,Brazil,Hernandezfort,news,False
55fc9,Female,23,18-24,United States,Coxburgh,"fashion, photography, art",False
0cfd9,Male,21,18-24,Germany,Moorebury,"food, sports, fitness",False
45a2f,Male,20,18-24,United States,Port David,"travel, lifestyle, news",False
5d03e,Female,30,25-34,Germany,Port Laura,"food, fashion, lifestyle",False
94123,Male,41,35-44,Australia,Kimstad,"gaming, technology, travel",False
a7218,Female,32,25-34,Germany,East Carlamouth,fashion,False
58211,Female,22,18-24,United States,Davidshire,"art, travel, gaming",False
41c30,Male,28,25-34,Germany,New Tamaraview,"art, food, gaming",False
63d06,Male,20,18-24,United States,Landryhaven,"health, sports",False
007b8,Other,27,25-34,Australia,Castilloside,"sports, health",False
15f7b,Male,18,18-24,United States,East Dawn,"art, sports",True
4a882,Female,24,18-24,Mexico,West Devinshire,travel,False
2eda0,Female,49,45-54,Australia,Sarahport,fitness,False
31347,Female,31,25-34,United States,Steveshire,"gaming, sports",False
a810c,Male,27,25-34,United States,Amandaberg,fitness,False
5acdf,Female,45,45-54,India,Ericchester,"health, photography",False
de661,Female,32,25-34,Canada,South Wayne,"travel, food, photography",False
3d74d,Male,17,16-17,India,Greenland,"sports, fashion",False
91e86,Male,50,45-54,United States,Scottfort,"travel, fashion",False
372a2,Male,21,18-24,India,Lake Denisebury,fitness,False
d9b2f,Male,19,18-24,Australia,Loriburgh,"lifestyle, travel",False
41aae,Male,32,25-34,United States,West Virginiaport,"fashion, finance",False
e4d3f,Male,30,25-34,Japan,Sheltonstad,news,False
fee05,Male,19,18-24,United Kingdom,Lake Susan,sports,False
04323,Male,27,25-34,Canada,Nguyenfort,food,False
86d5a,Male,22,18-24,United States,Collinsview,fitness,False
aaceb,Female,41,35-44,France,West Michellemouth,finance,False
e3711,Other,21,18-24,United States,Bruceton,"sports, health, fitness",False
29ee4,Male,19,18-24,United States,Devinborough,"news, health",False
23b62,Male,28,25-34,Mexico,Sandramouth,fitness,False
db4ba,Male,53,45-54,Canada,Sancheztown,technology,False
88886,Male,31,25-34,Brazil,Reillyville,"photography, lifestyle",False
3b825,Male,37,35-44,Mexico,Tylerland,"photography, fitness",False
7204b,Male,21,18-24,United States,Racheltown,"lifestyle, fashion",False
a744c,Other,38,35-44,United States,West David,sports,False
325fd,Other,36,35-44,Australia,East Kennethberg,"art, news, fashion",False
cc3f9,Other,38,35-44,United States,Port Derek,"food, gaming, fashion",False
40b9d,Male,23,18-24,Mexico,North Michael,"food, sports, finance",False
229fe,Other,30,25-34,United Kingdom,Lawrencechester,fashion,False
5db5d,Male,32,25-34,Canada,Jonesmouth,"finance, gaming",False
121f3,Male,24,18-24,United Kingdom,Snowmouth,"gaming, news, travel",False
b7dea,Female,26,25-34,United States,West Heidi,"finance, lifestyle, photography",False
228d7,Other,20,18-24,United Kingdom,Petersonland,"finance, sports, photography",False
74bf0,Male,24,18-24,Japan,West Karen,"technology, finance, sports",False
ebec6,Female,30,25-34,United States,Williamshire,"photography, art, lifestyle",False
e724e,Male,30,25-34,Australia,Chamberstown,"finance, technology",False
5d75e,Male,28,25-34,India,Marciachester,"fitness, health, photography",False
b7f4f,Female,25,25-34,United Kingdom,New Charles,"sports, lifestyle",False
82ca3,Male,28,25-34,United States,New Chris,"health, art",False
cc48f,Male,32,25-34,Brazil,South Antonioville,sports,False
e837b,Male,34,25-34,Japan,Lake Austinchester,"travel, news",False
ce514,Male,30,25-34,India,Lake Jessica,travel,False
059ee,Male,21,18-24,United Kingdom,North Whitney,photography,False
d5937,Other,23,18-24,France,Suttonmouth,"sports, photography",False
50c70,Other,26,25-34,India,Haynesville,"food, lifestyle",False
51ec6,Female,32,25-34,United States,Wilsonfurt,"lifestyle, fitness",False
bd887,Female,16,16-17,United Kingdom,South Karinamouth,gaming,False
e988e,Female,31,25-34,Germany,Lake James,"art, news",False
df5b6,Female,31,25-34,United States,Jordanstad,"health, news, technology",False
1f47b,Male,34,25-34,Canada,Washingtonton,food,False
05362,Male,39,35-44,India,East Josefort,food,False
b582a,Female,17,16-17,United States,Rodriguezstad,art,False
8a2b9,Male,33,25-34,France,Jennifermouth,"gaming, photography, news",False
92809,Male,35,35-44,Brazil,East Paigehaven,fitness,False
362a6,Male,23,18-24,United States,East Robert,"gaming, lifestyle, fitness",False
7dcb8,Male,19,18-24,United States,South Annechester,food,False
585d4,Female,31,25-34,Brazil,Port Lisastad,"technology, fitness",False
670e7,Female,25,25-34,India,Calderonland,"fashion, food, finance",False
23b96,Female,22,18-24,Canada,Woodview,finance,False
06212,Male,16,16-17,Germany,New Douglashaven,"health, sports",False
69509,Other,20,18-24,United States,East Sandramouth,fitness,False
da272,Female,16,16-17,United States,West Dakotahaven,"fashion, gaming",False
ce57d,Male,26,25-34,United States,Ashleyburgh,gaming,False
4f66a,Female,24,18-24,United Kingdom,Port Adamfort,"news, fitness",False
30611,Male,23,18-24,France,West Raven,food,False
11674,Male,32,25-34,Canada,New Andrechester,"lifestyle, finance, health",False
86701,Male,24,18-24,United States,Lake Tiffanyshire,"news, health",False
5ed84,Other,20,18-24,United States,East Robert,"food, fashion",False
d8bf8,Female,40,35-44,United States,North Matthew,"food, technology",False
ed9e2,Male,35,35-44,Australia,Kathryntown,"fashion, photography, food",False
d84d7,Male,22,18-24,United Kingdom,Lake Kristenhaven,"technology, health, food",False
c557f,Male,21,18-24,Germany,New Steven,"food, finance",False
03d1a,Male,45,45-54,India,Perezburgh,"news, technology",False
df275,Female,25,25-34,United Kingdom,Hugheschester,technology,False
00a3d,Other,43,35-44,United States,Port Brett,lifestyle,False
ae83c,Male,23,18-24,United Kingdom,Port Douglashaven,"finance, lifestyle, fashion",False
c8c34,Other,33,25-34,Australia,New Douglasmouth,"sports, news",False
587fb,Female,25,25-34,India,North Jodibury,"food, photography, health",False
cd73b,Male,25,25-34,Brazil,Douglasbury,"sports, photography, news",False
64674,Female,39,35-44,Brazil,South Tonyberg,"fashion, fitness",False
c0d02,Male,21,18-24,Germany,Madisonshire,fitness,False
45fab,Male,29,25-34,France,Shirleyfurt,"fashion, technology",False
1269a,Other,16,16-17,United States,Davisport,"finance, photography, lifestyle",False
5354a,Male,36,35-44,Germany,Jamieville,gaming,False
99144,Male,20,18-24,Mexico,Chenstad,"finance, news",False
a2b7a,Female,26,25-34,Canada,Lake Thomas,"photography, news",False
5ff6e,Other,23,18-24,Canada,Kennethmouth,"fashion, gaming",False
d1c58,Male,18,18-24,United States,Port Miguelbury,"photography, finance",False
9f1c1,Other,39,35-44,Canada,North Stephanieside,"news, finance, sports",False
ed0e3,Other,17,16-17,United Kingdom,Ryanstad,"gaming, health",False
4db9f,Female,25,25-34,Mexico,Bellmouth,"fitness, technology",False
d52a0,Female,45,45-54,Germany,South Charlesberg,finance,False
6006d,Female,19,18-24,France,Port Sean,art,False
74ed3,Male,33,25-34,Mexico,Lake Michelle,"finance, food, art",False
2d6fa,Female,36,35-44,United Kingdom,Williamfurt,lifestyle,False
2e7e7,Male,20,18-24,Brazil,New Katherinebury,"lifestyle, art",False
afbb4,Male,26,25-34,United Kingdom,Grossberg,"fashion, health, news",False
ec5d8,Male,37,35-44,United Kingdom,Christinechester,"fitness, food",False
24fe2,Male,32,25-34,Japan,Lake Dustinfort,"gaming, news, lifestyle",False
a808d,Male,17,16-17,United Kingdom,Phyllisside,sports,False
27ef6,Male,28,25-34,India,Joannehaven,lifestyle,False
82fce,Male,30,25-34,United States,South Sophiaberg,health,False
5f854,Female,25,25-34,United States,East Tracyfurt,sports,False
0203d,Other,40,35-44,United States,Kimfort,"finance, travel",False
3f95f,Other,17,16-17,United States,Port Robert,"travel, art",False
2ac02,Male,38,35-44,United Kingdom,Willisview,photography,False
8dcf6,Male,17,16-17,Germany,Cunninghamville,"travel, gaming, fashion",False
91674,Female,34,25-34,France,Websterfort,fashion,False
51ef3,Male,16,16-17,Mexico,Chadbury,gaming,False
bf63a,Male,20,18-24,Mexico,West Lindaview,"health, lifestyle",False
380a1,Female,31,25-34,Germany,East Craig,art,False
cca1f,Male,21,18-24,United Kingdom,Michaelfurt,"art, fitness",False
bf528,Male,28,25-34,Brazil,North Kenneth,"gaming, lifestyle",False
e3123,Male,27,25-34,Germany,Jennystad,"travel, lifestyle",True
86a39,Female,28,25-34,United Kingdom,Lake David,health,False
34872,Male,24,18-24,Australia,East Sarah,"food, photography",False
a0ed3,Female,23,18-24,Canada,Lake Lauratown,"finance, sports",False
1a370,Male,36,35-44,Mexico,Johnview,technology,False
50286,Other,31,25-34,Canada,Hooverfurt,finance,False
88fde,Male,16,16-17,United States,South David,"fashion, photography",False
86dc7,Male,39,35-44,India,Madisonborough,"art, technology",False
10d73,Male,32,25-34,Germany,South James,"news, fashion, gaming",False
14419,Other,28,25-34,India,New Donna,"finance, fashion",False
27e0a,Female,26,25-34,United Kingdom,East Taraland,finance,False
b813d,Female,17,16-17,United States,Lake Tammy,food,False
94438,Male,37,35-44,United States,Harrisfort,"sports, food, art",False
9a72a,Female,30,25-34,India,Hugheshaven,"food, fitness, travel",False
73a51,Male,28,25-34,Australia,Port Jodyville,"travel, food",False
509b7,Male,28,25-34,Canada,Lake Rebecca,"fashion, gaming, travel",False
21e52,Male,44,35-44,United Kingdom,Wilsonstad,finance,False
c68d5,Female,31,25-34,United Kingdom,New Hannah,"fashion, food",False
565a6,Male,25,25-34,United States,Andrewfurt,"fitness, food",False
09885,Male,26,25-34,Canada,Mistyton,food,False
a8f29,Female,18,18-24,India,Roseport,"health, art, fashion",False
ed510,Male,19,18-24,United States,Port Christiantown,"finance, lifestyle",False
bcf20,Female,31,25-34,India,South Edwin,gaming,False
a1917,Female,46,45-54,United States,New Taylor,health,False
5ee06,Other,25,25-34,India,Westshire,finance,False
7fcb8,Male,32,25-34,India,Frenchmouth,"art, fitness",False
a6342,Male,31,25-34,India,New Teresa,"gaming, news, finance",False
17ac0,Male,39,35-44,Mexico,Nicolefort,"sports, photography",False
89216,Male,22,18-24,United States,Glennmouth,"art, fitness, news",False
5941a,Female,27,25-34,Brazil,New Andreabury,"gaming, art, lifestyle",False
191ac,Male,37,35-44,India,East Michaeltown,"finance, sports, art",False
3b2fb,Male,19,18-24,United States,North Stephenhaven,"travel, sports, news",False
93a80,Female,25,25-34,Canada,South Summer,fashion,False
d318c,Male,20,18-24,United States,North Ashleehaven,gaming,False
9336f,Female,22,18-24,India,West Paulaport,"travel, finance, fitness",False
3c782,Male,20,18-24,United Kingdom,Rodrigueztown,"photography, travel, sports",False
c7efc,Female,47,45-54,India,West Gabrielshire,"finance, photography, fitness",False
886b7,Male,32,25-34,United Kingdom,East Rhonda,"art, lifestyle, travel",False
633c9,Female,24,18-24,United States,East Jeffrey,"gaming, lifestyle, travel",False
a2737,Female,41,35-44,United Kingdom,East Diana,travel,False
11492,Female,19,18-24,Brazil,Callahanside,"fitness, technology, fashion",False
6c642,Female,21,18-24,Germany,Debrabury,"technology, gaming",False
113cb,Female,18,18-24,United Kingdom,Scottstad,"health, lifestyle, finance",False
50bf7,Female,31,25-34,United States,Katherinestad,"fitness, technology",False
fc970,Male,44,35-44,United States,Lauramouth,"health, fashion",False
fb560,Other,37,35-44,United Kingdom,South James,"travel, food",False
6f545,Male,19,18-24,Germany,Allisonburgh,gaming,False
ac340,Female,21,18-24,Japan,North Jonathantown,"gaming, food, art",False
cb74c,Female,18,18-24,Canada,Johnland,"travel, news, gaming",False
96c83,Male,19,18-24,Brazil,Ashleyton,fashion,False
a041f,Male,16,16-17,United States,Lake Michaelstad,"health, gaming",False
9390d,Other,45,45-54,United States,North Cheryl,fashion,False
5e6a8,Other,38,35-44,Canada,Lake Jonathan,"finance, fashion",False
f8a40,Female,17,16-17,Mexico,Johnsonstad,"fitness, food",False
be520,Male,52,45-54,United States,Mahoneymouth,"sports, health, food",False
cd0b5,Male,34,25-34,United Kingdom,North Karen,technology,False
5ff15,Male,31,25-34,India,South Jeffreytown,lifestyle,False
1abd1,Female,37,35-44,Australia,South Danielburgh,"news, health",False
219b6,Male,26,25-34,Canada,West Debbieborough,"art, gaming, photography",False
df123,Female,21,18-24,Canada,Kimberlymouth,"travel, sports, news",False
3ad10,Female,26,25-34,France,New Natalie,"art, news, sports",False
bd2ae,Male,28,25-34,Brazil,East Aliceborough,"art, health, technology",False
620a7,Other,34,25-34,Canada,Lake Taramouth,"news, technology",False
cee66,Male,21,18-24,Australia,Williamsside,"food, health, news",False
da86a,Male,29,25-34,United States,South Mark,"news, health, finance",False
ad9f1,Other,20,18-24,United States,Watsonland,"art, health",False
03463,Male,48,45-54,United States,Lewisbury,"technology, fashion, travel",False
1b17a,Male,22,18-24,United States,Valentinebury,"food, fashion",False
0fa78,Female,37,35-44,United States,Smithside,"finance, art",False
eccf7,Male,24,18-24,United States,New Meredithmouth,"art, health",False
49d92,Female,31,25-34,United Kingdom,South Ericaport,fashion,False
8cf38,Female,18,18-24,India,Gibbsland,"photography, news",False
c8c09,Male,26,25-34,United Kingdom,East Edwin,"sports, technology, fitness",False
2a127,Male,18,18-24,United States,Donnaview,travel,False
9810c,Male,17,16-17,United Kingdom,Kevinville,finance,False
2a27b,Male,19,18-24,United States,North Angelica,"fitness, photography, food",False
2f647,Male,28,25-34,United Kingdom,South Shawn,"food, photography, news",False
254b2,Male,28,25-34,United States,South Jerryshire,"art, photography, travel",False
e5423,Female,35,35-44,Germany,West Lauriestad,news,False
3ec5b,Female,32,25-34,India,Johnsonberg,art,False
859f6,Male,44,35-44,India,New Frederick,sports,False
7f13d,Male,29,25-34,Germany,Tuckerstad,"fitness, technology",False
22f1c,Male,23,18-24,United States,East Rachelchester,"photography, sports, finance",False
d6400,Male,18,18-24,United States,Sherriborough,"technology, fashion",False
2693c,Other,21,18-24,Germany,Lindseyside,"fitness, photography",False
e6f36,Male,29,25-34,United States,East Janetbury,"photography, news, sports",False
bd84c,Other,22,18-24,United States,South Sandra,news,False
74b55,Male,23,18-24,Mexico,Berryburgh,"finance, sports",False
746e4,Male,17,16-17,Germany,Jadehaven,"food, news, fitness",False
f727e,Female,26,25-34,United States,East Maria,"technology, fitness, lifestyle",False
f7035,Male,18,18-24,United States,Katieport,"gaming, art",False
847d2,Male,23,18-24,Canada,Juliatown,fitness,False
5b9e4,Male,29,25-34,India,Russellberg,"lifestyle, fitness, food",False
a36da,Male,42,35-44,United Kingdom,Martinezton,"art, technology",False
4dc01,Male,26,25-34,United States,New Melanie,"art, lifestyle, finance",False
1ec58,Female,17,16-17,United Kingdom,Ramirezfort,"sports, technology",False
67b15,Male,28,25-34,Canada,Danielborough,"photography, travel",False
142a2,Female,27,25-34,Australia,Patelborough,"technology, news",False
41a2e,Other,21,18-24,United States,Lake Michaelberg,"gaming, photography",False
dd385,Male,30,25-34,Japan,Port Amy,"health, technology, sports",False
7960b,Female,36,35-44,Brazil,Lopezmouth,"sports, fitness",False
420d3,Male,17,16-17,Germany,Lake Daniel,"gaming, health",False
44db7,Other,37,35-44,United States,Lake Sherrimouth,"photography, food, fashion",False
c8620,Male,36,35-44,United States,East James,technology,True
6376b,Male,36,35-44,Brazil,Williamberg,art,False
e39b3,Male,18,18-24,United Kingdom,Aliciaburgh,"technology, sports",False
11025,Other,31,25-34,United States,North Ericview,"lifestyle, news, travel",False
9e923,Other,19,18-24,Japan,South Toddbury,"fitness, sports, fashion",True
0bb40,Male,16,16-17,United Kingdom,West Dana,"technology, lifestyle, art",False
40092,Male,25,25-34,Australia,Stanleyberg,finance,False
11a13,Male,16,16-17,United States,East Timothyhaven,"lifestyle, finance, fitness",False
18238,Other,21,18-24,India,Colemanport,"health, gaming, news",False
386ae,Male,24,18-24,United Kingdom,Tracystad,food,False
dfccb,Female,23,18-24,Canada,South Matthewview,gaming,False
c8c85,Female,28,25-34,Mexico,Serranotown,"sports, art, technology",False
d7a06,Female,23,18-24,United States,Stephanieburgh,"lifestyle, health",False
2c7ec,Other,27,25-34,Germany,Youngland,"gaming, health",False
ce672,Male,18,18-24,United States,East Robertberg,"sports, food",False
96f37,Male,24,18-24,India,North Gordon,"gaming, technology, travel",False
6f234,Male,26,25-34,United Kingdom,East Michelleport,"lifestyle, sports, health",False
ae57f,Female,39,35-44,France,Timothyland,"technology, food",False
85a1e,Other,32,25-34,Canada,Lake Jeffreyside,photography,False
513f1,Male,28,25-34,Mexico,Medinaburgh,fashion,False
ef5ea,Male,16,16-17,United Kingdom,Adammouth,"finance, art",False
e4c8c,Other,21,18-24,United States,West Morgan,fitness,False
04b48,Female,30,25-34,Brazil,New Daniel,"gaming, travel",False
77102,Male,33,25-34,United States,Rebeccaland,fashion,False
bb2d0,Male,17,16-17,Germany,West Dwayneport,"sports, news",False
f88e5,Female,16,16-17,Canada,Port Carla,"news, travel, technology",False
3507d,Male,21,18-24,United States,Lake Kennethside,"technology, health, sports",False
00067,Male,38,35-44,United States,East Gary,"travel, gaming, art",False
27b11,Male,41,35-44,Australia,Andreahaven,"travel, technology, fitness",False
ee205,Female,20,18-24,Mexico,Codyfort,sports,False
52c40,Male,21,18-24,United Kingdom,Monicaland,"photography, lifestyle",False
f3109,Other,46,45-54,United States,Edwardton,"technology, fashion, health",False
3dd3b,Other,49,45-54,United Kingdom,North Richard,"lifestyle, fashion, health",False
09d1b,Male,58,55-65,United Kingdom,Lindsaychester,fitness,False
3451c,Other,24,18-24,Canada,West James,"lifestyle, photography, travel",False
ef308,Male,42,35-44,Australia,East Javiershire,"health, sports",False
6ef1c,Male,36,35-44,Australia,Jeffreyhaven,"finance, fitness, photography",False
46bc2,Male,30,25-34,United Kingdom,Carlsonberg,travel,False
9873a,Other,28,25-34,Canada,East Williamland,sports,False
8c85a,Female,31,25-34,United Kingdom,Myersborough,"news, lifestyle, fitness",False
d5989,Male,42,35-44,Germany,East Christopher,"finance, art",False
9e690,Female,22,18-24,United States,Velasquezberg,"travel, news, food",False
31650,Female,18,18-24,Germany,Lake Kathyshire,"fashion, finance, fitness",False
a3844,Male,44,35-44,United States,Jonesport,"fitness, food",False
d17aa,Female,29,25-34,United States,Baileymouth,"food, photography, news",False
08133,Male,23,18-24,United States,West Margaret,travel,False
65769,Female,26,25-34,Brazil,Lake Carlyland,"lifestyle, gaming, food",False
e78cf,Female,19,18-24,India,Bestburgh,health,False
46fcc,Male,54,45-54,Canada,Hannahton,"art, finance, gaming",False
12622,Female,42,35-44,United Kingdom,Webbfort,travel,False
eb4fb,Male,18,18-24,India,South Brenda,fashion,False
d95ce,Female,40,35-44,Australia,Cobbberg,"fashion, art",False
43852,Male,37,35-44,Canada,North Nathan,art,False
e2f17,Male,32,25-34,United States,New Andrewburgh,news,False
3f7e6,Male,39,35-44,Brazil,Lake Douglasmouth,"photography, art",False
e1a2e,Male,29,25-34,United States,South Jonathan,"technology, travel, gaming",False
fa7b1,Male,43,35-44,United States,Hessberg,photography,True
91882,Male,25,25-34,United States,Melissafurt,"finance, gaming, fashion",False
fe69a,Male,42,35-44,United States,West Michaelport,"fitness, finance, fashion",False
36886,Female,42,35-44,United Kingdom,East Debbiefurt,"photography, health, art",False
e5ad8,Female,21,18-24,United States,Fergusonburgh,"health, art, fitness",False
227cd,Male,47,45-54,United Kingdom,Pettyberg,"fitness, news",False
da078,Male,16,16-17,Australia,South Melaniestad,news,False
24f0a,Female,16,16-17,Japan,Lake Daniel,"finance, fashion, art",False
57b82,Female,31,25-34,Germany,Juliaview,"finance, fashion",False
742c5,Female,33,25-34,United Kingdom,East Troy,gaming,False
fe0c6,Male,39,35-44,United States,West Amber,"lifestyle, finance, fitness",False
5d7a9,Male,22,18-24,India,Philliphaven,"sports, photography",False
d3bb8,Other,34,25-34,Brazil,West Karenland,fashion,False
1844e,Male,26,25-34,United States,Johnsonport,"gaming, lifestyle",False
309ae,Male,41,35-44,United States,North Travis,"photography, travel",False
c23c7,Male,19,18-24,France,Ianton,"news, fashion",False
950b0,Male,23,18-24,Mexico,East Shannon,"health, food, art",False
c85d3,Male,42,35-44,Canada,Williamsberg,"food, photography, lifestyle",False
20d8b,Male,21,18-24,United Kingdom,Juanbury,"sports, health",False
4efec,Female,16,16-17,United Kingdom,Paulastad,"sports, finance",False
fb738,Female,19,18-24,Australia,Briggsport,sports,False
e538e,Male,21,18-24,Canada,South Donna,"fitness, finance, lifestyle",False
3a8ba,Male,22,18-24,India,North Kellyview,"finance, travel, fashion",False
4853a,Male,20,18-24,United States,Port Tammy,art,False
02cf5,Male,21,18-24,Australia,Zunigahaven,"technology, lifestyle, art",False
beb84,Male,28,25-34,United States,Millerfort,"fitness, technology",False
cb603,Other,29,25-34,Australia,Warnerfurt,"food, technology, fashion",False
37820,Male,27,25-34,United States,Jessicaport,"fashion, technology",False
87514,Female,18,18-24,United States,Port Sandra,"gaming, health",False
76633,Female,26,25-34,Australia,South Nancy,"gaming, lifestyle, sports",False
ff8e6,Male,42,35-44,Germany,Pachecomouth,"health, gaming, art",False
01bd0,Male,19,18-24,United States,Lake Whitneyfort,"gaming, technology, sports",False
84324,Male,22,18-24,United States,Lake Courtneyland,food,False
86a9c,Male,26,25-34,Australia,Lindseytown,"news, food",False
e93b1,Male,30,25-34,Japan,Kaitlynchester,travel,False
ba7f7,Male,19,18-24,United States,New Nicoleside,"fashion, food, sports",False
f9131,Female,18,18-24,India,Justinshire,"lifestyle, art",False
45d42,Male,27,25-34,Canada,West Stephanieberg,"lifestyle, health",False
29e15,Male,27,25-34,United States,Lake Robinstad,fashion,False
99e3a,Male,21,18-24,India,Port Rickfort,finance,False
947be,Female,41,35-44,Brazil,Trevorburgh,"health, photography",False
1d694,Female,24,18-24,United Kingdom,Port Joseberg,news,False
f8cd9,Female,42,35-44,India,East Kathy,"lifestyle, food, news",False
91939,Other,21,18-24,Canada,East Courtney,sports,False
44a03,Male,22,18-24,India,New Jenniferchester,"health, news",False
224b5,Male,36,35-44,United States,South Kellyfort,"food, travel, art",False
5f319,Male,37,35-44,Mexico,Markberg,"sports, technology, health",False
b1914,Female,33,25-34,India,North Juan,finance,False
dc7be,Female,31,25-34,Canada,Mariahberg,"fitness, gaming, fashion",False
656e7,Other,18,18-24,Australia,Lewischester,"travel, photography, news",False
02e21,Male,32,25-34,United States,Raymondfort,"gaming, fitness, food",False
0e97e,Male,20,18-24,Brazil,New John,"sports, food, lifestyle",False
65aac,Male,25,25-34,United States,Marshallburgh,"art, lifestyle, sports",False
3196b,Male,22,18-24,United States,Lake Elizabeth,fashion,False
0b082,Male,28,25-34,Japan,Rachelland,"finance, food, art",False
e4d9d,Male,23,18-24,Canada,Dawnview,technology,False
7e8af,Male,29,25-34,United Kingdom,Jamesside,fitness,False
9c9f1,Other,27,25-34,United States,New Amanda,"fashion, travel, food",False
22a14,Female,37,35-44,United Kingdom,Nicholsland,"lifestyle, food",False
8f225,Male,33,25-34,India,Seanbury,"health, news",False
f9615,Male,32,25-34,Canada,Lake Holly,"news, gaming, sports",False
edf34,Other,30,25-34,United States,Williamsville,"travel, news, fitness",False
e2850,Male,19,18-24,United States,Lake Loribury,sports,False
66a4f,Male,16,16-17,Australia,South Donald,"gaming, technology, travel",False
a1c5a,Male,30,25-34,United States,Port Jenniferstad,"fitness, travel, fashion",False
81555,Female,16,16-17,United Kingdom,Arellanotown,health,False
029d1,Male,26,25-34,United Kingdom,Sierrachester,"health, fashion, fitness",False
cbb8d,Female,19,18-24,United States,Christineberg,"fitness, gaming",False
0e66b,Male,25,25-34,France,Danielside,"gaming, lifestyle, sports",False
f98a4,Female,20,18-24,United States,East Maria,sports,False
972ae,Female,16,16-17,Brazil,Richardsonmouth,technology,False
9b867,Female,25,25-34,Mexico,Kathleenstad,food,False
2b97e,Male,42,35-44,India,Walkerchester,photography,False
eaf41,Male,16,16-17,Canada,Hopkinsside,"art, gaming",False
8d003,Other,30,25-34,United Kingdom,New Geraldport,sports,False
9a380,Male,16,16-17,India,North Benjaminton,"gaming, photography",False
6d35e,Other,23,18-24,United States,New John,food,False
452e8,Male,27,25-34,United States,South Rachel,"photography, lifestyle",False
ffad8,Other,20,18-24,United States,Tanyafurt,sports,False
da46b,Male,26,25-34,United States,Andersonside,"news, art, food",False
483c9,Male,25,25-34,Canada,Heatherchester,"photography, finance",False
16e7c,Other,18,18-24,Japan,Coleport,"sports, travel, fashion",False
3b40d,Female,36,35-44,Japan,Port Kellystad,"health, travel, fashion",False
4a1d1,Female,29,25-34,United Kingdom,Port Elijahton,"health, travel",False
ed1f3,Other,25,25-34,United States,Carrilloborough,"sports, news, health",False
f1fc4,Female,19,18-24,United Kingdom,Patrickmouth,lifestyle,False
24360,Male,18,18-24,United States,North Shannon,"news, fashion, travel",False
f9875,Male,30,25-34,Germany,Cunninghamville,technology,False
b1607,Male,35,35-44,France,North Johnmouth,"fashion, art, food",False
f51ff,Male,16,16-17,India,New Johnborough,lifestyle,False
09194,Female,25,25-34,Brazil,Angelaton,"news, technology",False
3456b,Male,20,18-24,France,Jacksonmouth,"food, health, news",False
feb2b,Male,16,16-17,Mexico,Adamfort,"fashion, food, finance",False
7b31b,Male,36,35-44,United Kingdom,New Peter,"finance, fitness",False
a06bc,Female,26,25-34,Canada,Boyletown,"news, travel, sports",False
0b35e,Male,21,18-24,United States,New Stevenville,"photography, gaming, sports",False
26592,Male,29,25-34,United States,Davischester,health,False
dce82,Male,30,25-34,United States,Escobarfurt,art,False
1846a,Male,32,25-34,Mexico,Emilyfurt,sports,False
00e8d,Female,35,35-44,France,Scotttown,"news, fashion",False
eceac,Male,29,25-34,India,East Larryton,"travel, photography, health",False
c3de0,Male,30,25-34,France,Andremouth,photography,False
aea96,Female,35,35-44,Canada,Brooksmouth,sports,False
745b0,Male,17,16-17,United States,Butlermouth,art,False
c8620,Female,27,25-34,United Kingdom,New Jamie,gaming,True
d5729,Male,37,35-44,United States,Stoutmouth,"fitness, food",False
9f9de,Female,26,25-34,Australia,North Heidiside,photography,False
0af4b,Male,23,18-24,United States,Port Susanhaven,"fashion, news, lifestyle",False
31bad,Other,16,16-17,Germany,Adamstad,"photography, art, technology",False
4a0b6,Male,25,25-34,United Kingdom,Lake William,"technology, gaming, lifestyle",False
b6548,Other,23,18-24,Mexico,North Katieview,"art, fashion, health",False
d875c,Other,27,25-34,Germany,Juliemouth,"health, lifestyle, fashion",False
892ff,Female,31,25-34,United States,West Joseph,"health, art",False
9158d,Other,27,25-34,Germany,Padillastad,lifestyle,False
05dcc,Other,22,18-24,India,Alvaradoport,"fashion, news, health",False
baf4b,Male,23,18-24,India,Stewartport,"news, health, photography",False
b69c6,Female,36,35-44,Germany,Toddshire,"news, finance, food",False
cdf43,Female,27,25-34,United Kingdom,North Sandraburgh,"lifestyle, finance",False
8872f,Female,39,35-44,United States,Juliefurt,"fashion, health, gaming",False
8559c,Female,31,25-34,United States,Johnsonshire,art,False
079b0,Female,26,25-34,India,West Ericborough,"fashion, technology",False
23c1a,Male,25,25-34,United States,Port Susan,"news, health, lifestyle",False
7ada1,Female,16,16-17,United Kingdom,Floresfurt,"photography, fitness, fashion",False
81c4c,Female,43,35-44,Canada,North Christina,"fashion, health, technology",False
cf774,Male,25,25-34,United States,North Alicia,lifestyle,False
33426,Female,32,25-34,United States,Port Jenniferhaven,"technology, photography",False
0542d,Male,38,35-44,United States,Gregoryside,"travel, fashion",False
c98ba,Female,18,18-24,Brazil,New Scott,lifestyle,False
4fcbb,Male,38,35-44,Japan,Ruthstad,"photography, art",False
fd458,Male,28,25-34,United States,Singhberg,art,False
29c52,Female,34,25-34,United States,New Jane,sports,False
537c3,Other,25,25-34,United States,Jeremyburgh,lifestyle,False
d9fde,Male,22,18-24,Australia,Hannahton,"fitness, gaming",False
2f5b2,Other,23,18-24,Australia,Jillmouth,health,False
d5774,Male,32,25-34,Brazil,Port Noah,"news, technology",False
90d6c,Male,23,18-24,Canada,Lake Sarah,photography,False
4cb63,Male,23,18-24,France,East Jilltown,lifestyle,False
4d20f,Female,41,35-44,Australia,Lake Derrickstad,"travel, food",False
00b85,Male,34,25-34,United Kingdom,Erinstad,"technology, sports, health",False
0fa7a,Female,25,25-34,Japan,Lambertville,"technology, travel, photography",False
9f29a,Male,16,16-17,Germany,New Samanthaborough,"fitness, photography, gaming",False
5771a,Other,24,18-24,United States,Port Katrina,lifestyle,False
8ddec,Male,24,18-24,India,South Jamesburgh,"sports, gaming",False
e67e3,Other,34,25-34,United Kingdom,Jacobside,news,False
dc3b7,Male,33,25-34,Canada,Melissaland,"art, fashion, technology",False
83863,Male,24,18-24,United States,Nunezton,news,False
feb55,Female,34,25-34,United States,Joshuaborough,"art, food, lifestyle",False
8d059,Female,37,35-44,United States,Floreston,"fashion, health",False
1a9ff,Female,39,35-44,India,North Ana,"fitness, news, sports",False
3a5d3,Male,22,18-24,United States,North Jennifer,health,False
c1679,Male,37,35-44,Brazil,South Courtney,"technology, sports",False
3ad79,Other,38,35-44,United Kingdom,Port Cynthia,"health, art, news",False
f5a7e,Male,21,18-24,France,Jessicafort,"fashion, technology, finance",False
0b673,Male,33,25-34,United States,Davidton,"art, fitness",False
be3e7,Male,33,25-34,United States,North Brittanyville,health,False
93391,Male,29,25-34,Brazil,Lawrenceborough,"news, gaming",False
2b690,Male,25,25-34,France,Carterburgh,"gaming, travel, sports",False
739d7,Male,18,18-24,United Kingdom,Jessicaport,"technology, fitness, finance",False
91b90,Female,41,35-44,United Kingdom,East Jamesview,"health, food, lifestyle",False
1ff10,Female,25,25-34,Canada,Port Andrewville,news,False
2fbf7,Male,26,25-34,United States,Gibsonside,"travel, food, art",False
cd48b,Male,38,35-44,United States,Monicashire,"gaming, fashion",False
dd49b,Male,19,18-24,United States,Matthewland,travel,False
1c1b5,Female,21,18-24,Japan,Wilsonburgh,"lifestyle, fashion",False
824c9,Female,35,35-44,Australia,South Mark,"travel, fashion, health",False
5298b,Other,36,35-44,India,Navarroport,"news, fitness",False
b0c30,Male,24,18-24,United Kingdom,Jessicafurt,"news, health, travel",False
f5eeb,Male,23,18-24,Canada,Connieville,"fitness, gaming",True
15131,Other,41,35-44,United States,Stacyburgh,"fashion, art, gaming",False
792d5,Male,30,25-34,United Kingdom,North Katherinehaven,sports,False
f7cb1,Male,20,18-24,United States,Mendezfort,"sports, food, travel",False
e319b,Male,28,25-34,United States,Andrealand,"fitness, fashion",False
eb368,Female,20,18-24,Japan,Shepherdton,news,False
25de8,Female,26,25-34,United Kingdom,North Aliciaburgh,"travel, food",False
97375,Male,16,16-17,India,Rebekahville,lifestyle,False
db7a0,Male,27,25-34,Japan,Nicolemouth,technology,False
d8288,Female,32,25-34,United Kingdom,West Maryhaven,"sports, health",False
cc657,Male,23,18-24,Japan,Ashleyfort,"food, photography, fitness",False
11fac,Male,44,35-44,United Kingdom,Stevensonfurt,"lifestyle, gaming, travel",False
a5b22,Female,16,16-17,United States,Kevinshire,"finance, health, art",False
6d68f,Male,29,25-34,United Kingdom,South Sharon,food,False
f9bb6,Female,17,16-17,Canada,Dennisburgh,"health, news",False
74801,Male,33,25-34,Australia,East Catherinestad,"food, health",False
11cca,Male,16,16-17,India,Austinside,"finance, fashion",False
8c7a4,Male,19,18-24,Mexico,North Devinhaven,"food, technology",False
74fe1,Male,25,25-34,India,North John,"fitness, food, travel",False
477d7,Male,26,25-34,United States,Davistown,photography,False
2b870,Male,31,25-34,United States,Lindatown,"health, fitness",False
e743b,Male,27,25-34,United Kingdom,Matthewport,food,False
adda7,Other,21,18-24,United States,North Justin,"technology, fashion",False
8c30c,Male,23,18-24,India,South Gregory,"sports, lifestyle, gaming",False
0a578,Male,32,25-34,United States,East Ashleyhaven,news,False
4e3e9,Male,26,25-34,France,Ronaldshire,fashion,False
ffc20,Other,34,25-34,Brazil,Mayport,"fashion, finance, food",False
8a0c7,Female,29,25-34,Brazil,Caldwellfurt,"lifestyle, food",False
db714,Male,38,35-44,Mexico,Reevesborough,"food, health",False
fb2cd,Male,52,45-54,Brazil,New Christopherbury,technology,False
33be7,Male,47,45-54,Canada,Danielport,"fashion, news",False
50bea,Female,38,35-44,United States,Masonport,travel,False
29506,Male,26,25-34,France,South Tinaton,"news, finance",False
e36fa,Male,16,16-17,United States,Murrayville,"technology, sports",False
c9708,Male,28,25-34,United Kingdom,Batesmouth,gaming,False
125aa,Female,31,25-34,United Kingdom,East Richardland,gaming,False
03fcb,Female,23,18-24,United States,Staceystad,fitness,False
7ef54,Male,37,35-44,Brazil,Lake Jonathan,health,False
06503,Other,35,35-44,United States,Murphymouth,"travel, fitness",False
c0527,Male,18,18-24,United States,Lake Garymouth,"art, travel",False
7ed07,Female,31,25-34,United States,Nicoleburgh,"fitness, photography, gaming",False
36d1e,Other,26,25-34,Australia,Port Michellebury,health,False
f2b99,Male,20,18-24,Japan,Hammondfurt,gaming,False
ba47f,Other,25,25-34,United States,Lake Alan,"fitness, technology",False
967f3,Female,36,35-44,United States,Ashleyfurt,travel,False
d1739,Male,32,25-34,Canada,Ryanburgh,"art, news, sports",False
691ef,Male,25,25-34,India,Karentown,photography,False
165bc,Female,31,25-34,United States,South Jeremy,fashion,False
db070,Male,19,18-24,Mexico,Jamesville,travel,False
02ad5,Female,21,18-24,Brazil,New Adam,"technology, gaming, sports",True
27a90,Male,24,18-24,India,North Richardchester,"technology, food",False
33c80,Male,34,25-34,India,Woodberg,"sports, food",False
26294,Female,16,16-17,Brazil,Bradleybury,art,False
91a36,Female,21,18-24,France,Calvinshire,"gaming, travel",False
09f3a,Male,32,25-34,Australia,Joshuamouth,"fitness, art",False
6bfdf,Male,29,25-34,Germany,New Kevinburgh,"health, lifestyle, food",False
7a9d4,Female,24,18-24,Brazil,North Mark,technology,False
81941,Other,37,35-44,France,Port Brett,health,False
ee8c7,Other,23,18-24,United States,Heathhaven,"gaming, sports, lifestyle",False
ba358,Male,50,45-54,Germany,Josephtown,"travel, fashion",False
ccf30,Female,17,16-17,Germany,Susanside,"sports, health",False
5cea5,Female,21,18-24,United Kingdom,South Ellen,"health, finance, news",False
a60cc,Male,42,35-44,India,Ryanborough,"fashion, photography",False
6a806,Male,16,16-17,Mexico,West Anthony,photography,False
da7dc,Male,16,16-17,United Kingdom,West Sheilachester,"fitness, technology",False
fee53,Male,23,18-24,United States,Bradleyville,art,False
08559,Other,42,35-44,United Kingdom,Anthonystad,"sports, gaming",False
61e1d,Male,38,35-44,Australia,East Pamela,"news, fitness, finance",False
304ca,Male,22,18-24,United States,Brownshire,fitness,False
a923c,Male,36,35-44,United States,Ryantown,"sports, food",False
0a0fb,Male,33,25-34,France,Port Edward,"news, sports, finance",False
d83b3,Male,24,18-24,United States,New Richard,technology,False
9071a,Male,39,35-44,United States,Jaredshire,"photography, lifestyle",False
86cb2,Male,34,25-34,United States,Richardstad,fashion,False
dbd8e,Male,18,18-24,United States,Millerport,"art, travel",False
d419c,Male,25,25-34,Canada,Elizabethport,health,False
6e1d8,Male,36,35-44,United States,New Mindy,fitness,False
19290,Male,20,18-24,Canada,Brownshire,"fitness, sports",False
0fa96,Female,33,25-34,United States,Merrittborough,"lifestyle, art, photography",False
24f32,Male,29,25-34,Germany,North John,"food, news",False
c21de,Male,29,25-34,United States,North Joseph,"travel, fashion, photography",False
baced,Male,16,16-17,United States,Andrewview,"art, lifestyle, technology",False
d2647,Female,24,18-24,United States,Michaelside,finance,False
78f36,Female,22,18-24,Brazil,Lake Shannonchester,"food, travel",False
79f48,Other,31,25-34,Australia,Lake Joshua,"photography, fitness",False
052ef,Male,26,25-34,Canada,Joyceland,"health, art, food",False
3b642,Male,19,18-24,Brazil,Kyleport,"food, travel, photography",False
94c63,Male,32,25-34,Germany,North Ashleyview,food,False
cbc21,Male,36,35-44,United States,Taylorstad,"gaming, technology",False
1decb,Female,42,35-44,Brazil,Tiffanyfurt,"health, news, finance",False
2519b,Female,18,18-24,United States,Kimberlyland,"photography, sports",False
8c386,Male,20,18-24,Brazil,New Amber,"finance, travel, food",False
7a0cd,Male,29,25-34,United States,Whitemouth,gaming,False
07c26,Male,44,35-44,United States,New Lisa,"fitness, fashion, food",False
b4c37,Male,31,25-34,India,Williamsside,news,False
e705c,Female,31,25-34,Brazil,Dunnbury,"technology, fashion",False
cb619,Male,16,16-17,Brazil,New Ian,"health, food, technology",False
78e49,Female,21,18-24,United Kingdom,Lisaburgh,"technology, fashion",False
54815,Male,29,25-34,Canada,Port Rickeybury,"art, fashion",False
1a7fb,Male,23,18-24,Canada,South Jacob,health,False
37592,Female,60,55-65,United States,South Kristin,gaming,False
3a652,Female,35,35-44,France,Denisefurt,"fitness, gaming, technology",False
76464,Female,20,18-24,United Kingdom,Peterton,"travel, lifestyle, technology",False
086fc,Female,22,18-24,United States,New Diane,food,False
a6dd4,Female,21,18-24,India,Normanfurt,"sports, finance",False
c55af,Male,52,45-54,France,Port Madison,"food, photography, fashion",False
b6941,Male,21,18-24,France,Kellyhaven,"photography, fitness, fashion",False
687b0,Female,28,25-34,Japan,New Jill,"news, health",False
55d50,Male,34,25-34,United States,Walshburgh,"photography, lifestyle",False
1a8db,Male,38,35-44,France,Matthewstown,"food, gaming, photography",False
48f5c,Male,29,25-34,Germany,Lake Pamelachester,news,False
cac49,Male,23,18-24,Japan,New Chloe,"health, sports",False
7ae92,Female,17,16-17,United Kingdom,Hillberg,"travel, fashion, technology",False
1efd9,Female,29,25-34,United States,Lake Ernesttown,"food, travel",False
2eefe,Male,18,18-24,Germany,Lake Nicholas,"fitness, technology, food",False
59152,Male,46,45-54,United Kingdom,Cruztown,"photography, health, sports",False
72adf,Male,31,25-34,Germany,Michaelborough,"technology, news, photography",False
477c6,Male,24,18-24,United Kingdom,Port James,"fashion, art, travel",False
9066f,Other,29,25-34,Brazil,East Justinport,"art, fashion, news",False
20bc2,Female,22,18-24,United States,West Marcmouth,"finance, travel, sports",False
ea9a7,Female,23,18-24,India,East Isabel,"travel, health",False
8cc1b,Male,36,35-44,United States,North Diane,technology,False
d24d9,Male,24,18-24,United States,Port Michaelville,photography,False
f0d7b,Female,24,18-24,United States,South Rhondatown,"health, food",False
43c0c,Male,21,18-24,United Kingdom,West Tonyatown,"art, technology",False
0f29e,Other,36,35-44,Canada,Williamborough,"travel, finance, news",False
71a04,Female,18,18-24,United Kingdom,East Jordanbury,"finance, fitness, food",False
be998,Other,25,25-34,Australia,Haleybury,"photography, health",False
f2ff6,Other,38,35-44,France,Webstershire,fitness,False
6b4a7,Male,31,25-34,United Kingdom,North Hannahchester,"art, sports",False
d5914,Male,30,25-34,Japan,South Susan,"news, finance, lifestyle",False
5c7c3,Male,32,25-34,Germany,Lake Rachelchester,"health, photography, art",False
38838,Female,32,25-34,Canada,Cruzfort,photography,False
541f2,Male,28,25-34,United Kingdom,West Garyfort,"fashion, finance, gaming",False
f75f8,Other,25,25-34,India,Huberton,news,False
b1501,Male,24,18-24,Mexico,North Vernon,travel,False
a16c9,Female,33,25-34,India,New Josephfurt,"fitness, news",False
21244,Male,30,25-34,Canada,Jeanettehaven,"sports, gaming",False
4e0d5,Male,16,16-17,Mexico,Jacksonfurt,fitness,False
68fe2,Other,22,18-24,United States,Lake Joshua,"fashion, news",False
9ac26,Male,22,18-24,Brazil,East Denise,"travel, sports, technology",False
9ddf7,Male,29,25-34,United States,Davidfort,lifestyle,False
2665c,Female,35,35-44,United Kingdom,West Davidfort,travel,False
dbbb3,Male,22,18-24,India,West Rhondachester,"fitness, gaming",False
02108,Male,25,25-34,Mexico,West Kennethfurt,"finance, fitness",False
4457a,Female,22,18-24,Australia,New Pamela,"photography, food, fashion",False
d429a,Other,22,18-24,Australia,Kellyville,"fitness, photography, technology",False
2d2d0,Other,27,25-34,United States,Port Danielton,"travel, sports",False
31401,Female,24,18-24,United States,South Annaside,travel,False
54555,Male,25,25-34,France,Calvintown,"gaming, finance",False
ebc0f,Male,41,35-44,United States,South Lawrencechester,"travel, finance, fashion",False
ecd5b,Female,27,25-34,Australia,Joshuaville,"travel, technology, food",False
28cb4,Male,27,25-34,Japan,Levibury,"finance, food",False
73229,Male,28,25-34,Brazil,Kevinbury,"food, photography",False
9481e,Male,45,45-54,Germany,Melissaville,travel,False
d71c8,Female,18,18-24,Australia,Lake April,finance,False
e85ed,Female,33,25-34,Japan,West Natalie,art,False
413fa,Male,27,25-34,Canada,Stefaniemouth,"food, photography",False
ff6b6,Female,41,35-44,United States,Lake Meganberg,"food, sports",False
30da4,Female,21,18-24,United Kingdom,Rileystad,"fitness, technology, sports",False
ec3c5,Female,33,25-34,Japan,Lake Andrea,food,False
1fb01,Female,25,25-34,France,Lake Ericmouth,art,False
36b20,Male,22,18-24,United Kingdom,North Ryanport,lifestyle,False
02ba5,Male,35,35-44,Australia,New Sarah,lifestyle,False
3c582,Male,39,35-44,Mexico,East Michael,"food, health",False
4e7a6,Male,16,16-17,Mexico,West Ralph,photography,False
61037,Female,26,25-34,United States,Port Barbara,food,True
432a2,Male,27,25-34,Japan,Laurachester,"sports, news",False
f125d,Male,28,25-34,Germany,South Natalieville,"lifestyle, technology, sports",False
7ea29,Female,16,16-17,United States,West Joshua,photography,False
e4911,Other,42,35-44,United Kingdom,Lake Raymondhaven,"gaming, technology, lifestyle",False
1adca,Male,21,18-24,India,West Jessicaburgh,"lifestyle, travel",False
2796c,Female,38,35-44,United Kingdom,South Wyatt,"technology, fashion",False
04b67,Other,36,35-44,India,West Johnport,"technology, news, gaming",False
d991a,Male,33,25-34,Brazil,Coxtown,"sports, travel",False
1205a,Male,20,18-24,Australia,New Scott,"food, sports, news",False
eeed4,Male,30,25-34,Germany,West Michael,"fashion, sports",False
3c4aa,Male,59,55-65,India,Port Andrewton,travel,False
9a91a,Male,21,18-24,Canada,Carolhaven,health,False
52470,Male,21,18-24,United States,North Darrylton,"sports, fashion",False
79df6,Male,23,18-24,Mexico,North Robertbury,"gaming, health",False
f6651,Male,49,45-54,Australia,Jacobsshire,health,False
6bb4e,Female,29,25-34,France,Thomasburgh,"finance, technology, food",False
6885d,Female,19,18-24,United States,Port Evan,fashion,False
32ff0,Female,31,25-34,United Kingdom,Lake Amber,"health, lifestyle",False
1d7ff,Female,38,35-44,United States,East Katherine,fitness,False
319c1,Female,28,25-34,India,Garzaberg,health,False
2bb42,Female,31,25-34,India,East Andrew,"health, fitness, finance",False
9f954,Male,26,25-34,Canada,East Daniel,"health, art",False
ec7d2,Female,47,45-54,United Kingdom,North Anthony,news,False
70dab,Male,23,18-24,Japan,Kellyshire,"lifestyle, news, fitness",False
22364,Male,32,25-34,Australia,West Selena,"technology, sports, art",False
71955,Male,20,18-24,United States,East Adam,"travel, fitness, sports",False
f0564,Male,29,25-34,United States,Port Ryanland,"lifestyle, health, art",False
c358b,Male,27,25-34,India,West William,"technology, art, sports",False
8a3cb,Other,37,35-44,Germany,North Bridgetchester,"photography, gaming",True
3e8e6,Other,22,18-24,Australia,West Jonathan,art,False
350ac,Other,35,35-44,United Kingdom,West Vincentmouth,gaming,False
98b52,Male,22,18-24,United States,East Gina,lifestyle,False
f19ca,Male,23,18-24,United States,Lake Colleenmouth,"sports, health",False
b4c92,Female,28,25-34,United States,Murphyville,"lifestyle, health, fitness",False
6e208,Female,22,18-24,Brazil,Port Danielleview,art,False
5430a,Male,23,18-24,Mexico,Normanland,"travel, finance, sports",False
853f0,Male,16,16-17,United Kingdom,Lake Destinytown,"health, gaming, food",False
911b4,Male,31,25-34,Germany,Morganland,"news, art, photography",False
021cc,Male,17,16-17,United Kingdom,North Amber,"finance, photography, art",False
82ec5,Male,18,18-24,France,Allenfort,travel,False
56dee,Male,25,25-34,Japan,Elizabethside,"health, food, travel",False
bbb0f,Female,37,35-44,Canada,Deannaton,"food, health",False
bf2b4,Male,29,25-34,France,West Brittanyshire,"lifestyle, sports, gaming",False
29982,Male,22,18-24,India,Dixonville,"photography, health",False
014ef,Other,16,16-17,India,Port Feliciaside,travel,False
cf773,Male,28,25-34,India,Ronaldmouth,sports,False
f12f9,Other,25,25-34,United Kingdom,Scottbury,technology,False
6ab90,Male,20,18-24,Australia,Port Brian,"gaming, technology",False
aef43,Male,33,25-34,Mexico,South Brenda,"travel, news, technology",False
9837c,Male,16,16-17,United Kingdom,Humphreyfort,"finance, photography",False
2df0a,Other,42,35-44,United States,Karenfurt,"travel, fitness",False
190ad,Male,54,45-54,France,West Kim,"gaming, art, food",False
0ba50,Female,20,18-24,United Kingdom,Kevinbury,"lifestyle, food, fashion",False
e5427,Male,20,18-24,Canada,Andersonshire,"fitness, sports",False
0907f,Male,35,35-44,Mexico,North Julieview,"gaming, fitness, technology",False
c5947,Male,28,25-34,Mexico,Lake Carol,gaming,False
718e7,Male,16,16-17,United States,New Marktown,"news, gaming, art",False
c2b6c,Female,31,25-34,India,Williamsonshire,lifestyle,False
2073e,Male,34,25-34,Germany,Carlyton,"health, food, gaming",False
a0f2d,Female,32,25-34,India,Amandafurt,"lifestyle, technology",False
74bc1,Female,21,18-24,Mexico,Lake Danielleshire,sports,False
6d647,Female,20,18-24,Canada,Garrisonville,"photography, sports",False
bc321,Male,27,25-34,India,Lake Steven,"lifestyle, technology, health",False
151e8,Female,22,18-24,Japan,North Thomas,"lifestyle, fitness",False
a6804,Male,30,25-34,United States,Brandonfurt,"fitness, finance, news",False
bd8c5,Male,33,25-34,United States,Michaelton,"fashion, gaming",False
8df55,Male,16,16-17,United States,Alfredfort,finance,False
3a4de,Male,24,18-24,Canada,Danielshire,gaming,False
f8c5e,Male,27,25-34,United Kingdom,Jonathanmouth,fitness,False
d2370,Male,29,25-34,Germany,North Jefferyhaven,"fashion, lifestyle",False
3e6b0,Male,32,25-34,Brazil,West Kylemouth,"fitness, photography, gaming",False
535ba,Female,33,25-34,United States,Beckland,lifestyle,False
10f3d,Male,27,25-34,Japan,Kevinfurt,"fitness, finance",False
d1575,Female,18,18-24,United States,Kingchester,"finance, technology",False
0a3b4,Male,27,25-34,United Kingdom,Christensentown,lifestyle,False
ff1da,Female,40,35-44,Australia,Barbaraborough,"photography, finance",False
bfd4f,Female,17,16-17,Canada,West Lori,"art, news, photography",False
35d6e,Male,34,25-34,Japan,East William,finance,False
bc092,Female,24,18-24,Australia,Lake Ann,"finance, sports",False
ec438,Female,55,55-65,United Kingdom,South Williamburgh,"food, news",False
5290b,Male,31,25-34,United States,Hartstad,"sports, food",False
6f233,Male,26,25-34,United States,West Travis,"photography, fitness",True
be6f0,Female,16,16-17,United States,New Rebeccahaven,gaming,False
600d3,Female,23,18-24,Mexico,Jennifertown,"technology, lifestyle",False
d98e3,Male,24,18-24,United States,Port Nathaniel,"finance, food",False
db650,Other,29,25-34,United States,Brandonstad,"art, sports",False
ad5b0,Male,29,25-34,Germany,Kimborough,"fitness, gaming",False
f44e7,Male,24,18-24,Japan,Marcton,"fitness, art, lifestyle",False
4fd3a,Male,23,18-24,Canada,Brianburgh,"fashion, lifestyle",False
842a7,Male,16,16-17,United States,Glenview,"food, fitness",False
6ee6c,Male,29,25-34,United States,Karenborough,"news, fashion, sports",False
d5504,Other,23,18-24,United States,East Andreaburgh,"travel, photography, health",False
c22b3,Female,21,18-24,Australia,East Natasha,"lifestyle, food, fitness",False
6600a,Male,21,18-24,United States,Wendymouth,"sports, food",False
73757,Male,18,18-24,United Kingdom,Port Evelynburgh,gaming,False
2756c,Male,31,25-34,Germany,Mcdanielport,"fashion, fitness, food",False
d8d31,Male,26,25-34,United States,Andradeport,"finance, fashion",False
b4b4d,Male,35,35-44,Mexico,Mooreshire,"finance, photography, lifestyle",False
2235d,Female,40,35-44,United States,Lake Troy,"gaming, lifestyle, health",False
62ff4,Male,38,35-44,United States,Nicholasborough,health,False
01c80,Female,22,18-24,Canada,West Janicemouth,"technology, news",False
44870,Female,30,25-34,United States,Dayton,"photography, technology",False
a8e42,Female,47,45-54,Canada,West Jasonchester,"gaming, news, health",False
e2694,Female,36,35-44,United States,Cherylmouth,sports,False
3d5cd,Male,38,35-44,United Kingdom,Sanchezchester,"news, photography",False
fc609,Male,24,18-24,United States,South Juanside,"art, finance",False
e7785,Male,16,16-17,United Kingdom,Port Maryton,fitness,False
4e56e,Female,65,55-65,United States,East Sophia,photography,False
71a87,Female,34,25-34,Australia,Ralphshire,"health, food, travel",False
9a629,Male,17,16-17,United States,Port Anna,"lifestyle, technology, fitness",False
44d55,Other,40,35-44,United States,Patriciaport,"news, health, travel",False
b2ce4,Female,23,18-24,Canada,Bryantside,"news, art, food",False
dc534,Male,25,25-34,India,East Janemouth,"photography, news",False
5ee19,Male,26,25-34,United States,New Patrick,news,False
f69d8,Male,21,18-24,United States,Johnview,"technology, art, travel",False
67bb9,Female,23,18-24,France,Port Priscillashire,news,False
b171f,Male,24,18-24,United States,Port Debraburgh,"news, lifestyle, travel",False
0124f,Female,36,35-44,United Kingdom,East Jillburgh,finance,False
00ea7,Male,23,18-24,Canada,Gordonstad,technology,False
4ab02,Male,32,25-34,United States,Adkinsfurt,"food, travel",False
4bab7,Other,18,18-24,Australia,Christopherland,"news, lifestyle",False
40ece,Male,41,35-44,United States,Lake Jennifer,"finance, travel, news",False
b6645,Male,24,18-24,United States,Schwartzton,health,False
7cd4f,Male,16,16-17,Canada,Gonzalesfort,"gaming, fashion",False
c32c4,Female,20,18-24,United States,Lake Alfredhaven,"travel, health, gaming",False
600c8,Other,28,25-34,United States,Cassidyville,"fitness, health",False
5d35a,Female,26,25-34,United States,Huntmouth,"gaming, travel",False
94f30,Male,43,35-44,United Kingdom,Matthewside,"art, news, lifestyle",True
4072c,Male,27,25-34,United Kingdom,Port Barryton,travel,False
a1654,Male,21,18-24,Japan,New Cory,"sports, finance, lifestyle",False
735e4,Male,29,25-34,United Kingdom,Karinaport,art,False
cd721,Male,25,25-34,Mexico,Port Anne,"finance, fitness, news",False
4c10f,Male,39,35-44,United States,East Michelle,news,False
28240,Male,21,18-24,United Kingdom,East Jonathanton,art,False
29f1c,Male,29,25-34,Australia,South Danielle,"photography, sports, finance",False
6b337,Male,38,35-44,Germany,South Jasonhaven,"lifestyle, news",False
ed73b,Female,28,25-34,Japan,Christianfort,"fitness, sports, food",False
69400,Male,29,25-34,United States,Shafferville,"food, sports",False
3c38d,Male,37,35-44,India,Stacietown,"fitness, art, technology",False
13421,Male,23,18-24,United States,Jacksonshire,"health, travel, lifestyle",False
7e3df,Other,22,18-24,Japan,Jackiestad,fashion,False
6afbf,Male,35,35-44,Canada,Lynchborough,fashion,False
ccc57,Male,16,16-17,Brazil,Weaverland,"art, lifestyle",False
71d0e,Female,23,18-24,United States,Hernandezborough,"lifestyle, finance",False
65a1d,Female,37,35-44,France,West Billhaven,health,False
2be63,Male,33,25-34,United Kingdom,Sierrafurt,finance,False
5c4d0,Male,16,16-17,Mexico,Cesarland,sports,False
c19bc,Female,33,25-34,Germany,North Michaelton,"photography, fashion, finance",False
be340,Male,21,18-24,United Kingdom,Howellton,"health, finance",False
66169,Male,61,55-65,Germany,Lake Elizabethchester,lifestyle,False
51486,Male,28,25-34,Germany,Stephensshire,"food, gaming, news",False
3fea3,Female,19,18-24,Germany,Faithberg,"finance, travel, fitness",False
d37d3,Female,17,16-17,United States,Andreaburgh,art,False
83e3d,Female,40,35-44,United Kingdom,West Melissaside,"finance, gaming, food",False
615de,Other,16,16-17,United States,Port Christianmouth,travel,False
03cf6,Male,21,18-24,Brazil,Port Michaelmouth,"finance, sports",False
f15f9,Male,22,18-24,Canada,South Sean,health,False
551ad,Other,25,25-34,India,Sarahhaven,gaming,False
9d385,Male,28,25-34,United Kingdom,East Robert,"gaming, technology, fashion",False
efbda,Male,21,18-24,Canada,Port Sydneyborough,"sports, lifestyle",False
b195b,Other,29,25-34,United States,Tammyfurt,sports,False
1d7e0,Male,30,25-34,United States,Alanshire,"news, sports, gaming",False
cfb0e,Male,33,25-34,Japan,West Kathleenstad,technology,False
1d348,Other,20,18-24,India,North Christopherview,"lifestyle, sports",False
8ad75,Other,16,16-17,Australia,North Shaunmouth,"travel, technology",False
22b2c,Male,18,18-24,United States,Velazquezbury,fitness,False
f78e9,Other,35,35-44,United Kingdom,Williamsport,"food, technology, fashion",False
629bd,Female,18,18-24,Australia,Port Angelaton,"travel, art",False
7ca24,Male,22,18-24,United States,Cartermouth,food,False
8ccb3,Other,34,25-34,France,Michaelstad,"health, travel, fitness",False
f6c11,Male,16,16-17,United States,Chenville,"news, gaming",False
d98df,Female,16,16-17,United States,Eatonmouth,"food, travel",False
729f9,Male,40,35-44,Japan,Port Jessica,"sports, news",False
e7384,Male,41,35-44,Germany,South Jennifertown,"news, lifestyle",False
6d0e9,Male,29,25-34,Germany,East Victorbury,"food, sports",False
098e4,Male,25,25-34,Japan,Timothybury,"lifestyle, fashion, fitness",False
76444,Male,33,25-34,United States,Lake Jennifer,"lifestyle, food, health",False
513dd,Male,35,35-44,United Kingdom,Holttown,"food, fashion",False
ab210,Male,33,25-34,Australia,Lake Robinborough,"lifestyle, sports, finance",False
7ca33,Female,25,25-34,United Kingdom,Meganview,fitness,False
471ab,Other,32,25-34,United States,Higginsmouth,"art, photography, sports",False
319e1,Male,44,35-44,Canada,Sandovalport,"news, fashion",False
59eac,Male,34,25-34,Mexico,Wrightside,"gaming, sports, health",False
28fa0,Male,46,45-54,India,Jonestown,"food, photography, sports",False
1b8cd,Female,27,25-34,Japan,Christinemouth,fashion,False
75ea2,Male,37,35-44,India,Christopherton,photography,False
791fd,Male,16,16-17,United Kingdom,North Kelly,"art, fitness, finance",False
1f599,Male,48,45-54,United States,Lake Davidfurt,"travel, fitness, photography",False
afb8e,Female,16,16-17,Brazil,Benjaminburgh,photography,False
2934f,Female,19,18-24,Germany,South Stacy,"fashion, health, sports",False
4bd90,Male,36,35-44,United Kingdom,West Justinville,travel,False
d7e39,Male,24,18-24,Australia,Port Eric,fitness,False
e3c8b,Female,26,25-34,United States,Lake Robert,fitness,False
f7a0b,Female,27,25-34,United States,New Loritown,"art, health, technology",False
84d07,Male,32,25-34,Canada,Kaitlynshire,sports,False
31956,Female,24,18-24,United Kingdom,West Paulstad,travel,False
f234b,Other,16,16-17,United States,Bakerberg,technology,True
2bc62,Male,27,25-34,United Kingdom,Josephshire,"sports, art, finance",False
e8781,Other,16,16-17,United States,South Sean,"news, fashion, travel",False
162ec,Male,28,25-34,Germany,Sheilachester,"fitness, gaming, lifestyle",False
a388c,Male,35,35-44,United Kingdom,East Kevin,"finance, gaming",False
2ee79,Female,16,16-17,Canada,Andresborough,"finance, technology, food",False
37dc0,Male,23,18-24,United States,Michellefurt,"food, fashion, health",False
48546,Male,41,35-44,Australia,Michelleland,"travel, photography, finance",False
510a2,Other,34,25-34,United Kingdom,Lake Christian,"news, finance, travel",False
6120f,Other,41,35-44,Japan,Peterfurt,art,False
4c224,Female,33,25-34,Brazil,East Michael,"finance, food, health",False
892c5,Other,20,18-24,Mexico,Taylorport,finance,False
e6e0a,Male,26,25-34,India,East Melanie,"lifestyle, sports, health",False
17ebf,Male,21,18-24,United States,Schmidtfurt,"finance, photography",False
c6787,Male,31,25-34,India,Jonesstad,"lifestyle, sports, news",False
fe4ad,Male,30,25-34,United States,Hollyside,"health, news",False
ffed3,Male,47,45-54,United Kingdom,Kimberlyburgh,"health, news",False
03893,Female,16,16-17,India,Raymondtown,"fitness, photography",False
70e21,Female,35,35-44,United Kingdom,Dustinview,"news, technology",False
42dc3,Female,27,25-34,India,South Robertside,"sports, fashion, photography",False
7d244,Other,23,18-24,Brazil,North Jonathanmouth,travel,False
9cc6b,Male,20,18-24,Japan,South Kathyview,"photography, news",False
2fefc,Male,33,25-34,United Kingdom,Smithfort,"technology, news",False
d6ba7,Male,29,25-34,United States,Bradyhaven,finance,False
c6ad5,Male,24,18-24,United States,Williamsonmouth,fitness,False
f604f,Male,22,18-24,Canada,New Tommy,"photography, finance",False
b06ba,Male,25,25-34,Germany,Davismouth,"gaming, technology",False
a405d,Male,34,25-34,United States,Perezberg,fashion,False
31f81,Female,19,18-24,Japan,South Zachary,fashion,False
a269a,Female,20,18-24,France,Rodrigueztown,"travel, fitness",False
a58c8,Female,21,18-24,Canada,Barrettland,"gaming, art, news",False
88b01,Male,22,18-24,United States,Janetmouth,"photography, sports, food",False
b6f58,Male,29,25-34,Australia,Olsonshire,"photography, fashion, news",False
a761c,Male,24,18-24,Japan,West Michaelfurt,"fitness, food",False
18137,Male,33,25-34,Canada,Port Karen,technology,False
c5825,Male,16,16-17,Brazil,Jordanfort,"finance, fitness, photography",False
6d0cd,Other,25,25-34,United States,South Tracy,"fitness, lifestyle",False
b7f1a,Male,24,18-24,Brazil,West Jamie,"health, fitness, sports",False
6e86c,Male,34,25-34,United States,Lake Kristiemouth,lifestyle,False
0f0e7,Female,19,18-24,United States,Kennethtown,"photography, finance",False
e9974,Male,27,25-34,United Kingdom,Bellside,"gaming, finance, art",False
9794d,Female,24,18-24,Canada,South Andrea,photography,False
45a6a,Male,24,18-24,United States,New Victoria,technology,False
83f2f,Male,16,16-17,United States,West Adam,art,False
eb61f,Other,18,18-24,India,North Jacob,"health, finance, news",False
b4949,Female,43,35-44,Australia,North Charlesshire,fitness,False
e4cfc,Male,18,18-24,United States,East Shawn,"news, sports",False
3b062,Male,24,18-24,Canada,East Abigailport,"sports, travel, news",False
5412d,Male,44,35-44,United Kingdom,South Tasha,food,False
b6cc7,Other,26,25-34,United Kingdom,West Nancyfurt,"fitness, sports, health",False
bf2b9,Male,30,25-34,Canada,Ronaldfurt,travel,False
f7174,Female,16,16-17,India,Michelleport,"fashion, gaming, travel",False
add7d,Male,27,25-34,Brazil,Kelliburgh,"sports, finance",False
f829d,Male,18,18-24,Germany,Port Danielberg,"finance, lifestyle",False
aab94,Female,30,25-34,United States,West James,"fitness, technology",False
d89ba,Male,28,25-34,United States,Johnbury,"lifestyle, fitness, finance",False
2cbd2,Male,22,18-24,United Kingdom,East Donnahaven,"fashion, lifestyle",False
0bb70,Male,21,18-24,France,West Brenda,"photography, fitness, gaming",False
36cd6,Male,28,25-34,Germany,Tanyaberg,"fitness, fashion, art",False
20310,Male,24,18-24,India,Caldwellstad,finance,False
07a50,Male,23,18-24,Canada,New Robert,sports,False
98f54,Female,36,35-44,France,Kyleberg,"art, travel",False
589cf,Other,37,35-44,Japan,Moorechester,"gaming, technology, finance",False
84917,Female,18,18-24,United States,Kristinchester,art,False
74b18,Female,28,25-34,United States,Port Denise,fashion,False
c3d29,Male,36,35-44,Australia,South Cassandra,news,False
00cf9,Female,21,18-24,United States,Lake Garrettview,"finance, fitness",False
97ebc,Other,32,25-34,India,Jonathanbury,"fitness, gaming, photography",False
75c80,Other,18,18-24,United States,Port Brian,gaming,False
cbaf6,Female,22,18-24,United States,South Danny,"fashion, health, food",False
be064,Male,24,18-24,United States,Lake Eric,"technology, photography",False
422d5,Other,36,35-44,United States,Port Mary,"gaming, finance",False
5d231,Female,31,25-34,United States,Leechester,"gaming, art",False
6a921,Male,33,25-34,Germany,East Matthew,"photography, finance",False
093fb,Female,32,25-34,Mexico,New Anthony,technology,False
efaf4,Male,21,18-24,United States,West Brandon,photography,False
0e256,Male,27,25-34,United States,Harrismouth,"photography, travel",False
5aec0,Male,23,18-24,Canada,Lisamouth,food,False
1fe8c,Male,43,35-44,United States,Brittanymouth,"photography, food",False
6e424,Female,24,18-24,United States,Lake Debra,"travel, art, food",False
3f071,Female,24,18-24,Canada,Hannahview,food,False
47f99,Male,22,18-24,United States,East Wyatthaven,"finance, health, art",False
6fa60,Female,28,25-34,India,North Lindaburgh,"lifestyle, food, art",False
63e5e,Female,26,25-34,Germany,Veronicachester,"sports, food",False
6d5f8,Male,35,35-44,United States,Cunninghammouth,gaming,False
ea1ba,Female,30,25-34,France,Gregview,"lifestyle, fashion, photography",False
a286c,Male,32,25-34,Germany,South Tiffany,"travel, art",False
19325,Male,28,25-34,Australia,New Kyle,"sports, travel, lifestyle",False
33cf4,Female,36,35-44,United States,Duncanbury,"photography, travel, fitness",False
634ed,Female,33,25-34,United States,Bensonburgh,"technology, fitness, news",False
bf226,Female,36,35-44,Canada,Maymouth,lifestyle,False
df2d7,Other,22,18-24,United States,South Josefort,"news, technology, lifestyle",False
8d438,Male,32,25-34,United Kingdom,Shermanfort,"finance, technology",False
ff0e7,Male,21,18-24,United States,West Ericland,"news, gaming",False
a398b,Male,23,18-24,Australia,Greenshire,sports,False
d27d6,Other,32,25-34,United States,Sallyport,"food, technology, sports",False
e2903,Male,38,35-44,Brazil,Port Kellyview,lifestyle,False
35049,Female,30,25-34,United Kingdom,Shawnport,technology,False
b3c6d,Other,18,18-24,United States,Williamsbury,food,False
ecd4d,Male,16,16-17,Brazil,Camachoside,fitness,False
0ae62,Male,32,25-34,United States,North Williamhaven,"photography, sports",False
1f7d4,Male,36,35-44,Mexico,South Antoniobury,"photography, sports, finance",False
16f95,Male,28,25-34,Australia,Erikland,"fashion, sports, photography",False
abe75,Female,16,16-17,India,Longland,"finance, health, technology",False
2dfe8,Other,20,18-24,United States,Port Danielside,"food, news, travel",False
c2a24,Male,20,18-24,United States,Campbellburgh,"lifestyle, art, technology",False
ef4f9,Male,36,35-44,Australia,Paulborough,"lifestyle, fashion",False
99369,Male,42,35-44,United States,West Ian,travel,False
cc127,Male,17,16-17,United Kingdom,Davidhaven,news,False
85d32,Male,28,25-34,United Kingdom,Pagestad,"photography, art",False
f0fa3,Male,30,25-34,Canada,North Jennifer,"photography, sports, art",False
08d14,Other,35,35-44,United States,New Cynthia,"fitness, sports",False
f40bf,Female,17,16-17,United States,Port Robert,"sports, gaming",False
3daa5,Male,33,25-34,India,Joshuaside,health,False
8708c,Male,18,18-24,Canada,Sharonview,finance,False
db6b2,Male,31,25-34,United Kingdom,East Alison,"finance, sports",False
5a447,Male,46,45-54,United States,West Christopherburgh,"sports, gaming",False
36e17,Other,21,18-24,France,Masonmouth,"gaming, sports, lifestyle",False
a04f7,Other,32,25-34,United Kingdom,Watsonberg,"finance, health, technology",False
effaa,Male,32,25-34,France,South Jessica,photography,False
06080,Female,16,16-17,Australia,Elizabethport,"health, food",False
20631,Female,45,45-54,United States,Kristinaburgh,travel,False
71410,Male,41,35-44,Germany,Lake Andrea,"finance, lifestyle, travel",False
c8788,Male,20,18-24,Brazil,Port Keith,sports,False
e7737,Female,22,18-24,Australia,South Michelle,"news, fitness, technology",False
23abb,Male,48,45-54,Brazil,East Larry,"fitness, gaming",False
981e4,Female,26,25-34,Australia,Riverastad,"news, finance",False
56f99,Other,30,25-34,India,North Johnmouth,art,False
ee13e,Female,27,25-34,India,Whitneytown,"gaming, fashion, fitness",False
f9cbc,Female,25,25-34,Australia,Johnsonfurt,"art, news, fashion",False
18382,Male,18,18-24,Germany,Port Tammyberg,fashion,False
b0eb9,Male,19,18-24,United Kingdom,North Ashley,"photography, fitness, lifestyle",False
ebc0b,Male,26,25-34,United States,Roachmouth,"news, health, photography",False
e7232,Other,32,25-34,Brazil,Port Robert,"food, art",False
58274,Male,41,35-44,United States,Nancyport,"fitness, food",False
19310,Female,17,16-17,Japan,New Stevenside,fashion,False
4c574,Other,44,35-44,Japan,Brandonmouth,fitness,False
512fb,Female,19,18-24,Canada,South Kevinbury,"finance, news, fitness",False
8b57c,Male,17,16-17,Canada,Lake Jimmybury,"travel, sports",False
09328,Male,22,18-24,United Kingdom,Ryanborough,art,False
7a78c,Female,17,16-17,United Kingdom,South Aaron,"sports, travel",False
58f85,Female,29,25-34,United States,Andrewshire,photography,False
69466,Female,26,25-34,Germany,Lewisland,"art, sports",False
b2bce,Male,24,18-24,India,Coleport,"food, health, art",False
9dc32,Male,25,25-34,Canada,South Sheila,sports,False
decc4,Female,38,35-44,United Kingdom,West David,fitness,False
d69f1,Male,27,25-34,United Kingdom,West Paulport,"gaming, health, news",False
b0965,Male,27,25-34,Germany,South Juliaside,"gaming, fitness",False
b8d46,Female,22,18-24,United Kingdom,New Kellyburgh,gaming,False
df4e5,Female,16,16-17,Australia,Ralphfurt,"lifestyle, gaming",False
c82d6,Female,16,16-17,United States,Ashleyfurt,"food, finance",False
7ff44,Female,20,18-24,United States,Robertsonhaven,"fitness, health",False
3a732,Male,16,16-17,Mexico,Lake Nicole,sports,False
68abd,Male,35,35-44,Germany,North Hannahchester,"technology, sports",False
13b65,Male,24,18-24,Canada,Caseyborough,sports,False
e40fd,Male,27,25-34,Canada,Georgeside,food,False
92120,Male,21,18-24,United Kingdom,North Meganside,sports,False
54c2d,Female,28,25-34,Germany,West Gregory,technology,False
3b71a,Female,22,18-24,United Kingdom,Danielhaven,"fitness, finance, health",False
cd8da,Male,27,25-34,United States,Lake Gregory,gaming,False
41c74,Female,42,35-44,Australia,East Teresa,"technology, food, lifestyle",False
741db,Male,26,25-34,India,Davidburgh,fashion,False
18eb0,Male,28,25-34,Australia,Cortezstad,"art, food",False
20c87,Female,31,25-34,United Kingdom,West Paula,lifestyle,False
b71fe,Female,40,35-44,Mexico,Lake Anthony,art,False
6e2e6,Male,18,18-24,France,Lisaborough,fashion,False
a9f18,Male,38,35-44,United Kingdom,South Michelleberg,travel,False
f0bfc,Female,36,35-44,France,Alexandraberg,"sports, technology",False
201a2,Male,39,35-44,Canada,East Monicahaven,art,False
1ebf9,Male,24,18-24,India,East Jamiehaven,"sports, fashion, technology",False
1c14d,Female,26,25-34,France,Kylemouth,"finance, fitness",False
7419e,Other,22,18-24,United Kingdom,Turnerhaven,lifestyle,False
ab98f,Other,22,18-24,India,Port Sharon,technology,False
ad431,Male,35,35-44,United Kingdom,South Sara,finance,False
64e9e,Other,28,25-34,United States,Anthonytown,"fashion, health",False
092e8,Male,42,35-44,India,Darleneburgh,"sports, food, art",False
be380,Other,31,25-34,Germany,Jaimeshire,fashion,False
3f75c,Male,16,16-17,United States,Kennethside,finance,False
f5489,Other,29,25-34,United States,Hobbschester,gaming,False
810d6,Male,21,18-24,France,East Ronald,"gaming, fitness",False
71ee9,Female,23,18-24,Mexico,West David,"lifestyle, art",False
130aa,Male,30,25-34,Germany,West Anne,"lifestyle, art",False
7241b,Male,32,25-34,Australia,North Diana,"lifestyle, health",False
728d4,Male,35,35-44,United Kingdom,Josephhaven,"fitness, health",False
732ae,Female,35,35-44,India,Lake William,"fitness, fashion, photography",False
49c8f,Male,27,25-34,India,Gillespieberg,"photography, news",False
01095,Female,42,35-44,United States,Jamesville,"lifestyle, technology",False
9f736,Male,29,25-34,United States,Port David,"fashion, sports, finance",False
4fd83,Male,26,25-34,France,Alvarezhaven,"sports, finance",False
2e4b9,Female,28,25-34,Canada,Hillland,"technology, fashion, gaming",False
c9f7a,Male,19,18-24,Japan,North Justinstad,food,False
f470d,Male,18,18-24,India,Alexmouth,"photography, news, lifestyle",False
bcceb,Male,20,18-24,Australia,East Nicoletown,"art, photography, sports",False
6d673,Other,27,25-34,United States,South Jeffport,food,False
89a00,Male,36,35-44,Canada,North Michaelberg,"art, fitness",False
9bfc1,Male,29,25-34,Australia,East Jennifer,"news, health",False
54e1e,Male,29,25-34,Canada,West Michaelburgh,health,False
c8d73,Other,29,25-34,Canada,Millerland,health,False
ebab9,Female,34,25-34,United Kingdom,East Nicoleburgh,"travel, food, gaming",False
a1289,Female,28,25-34,Canada,New Vincentbury,"fitness, finance, news",False
b805a,Male,42,35-44,Australia,South Martinshire,"gaming, travel",False
d1846,Female,37,35-44,France,Riversburgh,art,False
4c5f9,Other,30,25-34,Germany,Patrickview,"food, fashion, fitness",False
a13ee,Female,26,25-34,United States,North Dennis,"news, finance",False
81b08,Male,41,35-44,United States,New Michelle,health,False
f88ca,Other,25,25-34,India,Johnsonfurt,"finance, fashion",False
7157f,Male,33,25-34,United States,Bennettmouth,photography,False
1e4c2,Male,31,25-34,Mexico,West Kellyfurt,gaming,False
8dbe7,Female,30,25-34,India,Lake Jeremy,"technology, food, photography",False
d1284,Male,24,18-24,United States,Lake Kayla,"art, food",False
2ef3b,Other,48,45-54,United Kingdom,Jessicachester,food,False
e4a59,Male,33,25-34,India,Cunninghambury,"photography, health",False
12675,Female,24,18-24,Germany,Terrybury,lifestyle,False
f822b,Male,29,25-34,United States,East Edward,fitness,False
e3e42,Female,29,25-34,France,Hernandezland,technology,False
64e1b,Male,46,45-54,United States,Port Kenneth,"sports, gaming",False
832c2,Female,23,18-24,United States,Lisaview,"travel, food, photography",False
29906,Male,42,35-44,Mexico,North Keithview,food,False
586af,Male,17,16-17,United States,South Ericside,lifestyle,False
ade29,Other,22,18-24,India,Ortizland,"lifestyle, news, fitness",False
6fadf,Male,16,16-17,Canada,Hopkinsmouth,"health, fashion, lifestyle",False
8e13b,Male,47,45-54,United States,East Scott,"fashion, art, food",False
0e55b,Male,20,18-24,United States,Timothyside,"art, news",False
59471,Female,23,18-24,Germany,Sarastad,"lifestyle, fitness",False
6b4a5,Male,21,18-24,United States,Camposside,"gaming, finance, technology",False
44f4d,Male,26,25-34,Japan,North James,"art, fitness",False
fa918,Female,26,25-34,India,Lake Kennethport,health,False
70737,Other,41,35-44,United States,Grossfort,"gaming, art, news",False
5039a,Male,17,16-17,United States,Washingtonland,"fashion, photography",False
043b8,Male,28,25-34,Brazil,West Matthewton,"fashion, photography, food",False
693aa,Female,25,25-34,United States,Wrightmouth,"gaming, technology",False
57541,Female,24,18-24,Japan,Williamland,news,False
1c11c,Female,24,18-24,United Kingdom,New Kathymouth,fashion,False
77403,Male,32,25-34,United States,Thomashaven,"lifestyle, gaming",False
93611,Female,20,18-24,Japan,New Timothy,"fitness, health",False
51e6b,Female,28,25-34,India,Lake Valerie,"news, fitness",False
123b9,Male,36,35-44,United Kingdom,East John,"fitness, gaming, photography",False
2705e,Male,30,25-34,Germany,South Brent,"fashion, finance",False
4f9e4,Male,39,35-44,United States,Michaeltown,food,False
b626f,Male,38,35-44,United States,South Christopherfurt,fitness,False
8cce0,Female,37,35-44,United Kingdom,Allenburgh,lifestyle,False
472f5,Other,33,25-34,Canada,Jasonfort,travel,False
e9669,Male,16,16-17,India,Leonardside,food,True
bcfb4,Male,29,25-34,Mexico,New Ronald,"sports, health, technology",False
de832,Male,16,16-17,Canada,West Patriciaton,news,False
401d4,Male,34,25-34,Brazil,Jonathanhaven,lifestyle,False
3ced1,Female,20,18-24,Brazil,East Jamesside,fitness,False
9015a,Female,22,18-24,Mexico,Lake Sandrabury,"sports, fitness",False
4be8a,Male,19,18-24,United States,Port Meganfort,"fitness, fashion",False
d1cd5,Male,16,16-17,Germany,South Brian,"lifestyle, art",False
c53fb,Female,22,18-24,United Kingdom,North Jason,"sports, lifestyle",False
5c171,Male,48,45-54,United States,Port Jill,lifestyle,False
26910,Male,38,35-44,Germany,Reginachester,sports,False
91434,Male,28,25-34,Germany,East Lisastad,"fashion, health",False
56258,Male,35,35-44,United States,Carloston,"photography, travel, fitness",False
b11a7,Male,33,25-34,United States,Annaville,"fashion, finance",False
513d8,Male,16,16-17,Australia,Kevinfort,"fitness, news",False
0cf8f,Female,25,25-34,India,Matthewchester,"health, fashion, sports",False
39bda,Female,23,18-24,France,Smithshire,"fitness, lifestyle, gaming",False
db651,Male,23,18-24,Australia,Hernandezbury,"food, news, gaming",False
cef85,Male,26,25-34,India,Thompsonburgh,fitness,False
16b66,Other,22,18-24,India,Lake Corychester,"finance, photography",False
5b04e,Male,30,25-34,United States,Tiffanyland,"fashion, food, finance",False
21559,Male,19,18-24,Canada,Lake Timothy,art,False
8180b,Male,27,25-34,India,Deleonmouth,"technology, travel, news",False
fd971,Female,34,25-34,United States,Baileyshire,"sports, technology, finance",False
13b5e,Male,22,18-24,Mexico,Barrettfurt,"gaming, travel, technology",False
acdd4,Female,16,16-17,Canada,Simpsonfort,"photography, finance, fashion",False
b79c1,Male,32,25-34,Germany,Charlesville,"travel, finance, gaming",False
d7b19,Male,29,25-34,United Kingdom,Brandontown,"lifestyle, technology",False
006b2,Female,21,18-24,United States,Watsonstad,news,False
600aa,Male,21,18-24,United Kingdom,Gregstad,art,False
1a738,Female,23,18-24,Japan,East Cheryl,"lifestyle, finance",False
e44b0,Male,23,18-24,United States,Sotoberg,news,False
fb161,Male,16,16-17,United States,Reyesland,"news, finance",False
d91b1,Male,31,25-34,Japan,Port Amber,"fashion, gaming, sports",False
43538,Other,32,25-34,Canada,South Garychester,"sports, fashion",False
37c04,Other,29,25-34,United Kingdom,Clarkland,"fitness, health, news",False
4eb7d,Male,22,18-24,United States,South Jennifershire,"finance, art",False
b070c,Male,23,18-24,United States,East Jeffreyshire,gaming,False
c3a36,Female,28,25-34,Mexico,South Erikaland,"sports, lifestyle, art",False
68a1d,Other,26,25-34,United States,East Michael,lifestyle,False
6fa4c,Female,30,25-34,United States,Leeburgh,fashion,False
6560a,Male,22,18-24,Canada,Stevenview,"art, lifestyle",False
831b1,Male,21,18-24,Canada,East Michellebury,"fitness, fashion",False
4fa02,Male,16,16-17,Japan,Caldwellton,"sports, news",False
695c6,Female,28,25-34,Germany,Jeffreyshire,"gaming, finance, news",False
6c667,Other,28,25-34,United Kingdom,Port William,fashion,False
1ce18,Other,32,25-34,Brazil,Lake Tyler,"finance, travel",False
5dda4,Female,18,18-24,United Kingdom,Johnsonchester,"sports, fitness",False
ae9bd,Female,39,35-44,United Kingdom,South Leahtown,"food, sports",False
12e9a,Female,39,35-44,United States,Rachelburgh,"fitness, travel, sports",False
d1c55,Male,28,25-34,India,Marshallberg,"news, art, lifestyle",False
104cb,Female,16,16-17,Brazil,Mooreburgh,"fashion, food, travel",False
2184c,Female,38,35-44,France,Kirbyland,fashion,False
8917d,Male,24,18-24,Mexico,Christinamouth,photography,False
2327f,Female,25,25-34,United Kingdom,Garyburgh,art,False
6017c,Female,20,18-24,United Kingdom,Vincentville,"finance, news",False
4fe32,Male,26,25-34,India,East Anthonyfurt,"fashion, health",False
c8f01,Male,31,25-34,Germany,South Stephenburgh,fashion,False
bb752,Female,19,18-24,India,North Sarah,"travel, sports",False
5e604,Female,17,16-17,United States,North Beverly,"technology, art, gaming",False
cbfb9,Male,25,25-34,United Kingdom,New Gina,technology,False
da640,Female,26,25-34,Brazil,Lake Lindseymouth,"gaming, technology, fitness",False
a9266,Male,29,25-34,Germany,South Kevin,travel,False
f30d3,Female,33,25-34,Canada,Jonesburgh,"travel, lifestyle, photography",False
6db7e,Male,37,35-44,Mexico,Hullbury,travel,False
22b4d,Female,30,25-34,United States,South Wendy,"fitness, gaming, technology",False
b94af,Female,24,18-24,United States,Bowersville,"fitness, travel, gaming",False
c907d,Male,22,18-24,Canada,New Cheyenne,finance,False
14b4f,Female,16,16-17,United States,Jamesborough,health,False
8fc99,Female,25,25-34,United Kingdom,Stevensburgh,sports,False
42d17,Female,33,25-34,Australia,Kellistad,sports,False
88bee,Male,33,25-34,Germany,West Valerie,"food, photography",False
973c2,Male,24,18-24,United States,South Joelville,"art, travel",False
c5d9b,Male,31,25-34,India,Sharonmouth,"photography, news, fitness",False
fe7d9,Female,28,25-34,Australia,Pearsonport,technology,False
9e8b3,Male,30,25-34,Canada,Josephfort,lifestyle,False
2f06a,Male,16,16-17,Germany,Loveside,food,False
f963a,Male,19,18-24,Australia,Robertborough,"news, fitness",False
5197c,Female,16,16-17,United States,Grahamtown,travel,False
3c595,Female,26,25-34,Canada,Bradleyborough,"fashion, sports",False
6ce1f,Male,21,18-24,India,Kathrynfort,travel,False
80abb,Female,21,18-24,Brazil,North Alexis,"lifestyle, health, gaming",False
ac346,Male,35,35-44,Mexico,Francomouth,technology,False
a3bec,Male,27,25-34,Australia,Anthonyton,"technology, lifestyle, photography",False
00d58,Female,17,16-17,United Kingdom,Lake Royview,"fashion, food, finance",False
ba71e,Other,23,18-24,United States,Port Daniel,photography,False
60cc6,Other,65,55-65,Germany,New Elizabethstad,"photography, technology",False
43cc0,Male,24,18-24,United Kingdom,South Veronica,"news, lifestyle, art",False
4f27d,Male,23,18-24,United States,North Rachael,"photography, sports, health",False
68f1a,Male,58,55-65,United Kingdom,Robinsonberg,"finance, lifestyle",False
f6be3,Male,44,35-44,Canada,Lake Ashley,"sports, food",False
da149,Female,29,25-34,India,Whiteport,technology,False
27650,Male,20,18-24,United States,Port Robin,photography,False
af271,Male,26,25-34,United Kingdom,Brandonport,"health, finance",False
25732,Male,36,35-44,Australia,Andersonshire,fitness,False
f197e,Male,23,18-24,Canada,Williamshire,art,False
b5a0a,Female,33,25-34,Australia,Aaronside,"art, health",False
06a01,Male,31,25-34,United Kingdom,North Brittany,"fitness, lifestyle",False
ff13d,Male,36,35-44,Canada,West Jamesside,gaming,False
decc3,Male,25,25-34,United States,New Trevorside,fashion,False
ebdb7,Female,32,25-34,United Kingdom,Wellstown,"gaming, finance, fashion",False
d0326,Female,31,25-34,United States,Martinmouth,"art, fitness, technology",False
2c56b,Other,39,35-44,Brazil,South Lisahaven,news,False
4d19f,Female,18,18-24,Australia,Davisfurt,"sports, health",False
05f1d,Male,27,25-34,Canada,North Alexander,"food, news, art",False
0b8c2,Male,27,25-34,Canada,West Caroline,"art, technology",True
33617,Female,36,35-44,United Kingdom,Dwaynestad,"fashion, technology, lifestyle",False
5ef8f,Male,31,25-34,United States,Christopherhaven,"sports, news",False
3263b,Other,22,18-24,United States,East Anthony,"news, food",False
9b48b,Male,16,16-17,Brazil,Lake Robert,technology,False
4c814,Male,46,45-54,United Kingdom,Katelynshire,travel,False
99781,Female,27,25-34,Australia,Mcphersonhaven,fitness,False
871cf,Female,21,18-24,United States,Kennethmouth,"gaming, finance, photography",False
e95a9,Female,22,18-24,United Kingdom,Jorgemouth,"gaming, sports, technology",False
70276,Female,43,35-44,United Kingdom,North Christina,"photography, finance",False
e9181,Male,21,18-24,United States,Sarahtown,travel,False
c61da,Female,32,25-34,United States,Darlenechester,fitness,False
30d2f,Male,44,35-44,United States,South Jeannefurt,technology,False
47824,Male,41,35-44,United Kingdom,Amandaborough,art,True
324bf,Female,32,25-34,Australia,Frostberg,"lifestyle, gaming, travel",True
4d89f,Male,23,18-24,United States,Ellisfurt,"technology, finance",False
84ad1,Male,20,18-24,United Kingdom,New Jennifer,"technology, sports",False
e4e7b,Male,32,25-34,United States,Hollyberg,finance,False
45a10,Other,19,18-24,Australia,Daughertyshire,photography,False
4a172,Male,24,18-24,United Kingdom,Trevorstad,"art, news, lifestyle",False
f90a2,Female,28,25-34,Brazil,West Juan,"sports, finance, travel",False
3bbca,Male,44,35-44,United Kingdom,Sanchezville,"lifestyle, food",False
efc44,Male,16,16-17,United States,New Krista,news,False
19514,Female,38,35-44,Canada,New Ryanbury,"fitness, food",False
07121,Female,27,25-34,Canada,West Javier,"finance, sports",False
2b28c,Male,41,35-44,Mexico,Mckeeburgh,fitness,False
3ed5a,Female,33,25-34,United States,Michaelland,travel,False
86d6b,Male,19,18-24,Germany,Lake Kimberly,"gaming, technology, photography",False
a4b97,Male,22,18-24,Brazil,Jacksonchester,"news, fitness, art",False
5a61b,Male,18,18-24,India,Jeremyborough,"health, technology, lifestyle",False
e32d5,Male,39,35-44,Canada,East Tony,sports,False
d7cdb,Female,27,25-34,Australia,Adamsstad,lifestyle,False
22cb8,Female,21,18-24,Germany,Meganhaven,"art, lifestyle, finance",False
1f381,Male,31,25-34,United States,Port Alexandrashire,"food, technology, lifestyle",False
671cd,Male,38,35-44,United States,Maldonadostad,"finance, food",False
35763,Female,29,25-34,India,North Danielland,"finance, health, technology",False
b7fbc,Female,27,25-34,France,North Deborah,"fashion, photography",False
70d14,Other,19,18-24,United States,New Michaelchester,sports,False
8cd2c,Female,32,25-34,United States,Christinaside,health,False
278ec,Male,32,25-34,United States,Amandamouth,"finance, photography",False
a9054,Other,26,25-34,United Kingdom,Port Lisaland,"fashion, art",False
634f9,Female,35,35-44,Mexico,Simmonsland,"food, travel",False
f4a07,Other,27,25-34,United States,Stevenmouth,"travel, gaming, sports",False
cee99,Female,28,25-34,India,Port Michaelshire,technology,False
cb772,Male,31,25-34,United States,Bruceville,"sports, lifestyle",False
2a5ba,Male,51,45-54,Australia,North Elizabeth,fashion,False
a354d,Female,40,35-44,United States,Royland,"lifestyle, sports, news",False
e6d58,Female,18,18-24,United States,Matthewtown,"sports, food, finance",False
5b4cf,Female,16,16-17,United States,Lindashire,"lifestyle, travel",False
7ebbf,Male,26,25-34,United Kingdom,Jasontown,"art, photography, gaming",False
bbb51,Male,25,25-34,United States,North Hannahtown,"fitness, technology",False
1dfe8,Female,42,35-44,United States,Rodgersfort,"finance, art, fitness",False
29c35,Female,25,25-34,Germany,Port Kerri,"news, photography",False
ee783,Male,30,25-34,United Kingdom,South Debraton,"health, gaming, art",False
298e8,Male,44,35-44,United States,Mcgeefort,sports,False
5174d,Male,32,25-34,Brazil,South Heatherbury,gaming,False
c8539,Male,36,35-44,United States,New Janicemouth,technology,False
f562b,Male,29,25-34,United States,Shaunburgh,"fitness, art",False
99132,Male,19,18-24,Germany,South David,gaming,False
088d9,Female,20,18-24,Mexico,Youngview,"sports, gaming",False
7f1e1,Male,20,18-24,United Kingdom,Danielview,"sports, travel, photography",False
94ae8,Female,27,25-34,United Kingdom,North Howardfort,"news, gaming",False
13928,Male,32,25-34,United Kingdom,Port Ericfurt,travel,False
ca4eb,Male,32,25-34,Germany,Taylorfurt,"art, fashion",False
83027,Female,16,16-17,India,Evelynberg,"health, fitness, technology",False
b111f,Other,16,16-17,Japan,South Elizabeth,fitness,False
fc7a7,Female,25,25-34,United States,Port Spencer,"photography, news, lifestyle",False
db8d6,Other,24,18-24,United States,Waltersfurt,"lifestyle, finance, art",False
cac9c,Other,27,25-34,Canada,Pruittton,finance,False
547e6,Female,23,18-24,United Kingdom,Smithberg,"health, art, news",False
83de9,Other,22,18-24,United States,East Daniel,"fitness, travel, sports",False
34c99,Male,32,25-34,Germany,Lake Karen,health,False
01ad7,Female,22,18-24,Australia,Port Kentside,"fashion, art",False
fd47e,Male,33,25-34,France,Erinfort,sports,False
62bf8,Male,24,18-24,United Kingdom,North Rebecca,"photography, gaming",False
10936,Female,33,25-34,Canada,East Jacobfurt,"food, art",False
eb724,Male,25,25-34,United States,South Christina,finance,False
8c0af,Male,18,18-24,United States,Port Kelly,"food, sports, news",False
129cd,Female,22,18-24,France,Mckenzieside,news,False
1073f,Male,31,25-34,United States,Evansshire,sports,False
1324a,Other,31,25-34,Germany,Nicholsside,travel,False
73e30,Male,33,25-34,Canada,Waltersville,"art, photography",False
5c209,Male,34,25-34,India,Baileyburgh,food,False
b0c85,Male,33,25-34,India,East Jeremyville,"food, fashion, lifestyle",False
e2bb8,Female,38,35-44,Japan,Michaelhaven,photography,False
cd1ec,Male,16,16-17,United States,North Javierton,"travel, news, sports",False
070e3,Female,27,25-34,United States,Jenniferberg,fashion,False
e5ff4,Male,40,35-44,Mexico,East Dale,"gaming, sports",False
aa50a,Male,32,25-34,United Kingdom,South Mistyshire,"lifestyle, food",False
fe26c,Female,32,25-34,United States,West Danielchester,health,False
5bc4f,Female,24,18-24,United States,New Douglas,"food, fitness, lifestyle",False
953e8,Male,34,25-34,United States,Leonardfurt,photography,True
c97dd,Male,17,16-17,United States,Sullivanville,"fitness, finance, photography",False
d08c5,Male,35,35-44,Japan,New Cassandraport,technology,False
2017f,Male,21,18-24,United States,Jamesburgh,"travel, lifestyle, gaming",False
7280a,Female,28,25-34,India,South Gabriela,"technology, fashion",False
ea836,Male,46,45-54,United Kingdom,Smithchester,"travel, lifestyle",False
fe2a4,Male,32,25-34,Canada,East Phillip,"health, fashion, finance",False
5520d,Other,22,18-24,United States,North Jamesside,photography,False
82afd,Female,25,25-34,United Kingdom,New Maria,"sports, health",False
298ee,Other,24,18-24,United States,Lake Nancyfurt,"fashion, photography",False
2fddd,Male,32,25-34,Mexico,Lake Cristian,"photography, lifestyle",False
b6c8a,Male,21,18-24,Germany,West Tyler,news,False
2d934,Male,33,25-34,Mexico,Lloydshire,"finance, travel, photography",False
4a649,Male,16,16-17,Brazil,Brownfort,"fitness, fashion",False
7a95b,Male,23,18-24,United States,North Edwardmouth,"gaming, travel",False
50d25,Male,20,18-24,United States,New Jessica,"fashion, technology, travel",False
0fe7a,Other,39,35-44,United Kingdom,Matthewburgh,"gaming, travel",False
fef50,Male,24,18-24,Australia,North Amyton,news,False
12ca5,Male,25,25-34,United States,Aliciamouth,lifestyle,False
3f3a7,Male,26,25-34,India,Piercemouth,"photography, news, sports",False
69dbf,Female,38,35-44,Japan,East Angelica,news,False
f9c67,Female,30,25-34,United States,Meyersland,"photography, finance",False
01ca6,Male,37,35-44,United States,West Erika,"photography, food",False
c561c,Female,17,16-17,Japan,Lake Michael,"lifestyle, food",False
5de70,Male,26,25-34,United States,New Saraside,lifestyle,False
1b251,Male,45,45-54,United States,Lake Jessica,art,False
f6e4c,Male,32,25-34,United States,East Crystalville,"art, fashion, travel",False
38de1,Male,29,25-34,Canada,Ramirezport,"lifestyle, technology, gaming",False
12f67,Female,16,16-17,United States,West Wesley,"gaming, sports, travel",False
c9e58,Female,37,35-44,India,Rodriguezfort,fitness,False
23384,Male,24,18-24,Germany,Aprilbury,"health, lifestyle, finance",False
9c9c5,Female,16,16-17,Germany,West Richard,travel,False
df6d4,Male,27,25-34,Japan,New Kathychester,sports,False
c44e0,Female,19,18-24,United States,New Tara,"gaming, health, fashion",False
d3aca,Female,16,16-17,United States,New Sherrimouth,"news, sports, health",False
733a7,Male,18,18-24,United Kingdom,Port Kennethburgh,"health, art, fitness",False
76b76,Other,26,25-34,Japan,Morganburgh,"travel, lifestyle",False
9a76b,Male,26,25-34,Mexico,Deborahfort,"lifestyle, travel",False
7b07e,Male,16,16-17,United States,Douglasburgh,"photography, sports, fashion",False
0dcd3,Female,23,18-24,Germany,Lake Stevenview,finance,False
45c66,Male,30,25-34,United Kingdom,East Morgan,"food, news",False
95340,Male,39,35-44,India,West Christophertown,news,False
6256e,Male,25,25-34,India,Lake Edwardport,"health, gaming, finance",False
9e313,Male,35,35-44,Brazil,East Jenniferburgh,"health, lifestyle",False
2822c,Male,29,25-34,United States,South Laura,"lifestyle, fashion, finance",False
d54b0,Male,18,18-24,Canada,Heathchester,"travel, photography, fashion",False
1323b,Male,21,18-24,Canada,New Jacqueline,food,False
8e940,Female,48,45-54,Australia,Sosashire,fitness,False
f2fda,Other,33,25-34,United States,Carrieside,"photography, news",False
21c75,Male,36,35-44,Mexico,Lake Brandiside,"lifestyle, news, art",False
5a5ee,Male,23,18-24,United States,Shawstad,health,False
a5c1b,Male,25,25-34,Mexico,Stephenborough,"technology, photography, fashion",False
102c5,Male,24,18-24,France,Lake Jessica,"fitness, finance",False
638f3,Male,32,25-34,Australia,Brianstad,"lifestyle, finance, travel",False
bc20d,Female,21,18-24,Japan,North Dawnmouth,"finance, fashion, sports",False
3dddb,Male,30,25-34,Japan,Myerston,health,False
b36bd,Male,21,18-24,United States,Hughesville,"photography, art, lifestyle",False
da0fc,Male,22,18-24,United States,Samanthahaven,"gaming, travel, technology",False
e0b77,Female,22,18-24,United States,Kimberlyhaven,"fitness, technology, travel",False
1c8b3,Other,35,35-44,United States,Lake Allenborough,finance,False
5d0c8,Male,24,18-24,India,Lake Henryberg,"art, sports, news",False
5888e,Male,16,16-17,Germany,New Joshuaton,"sports, technology, health",False
9f760,Female,39,35-44,Canada,Markburgh,travel,False
5d974,Male,26,25-34,United States,Wadeview,news,False
ea29a,Female,29,25-34,United States,North Derekfurt,"art, finance, fashion",False
2a950,Male,31,25-34,United Kingdom,North Jasonfort,"news, art",False
a7e68,Male,29,25-34,Mexico,Underwoodbury,gaming,False
587ab,Male,20,18-24,United Kingdom,Mcgeehaven,fashion,False
da9cb,Female,25,25-34,Germany,North Christopher,"lifestyle, photography, travel",False
5e909,Male,24,18-24,Australia,North Ryanmouth,"fitness, finance",False
49fde,Female,22,18-24,United Kingdom,North Christopher,fitness,False
8d775,Other,21,18-24,United States,North Stephanieshire,"technology, news",False
24b2f,Male,18,18-24,United States,New Tara,health,False
5b174,Female,30,25-34,Canada,New Kariton,"fitness, photography, sports",False
348a2,Other,20,18-24,Australia,Garrettborough,fitness,False
18228,Male,24,18-24,France,Port Kevin,"fitness, lifestyle, gaming",False
46d04,Male,19,18-24,India,Cooperchester,"gaming, technology, fashion",False
38d13,Male,37,35-44,United States,North Dawn,gaming,False
fda87,Female,30,25-34,Germany,Lake Sharon,finance,False
e3517,Male,23,18-24,United States,South Brucemouth,"finance, technology, food",False
4325f,Male,31,25-34,United States,Melissabury,"technology, sports, travel",False
de647,Other,43,35-44,Canada,Maynardburgh,"food, gaming, art",False
a8fce,Male,34,25-34,Germany,Schmidtstad,"photography, technology",False
e1123,Male,32,25-34,India,Lake Maria,"sports, technology",False
1f7ba,Male,20,18-24,United States,Lucasport,"sports, news",False
73d7b,Female,27,25-34,United States,Lake Aaron,"finance, sports",False
da350,Male,22,18-24,India,South Laurenport,sports,False
72039,Male,43,35-44,United Kingdom,Kaitlynfurt,sports,False
c0af1,Female,48,45-54,Canada,Dianeside,"fashion, travel",False
c3512,Male,33,25-34,Germany,East Kim,finance,False
71534,Male,24,18-24,Mexico,Nguyenview,"sports, fashion, lifestyle",False
e6136,Male,16,16-17,Brazil,East Davidville,health,False
2a4b5,Female,20,18-24,Mexico,South Brianburgh,"fashion, technology",False
c867b,Male,39,35-44,India,Thompsonmouth,fashion,False
d54b4,Female,18,18-24,United Kingdom,Port Nicholas,"sports, fitness, finance",False
41d39,Male,25,25-34,United Kingdom,Esparzaburgh,health,False
94afa,Male,24,18-24,United Kingdom,Glennview,"finance, technology, health",False
44bdd,Female,42,35-44,United Kingdom,North Williamborough,"fitness, news, sports",False
7c498,Other,28,25-34,Australia,East Jasminstad,"fashion, technology, travel",False
bba5b,Female,35,35-44,India,Freemanshire,travel,False
c6fd2,Male,20,18-24,Australia,Williamston,"finance, art",False
27cda,Male,34,25-34,Australia,Jeremymouth,"technology, fitness, news",False
741f6,Male,18,18-24,Germany,Port Allisonside,photography,False
9260d,Male,20,18-24,Canada,Meganville,"food, lifestyle, news",False
4338a,Female,26,25-34,Brazil,Carrolltown,"art, news, travel",False
03ac9,Male,42,35-44,Mexico,New Katelynmouth,"photography, lifestyle, fashion",False
7b970,Female,36,35-44,India,Lake Loganburgh,"art, photography",False
d955d,Female,24,18-24,Australia,Whitechester,"fashion, finance",False
c35c3,Female,17,16-17,United Kingdom,Smithtown,"food, news, technology",False
769bc,Female,16,16-17,United Kingdom,Hutchinsonmouth,"gaming, fashion",False
d91a5,Male,16,16-17,United Kingdom,Karenfort,fashion,False
3dd3c,Male,24,18-24,United States,West Morganshire,"fashion, sports, health",False
dc806,Male,21,18-24,United Kingdom,Port Dawn,"fitness, gaming",False
eeb2e,Male,46,45-54,United Kingdom,Allisonmouth,"travel, sports",False
8ff8a,Male,33,25-34,United Kingdom,New Debra,"fitness, food",False
db724,Female,32,25-34,Australia,Robertfurt,"sports, fashion, photography",False
526e6,Female,53,45-54,United Kingdom,Lake Trevor,"lifestyle, news",False
333dc,Male,26,25-34,United States,Beckerhaven,"lifestyle, health",False
0683b,Male,32,25-34,France,East Justinchester,"travel, art, lifestyle",False
3b2fa,Female,31,25-34,United States,Ericmouth,"finance, fitness",False
8152e,Male,20,18-24,United States,North Williamborough,art,False
f8167,Male,16,16-17,India,New Edgarbury,"health, fitness, news",False
f78b8,Female,31,25-34,Mexico,Brianchester,"news, finance",False
77571,Female,23,18-24,India,North Jesusstad,health,False
9444a,Female,29,25-34,United Kingdom,Elijahstad,food,False
9c676,Male,25,25-34,Japan,West Elijah,"lifestyle, food, gaming",False
9a781,Female,26,25-34,Australia,North Christopher,gaming,False
d8627,Male,16,16-17,Australia,Port John,"fashion, sports",False
fca8f,Male,28,25-34,India,East Charlesland,"art, food, news",False
5f24e,Female,20,18-24,Brazil,South Brittneyborough,food,False
45bbb,Female,18,18-24,Germany,Donaldborough,technology,False
1b718,Female,18,18-24,United States,Lake Kennethstad,food,False
ebb43,Male,26,25-34,United States,Oconnorchester,"finance, technology, gaming",False
d1168,Male,16,16-17,United States,Garcialand,news,False
286e6,Male,36,35-44,Germany,Pierceville,"finance, sports",False
84668,Male,56,55-65,Germany,Lake Adam,"travel, art",False
bd425,Male,30,25-34,Australia,Diazland,travel,False
8213b,Female,29,25-34,United States,New Joshuaton,lifestyle,False
ae70a,Male,44,35-44,India,Lisaland,"gaming, finance",False
bcb00,Male,42,35-44,France,West John,fitness,False
7eed2,Male,28,25-34,Mexico,Jamesmouth,"food, fitness, health",False
d02aa,Female,22,18-24,United Kingdom,New James,"fitness, gaming, technology",False
df44c,Male,32,25-34,United States,New Jasonborough,sports,False
d43a6,Female,20,18-24,Mexico,East Robert,"sports, travel, health",False
2adea,Male,25,25-34,United States,Lake Michael,technology,False
16ad7,Female,37,35-44,United States,Judyside,gaming,False
6af5a,Other,17,16-17,Japan,Lake Eddie,travel,False
c9e9e,Male,20,18-24,Germany,Sanfordport,"lifestyle, technology",False
fe426,Male,27,25-34,Brazil,Shariburgh,"gaming, lifestyle, photography",False
053c5,Male,33,25-34,Germany,Lake Williamville,"gaming, food, technology",False
96b52,Male,39,35-44,Australia,Lake Theresabury,"lifestyle, finance, fashion",False
9c545,Female,17,16-17,Brazil,Harthaven,"gaming, lifestyle",False
a00ce,Female,23,18-24,Canada,Smallhaven,food,False
70384,Female,36,35-44,United Kingdom,Vanessachester,"fashion, news, photography",False
0f602,Female,16,16-17,France,North Lisa,sports,False
235e5,Male,30,25-34,United States,Evelynside,finance,False
04fc9,Female,18,18-24,Australia,Lake Mark,"technology, photography, sports",False
368a5,Female,29,25-34,United Kingdom,Victorville,lifestyle,False
05b05,Male,44,35-44,United Kingdom,Meganside,"sports, fitness",False
ca28d,Male,40,35-44,United States,Lake Margaretberg,"food, finance",False
6d6a8,Male,20,18-24,United States,New Susan,"art, fashion, news",False
4f238,Female,29,25-34,Germany,New Catherine,food,False
077f8,Female,28,25-34,United States,New Amyburgh,"travel, art",False
91c44,Other,27,25-34,United States,South Tammy,"gaming, art",False
8e6f6,Male,21,18-24,United States,Lake Angelastad,"art, sports",False
fba06,Female,22,18-24,Brazil,Maryton,"finance, art, sports",False
e18da,Female,26,25-34,Germany,Dannyborough,fitness,False
7f6c9,Other,28,25-34,United States,Thomasport,"food, photography, sports",False
f88f8,Male,41,35-44,United Kingdom,North Terri,technology,False
e09d6,Male,27,25-34,Australia,Port Joseph,"finance, gaming, fitness",False
c0bf2,Male,23,18-24,Canada,Fostermouth,technology,False
68e46,Male,20,18-24,France,Johnsonberg,"travel, photography, health",False
197d6,Male,18,18-24,United States,North Timothy,photography,False
0fe19,Male,29,25-34,United States,New Crystal,"fashion, photography",False
a1f60,Male,41,35-44,United Kingdom,North Jonathanstad,"lifestyle, fitness, news",False
63429,Male,23,18-24,France,South Robert,"photography, fashion, travel",False
56fa5,Female,35,35-44,India,Lake Andrewmouth,"news, art, food",False
7b89d,Female,23,18-24,France,Andersonport,"food, fitness",False
75c2e,Male,24,18-24,United States,Jacobmouth,travel,False
534da,Other,25,25-34,United States,West Kimberly,"food, technology",False
4c404,Female,29,25-34,Germany,Lake Jennifer,food,False
78c7f,Male,29,25-34,United Kingdom,Whitakerview,"food, art, lifestyle",False
45ed2,Other,37,35-44,United States,Lake Kristopher,"travel, fitness, health",False
b7fb8,Male,20,18-24,Australia,Kathleenmouth,"health, finance, sports",False
d9ec5,Male,23,18-24,France,Hawkinsborough,"health, technology",False
ecece,Female,22,18-24,United States,North Thomasmouth,food,False
e30bf,Male,33,25-34,Mexico,Murphymouth,"travel, photography",False
35370,Female,30,25-34,United States,Cruztown,"gaming, health",False
eff5e,Other,26,25-34,United States,Port Christopherport,"photography, food",False
c83fe,Female,30,25-34,Canada,Lake Jeremyburgh,"technology, finance",False
ccbe3,Male,21,18-24,Japan,Williamton,"art, photography",False
fff7c,Male,33,25-34,United States,South Cynthiashire,lifestyle,False
7ef92,Female,21,18-24,United States,Robinsonville,sports,False
2afec,Male,20,18-24,United States,Isaacside,"art, lifestyle",False
ffc34,Male,20,18-24,United Kingdom,Port Anthonychester,"art, sports",False
1c463,Female,20,18-24,Canada,Matahaven,"news, fashion, sports",False
8f24f,Male,36,35-44,Germany,Deannaland,"fitness, finance, sports",False
7107f,Male,32,25-34,United Kingdom,East Sara,"travel, fashion, technology",False
20138,Male,27,25-34,India,Gonzalezside,"news, gaming, health",False
21757,Male,44,35-44,United States,Melissamouth,gaming,False
f68c7,Female,29,25-34,United States,Gregoryview,"fashion, health, lifestyle",False
11fa4,Other,20,18-24,France,Port Dianebury,"food, fashion",False
4b396,Female,29,25-34,United States,Kristastad,"news, art, finance",False
c7d02,Male,16,16-17,India,North Cynthiachester,"fashion, health, technology",False
53470,Male,20,18-24,United States,East Tylerside,"technology, photography, gaming",False
27fba,Other,25,25-34,France,East Troychester,news,False
0d9f5,Female,16,16-17,United States,South Charles,"sports, art, fashion",False
406c1,Other,29,25-34,United States,South Margaret,"gaming, travel",False
09a07,Female,35,35-44,Germany,New Christopherchester,"finance, photography, fitness",False
794cd,Female,20,18-24,United Kingdom,Gregoryfort,lifestyle,False
6e48b,Female,31,25-34,United States,Adammouth,"technology, gaming, lifestyle",False
770b9,Male,16,16-17,Germany,North Suzannehaven,"food, sports",False
1d0f3,Male,31,25-34,United States,Christophertown,"travel, sports, art",False
76dff,Female,30,25-34,Brazil,Pierceview,"gaming, technology",False
59a58,Other,24,18-24,Brazil,Brookshaven,art,False
c0f03,Male,23,18-24,Mexico,East Rodney,"art, news, fashion",False
b0986,Female,22,18-24,Germany,Port Timothy,"lifestyle, travel, finance",False
ff64f,Male,33,25-34,France,South Shannon,"travel, photography",False
8eebb,Female,19,18-24,United States,Millerport,"health, photography",False
a71e8,Female,16,16-17,India,Lake Denise,fitness,False
da109,Male,36,35-44,Canada,North Rachelmouth,"finance, health",False
40152,Female,22,18-24,Australia,Johnsonville,art,False
734c4,Female,26,25-34,Mexico,South Sara,"gaming, fitness",False
66e78,Male,25,25-34,Canada,Valenciamouth,fashion,False
50a37,Male,35,35-44,Japan,Debraborough,fitness,False
0205d,Male,31,25-34,United States,Lake Garrettshire,health,False
64f8a,Male,40,35-44,Germany,Dianafurt,"gaming, fitness, art",False
580e3,Male,29,25-34,Canada,East Amber,finance,False
1a2ec,Female,29,25-34,United States,Lake Caitlinchester,"finance, photography",False
4b868,Male,33,25-34,Mexico,Lake David,"fitness, photography",False
42792,Male,18,18-24,United Kingdom,Tonyberg,fitness,False
6e475,Female,29,25-34,United Kingdom,Port Laura,food,False
2e305,Female,28,25-34,India,Vanessaton,"food, photography",False
df6e5,Male,19,18-24,United States,East Stephenside,"sports, art",False
dd8e1,Male,38,35-44,United States,North Kristin,"photography, art",False
bd740,Female,28,25-34,United States,Stacyton,"news, fitness, art",False
2b498,Other,29,25-34,United States,Lake Angela,"photography, lifestyle",False
b698d,Other,26,25-34,Australia,Cortezshire,"fitness, art, food",False
e0b68,Male,32,25-34,United States,Port Ashley,"news, art",False
b762c,Male,29,25-34,United States,Port James,"finance, photography, news",False
f437d,Male,24,18-24,Brazil,New Steven,"lifestyle, sports, technology",False
d687a,Other,21,18-24,Japan,West Savannahland,"photography, travel, health",False
6d2c5,Female,27,25-34,Mexico,Katherinefurt,food,False
20e61,Male,29,25-34,United Kingdom,Davidberg,food,False
256f9,Male,22,18-24,Canada,Myersburgh,photography,False
b5864,Male,16,16-17,Germany,New Christopher,"photography, technology, sports",False
560b1,Male,29,25-34,Germany,West Jennifer,fashion,False
950a2,Male,26,25-34,Mexico,Nielsenstad,gaming,False
56ab5,Other,20,18-24,United Kingdom,Deniseland,"finance, food",False
e6b12,Male,30,25-34,Canada,Georgeport,"art, gaming",False
0faad,Female,34,25-34,India,Deanfurt,fashion,False
922fd,Male,25,25-34,United States,Phillipston,lifestyle,False
f311e,Female,18,18-24,Mexico,Lake Nancy,food,False
2749a,Female,26,25-34,Brazil,Lake Patrickton,"travel, fitness",False
6a4bd,Male,46,45-54,India,South Dawn,"food, lifestyle, news",False
c0a03,Male,33,25-34,Germany,Glovershire,"food, photography",False
c4133,Male,27,25-34,Germany,Lake Nathan,"technology, fitness, news",False
7d6ff,Male,27,25-34,Canada,Jenniferland,gaming,False
23ee4,Male,17,16-17,United States,Lake David,"health, technology, sports",False
0e259,Female,23,18-24,Japan,New Ann,art,False
208a0,Male,21,18-24,Canada,Christinaburgh,"travel, photography, lifestyle",False
1e2b5,Other,32,25-34,Australia,Collinsview,"technology, art",False
5d93c,Male,25,25-34,United States,Rachelside,"fashion, sports, technology",False
26704,Male,16,16-17,Germany,North Taylor,"gaming, fitness",False
e88c9,Female,21,18-24,United States,New Vincentfurt,fitness,False
f7858,Female,49,45-54,United States,East Dorothy,art,False
77b0c,Female,24,18-24,Germany,Seanland,"food, photography, technology",False
b41fd,Male,18,18-24,United Kingdom,South Pamelaton,sports,False
919ee,Female,26,25-34,United States,West Andrew,travel,False
b77bc,Male,22,18-24,Canada,Robinfort,"photography, lifestyle, food",False
67016,Male,23,18-24,India,West Ryan,"fitness, travel, technology",False
ec8d3,Other,24,18-24,United States,Lake Adam,"technology, fashion, lifestyle",False
5c28c,Male,49,45-54,Mexico,East Tracy,"news, finance",False
aa250,Other,26,25-34,India,Millerville,"gaming, finance, photography",False
cb18d,Female,32,25-34,Canada,New Mark,health,False
8da3e,Other,22,18-24,Canada,Lake Stephen,"fitness, gaming, news",False
60f40,Male,25,25-34,United Kingdom,West Eric,"fashion, photography, technology",False
739fc,Male,42,35-44,United States,South Jessica,"health, art, fashion",False
2cccd,Male,16,16-17,United Kingdom,North Saramouth,"photography, fashion, lifestyle",False
854a7,Female,16,16-17,United Kingdom,East Melissaborough,art,False
b7f9b,Male,52,45-54,Brazil,North Howardmouth,fashion,False
d758e,Male,35,35-44,Japan,North David,"sports, fashion, gaming",False
50749,Male,28,25-34,Germany,Hortonhaven,photography,False
6541f,Female,38,35-44,United States,Saratown,news,False
75b51,Other,23,18-24,United Kingdom,Heatherview,"gaming, food, technology",False
e7b88,Male,40,35-44,India,East Tiffany,news,False
a8d28,Male,41,35-44,United States,Greeneland,"art, photography",False
62675,Female,27,25-34,United States,Lake Joshuaborough,health,False
734fd,Other,34,25-34,United States,Brettfurt,"fitness, lifestyle, finance",False
d1a82,Male,19,18-24,Germany,Garciaborough,"lifestyle, news, food",False
3b4ee,Female,28,25-34,United Kingdom,South Brenda,art,False
01029,Male,29,25-34,United States,Port Michael,"finance, technology, gaming",False
57a25,Male,16,16-17,Brazil,Smithtown,"fitness, travel",False
f01ae,Female,35,35-44,Mexico,Alvarezshire,fitness,False
579b3,Male,28,25-34,Canada,North William,"photography, art, sports",False
fd4d8,Male,19,18-24,United States,East Michael,"travel, photography",False
087f2,Male,23,18-24,India,Cynthiashire,health,False
a6bca,Other,17,16-17,Australia,Adamchester,food,False
727ec,Male,30,25-34,Brazil,Holmesbury,art,False
45931,Male,38,35-44,United Kingdom,Port Andrewborough,gaming,False
42574,Female,19,18-24,Canada,West Julieton,gaming,False
46188,Male,16,16-17,United States,Ericborough,"photography, news",False
7d760,Female,30,25-34,Japan,Alexandershire,gaming,False
6ea21,Female,27,25-34,Brazil,Alanmouth,"fitness, travel",False
f2279,Male,28,25-34,Brazil,Anthonychester,photography,False
098d9,Male,16,16-17,United Kingdom,Port Randy,"fitness, news",False
87439,Male,17,16-17,Brazil,Huffmanshire,"fashion, news",False
7b78f,Male,40,35-44,Australia,Taylormouth,"fashion, fitness",False
fe92e,Male,26,25-34,Japan,Port Brianburgh,"finance, sports",False
f49e6,Female,25,25-34,United States,Haydenberg,"fitness, sports, finance",False
10f0d,Other,30,25-34,United States,Port Lisamouth,"fitness, news, technology",False
dc09d,Female,22,18-24,United Kingdom,New Kennethstad,technology,False
780b7,Male,28,25-34,Australia,Kimberlyberg,"sports, fitness",False
16352,Male,24,18-24,United Kingdom,North Amber,news,False
2ce19,Other,44,35-44,Japan,Lake Benjamin,"fitness, fashion",False
afc3d,Male,26,25-34,United States,East Hannah,"lifestyle, fitness, health",False
c60a8,Male,21,18-24,United States,Dorseyfurt,"lifestyle, food",False
2b4b0,Male,55,55-65,United States,Mallorymouth,"art, photography",False
0bb06,Female,25,25-34,United Kingdom,Booneside,fashion,False
d9280,Male,27,25-34,Japan,Zacharybury,"technology, lifestyle, gaming",False
802de,Female,47,45-54,United States,North Lori,"art, photography",False
2cc94,Female,17,16-17,India,Tonyside,finance,False
676ff,Male,32,25-34,India,Blackburnport,food,False
94458,Female,16,16-17,India,South Victor,"gaming, travel, fashion",False
0f30e,Female,20,18-24,United Kingdom,New Matthewborough,"gaming, news, health",False
2c80b,Male,28,25-34,France,Bobbyshire,"gaming, photography",False
9a93d,Male,21,18-24,United States,Deannahaven,"fitness, finance",False
2abc2,Male,29,25-34,United States,New Katherineview,"technology, photography",False
bb5f2,Male,53,45-54,United States,Elizabethtown,"gaming, technology",False
297bb,Male,29,25-34,United States,Aprilshire,"travel, technology, health",False
67f2d,Male,28,25-34,United States,North Emily,"fashion, gaming, technology",False
c3fb9,Male,20,18-24,United States,East Mike,"fashion, news",False
73018,Male,34,25-34,Australia,Carlosfort,"technology, gaming, art",False
e44df,Male,25,25-34,Canada,Evanschester,fitness,False
775f9,Male,19,18-24,Japan,East Feliciaport,"food, travel, sports",False
d1979,Male,29,25-34,Canada,New Joshua,"fitness, travel, gaming",False
ec353,Male,32,25-34,India,South Frankbury,"news, finance",False
b4ae0,Male,16,16-17,United Kingdom,Haleborough,"sports, finance, technology",False
9244c,Other,24,18-24,Australia,Robertsmouth,news,False
e56e8,Male,24,18-24,United States,Jesusside,art,False
54451,Male,23,18-24,United States,South Gregory,"finance, sports",False
e66d0,Male,26,25-34,Brazil,Dunnchester,photography,False
13988,Female,32,25-34,Brazil,Port Brendanmouth,fashion,False
96a4c,Male,38,35-44,Canada,East Jessica,"travel, food, health",False
b7f9d,Male,19,18-24,United States,New Gabrielfort,"art, food",False
babd5,Male,37,35-44,Australia,Erikatown,travel,False
b75c9,Male,35,35-44,United States,New Abigailtown,"fashion, food",False
d2ac1,Male,44,35-44,Mexico,East Jessica,"travel, fashion, finance",False
d1fc5,Male,25,25-34,United Kingdom,Port Devin,travel,False
c1b96,Male,25,25-34,United States,East Josephburgh,fashion,False
25562,Male,32,25-34,United Kingdom,Michelleland,art,False
be2b4,Other,17,16-17,Australia,New Amyport,news,False
ddea7,Male,30,25-34,United Kingdom,Beckertown,lifestyle,False
bd6bb,Male,23,18-24,United Kingdom,North Dylan,lifestyle,False
464c4,Male,39,35-44,United States,North Laurenstad,"art, finance, fitness",False
7eb39,Male,45,45-54,United States,South Brianport,fashion,False
27713,Male,32,25-34,Japan,Port Williamtown,"technology, art",False
6ca47,Female,22,18-24,Canada,East Jacquelinemouth,sports,False
fc1f8,Other,19,18-24,United Kingdom,Jacksonbury,"food, gaming, lifestyle",False
ea4df,Male,37,35-44,United States,Port Robertside,fitness,False
304cd,Male,24,18-24,Germany,Anthonyfurt,"fitness, health, sports",False
8889c,Male,28,25-34,United Kingdom,New Cindy,"finance, art",False
5253f,Male,17,16-17,Australia,South Lisa,"technology, fashion, art",False
29452,Male,18,18-24,United States,West Jennifer,fashion,False
41c11,Male,25,25-34,United States,Ortegahaven,"lifestyle, health, finance",False
8fe40,Female,28,25-34,United States,Jeffbury,sports,False
dbc1e,Female,28,25-34,France,Lake Crystalchester,"news, finance, food",False
a8df8,Male,24,18-24,United Kingdom,Lake Seanburgh,"finance, technology, gaming",False
fd3ab,Female,24,18-24,Canada,North Scottburgh,"sports, art",False
7aa47,Male,19,18-24,Australia,South Stephen,fitness,False
7aeaa,Female,32,25-34,United Kingdom,Lake Tammyport,news,False
66d2f,Other,24,18-24,United States,Briannaport,food,False
3b59f,Male,18,18-24,United Kingdom,Aliciafort,"health, fashion",False
1eefe,Male,20,18-24,Japan,East Shaneberg,"fashion, gaming, photography",False
ba3a8,Other,24,18-24,United States,Waynetown,art,False
754ea,Female,22,18-24,Germany,Westfurt,travel,False
ef248,Male,28,25-34,United States,Hunterport,"fitness, fashion",False
362ab,Male,33,25-34,United States,Jeffreyview,photography,False
eaf61,Male,34,25-34,Germany,Wendymouth,fitness,False
6c30f,Female,31,25-34,United Kingdom,Stevenhaven,"gaming, fashion, finance",False
9b09f,Female,16,16-17,United Kingdom,New John,"gaming, lifestyle",False
f47ee,Female,24,18-24,United States,Lake Angelaport,"photography, sports",False
76736,Male,29,25-34,United States,Mcbridehaven,"food, lifestyle",False
4146a,Female,29,25-34,Germany,Mossville,"health, art",False
2bcde,Female,36,35-44,France,East Michael,"gaming, fitness",False
a033a,Female,19,18-24,Canada,Port Laura,photography,False
65ec8,Other,16,16-17,United States,Gonzalezmouth,art,False
12e01,Male,38,35-44,Canada,New Roberto,"fashion, news",False
e4a43,Male,45,45-54,United States,New Hannahstad,"technology, fashion",False
0b1b4,Female,26,25-34,Brazil,Jessicahaven,"technology, travel, photography",False
91d10,Female,20,18-24,United States,Davishaven,"fashion, gaming, fitness",False
b13b5,Male,29,25-34,Australia,Paceview,"gaming, fitness, art",False
189fd,Male,21,18-24,Canada,Carolynhaven,"photography, sports, travel",False
922d4,Male,30,25-34,Mexico,Craigstad,technology,False
f7629,Female,30,25-34,United States,West Shawnaport,travel,False
935c6,Female,33,25-34,India,Nicholasshire,"gaming, photography",False
f9e36,Male,17,16-17,India,West James,"photography, art, travel",False
99523,Female,17,16-17,United States,Ashleyland,food,False
aae9b,Male,16,16-17,India,Port Samantha,"fitness, technology, gaming",False
baf66,Female,25,25-34,United States,West Jose,"travel, finance",False
6102b,Female,27,25-34,Australia,Sarafort,"fashion, fitness",True
42c47,Male,24,18-24,Australia,Leport,"health, finance, gaming",False
a1c84,Female,26,25-34,United States,Allenland,"fashion, technology, travel",False
2eae9,Male,28,25-34,Germany,New Ariana,"gaming, finance, technology",False
33fdf,Other,34,25-34,Canada,West Ricardotown,lifestyle,False
c361b,Male,17,16-17,United Kingdom,New Bonnie,"travel, sports",False
38be1,Other,28,25-34,Australia,Georgeville,"travel, food",False
a618b,Male,46,45-54,Germany,South Gabriel,"sports, gaming, photography",False
730c8,Female,23,18-24,India,Grantberg,"sports, lifestyle",False
26d89,Female,39,35-44,Australia,New Michaelstad,food,False
65e0a,Male,50,45-54,Australia,Michaelbury,food,False
f867e,Male,26,25-34,United States,Steventon,"art, finance, fashion",False
feda5,Other,18,18-24,France,East Stephanie,"finance, food, fitness",False
29cbc,Male,32,25-34,United States,Browntown,gaming,False
a1a42,Male,48,45-54,Germany,Andrewsport,food,False
35311,Female,22,18-24,Japan,Danielleburgh,"health, travel, lifestyle",False
69029,Female,22,18-24,Germany,Connerside,"art, fashion, food",False
40ca5,Male,33,25-34,United Kingdom,Phillipland,fashion,False
87ddd,Other,33,25-34,United States,Smithmouth,health,False
9eba1,Female,29,25-34,Australia,South Brianchester,gaming,False
9de44,Male,24,18-24,United States,West Briannafort,"food, fashion, photography",False
ebab5,Male,19,18-24,Germany,South Joshuaborough,"gaming, lifestyle, art",False
6708e,Male,27,25-34,Germany,Pecktown,"sports, food, fashion",False
a7f01,Female,19,18-24,United States,South Jessemouth,lifestyle,False
92ee3,Female,16,16-17,United States,Kimberlyville,"sports, gaming, travel",False
dc29b,Other,23,18-24,Australia,Lake Davidchester,"fitness, sports, fashion",False
43af4,Female,32,25-34,Japan,Vargaston,"travel, art",False
bc3d5,Male,24,18-24,United States,Jamesmouth,"gaming, travel, fitness",False
6d48d,Male,23,18-24,United States,West Brad,finance,False
627fd,Male,16,16-17,United States,Lake Staceyfurt,"fitness, travel, food",False
23d93,Male,17,16-17,United States,Port Amberhaven,gaming,False
6a20d,Male,37,35-44,India,East Matthew,"travel, photography",False
8941f,Male,17,16-17,United Kingdom,New Jason,"photography, travel, lifestyle",False
26f3d,Male,23,18-24,Canada,North Timothymouth,"food, gaming",False
c6821,Female,28,25-34,Brazil,East Jameschester,"fashion, technology, news",False
e1880,Male,32,25-34,United States,Jenniferberg,art,False
aea5c,Male,33,25-34,Brazil,Sarahville,art,False
f96db,Female,16,16-17,Canada,Dunnchester,"health, sports, photography",False
d528a,Other,22,18-24,India,Port Melissa,"travel, fitness, art",False
8dc0e,Male,28,25-34,United States,Colleenside,technology,False
eaff7,Female,18,18-24,India,Port Richardburgh,"fashion, news, travel",False
3ddf7,Other,38,35-44,Germany,Port Joel,"sports, technology, art",False
49ccf,Male,19,18-24,Brazil,West Erika,"art, travel, news",False
ae015,Male,35,35-44,United States,Benjamintown,photography,False
d7c74,Female,35,35-44,Australia,South Louis,news,False
e91b6,Male,29,25-34,Brazil,East Carrieshire,"travel, news",False
55830,Male,27,25-34,United States,South Roberttown,fitness,False
6a3fd,Other,29,25-34,United States,New Victoria,finance,False
cdd3b,Male,42,35-44,Australia,New Joseshire,"photography, sports",False
df8dc,Female,41,35-44,India,South Mirandaview,"technology, gaming, fitness",False
ce3fc,Male,28,25-34,Australia,Portermouth,sports,True
7f1ef,Male,21,18-24,United States,Yolandashire,"fitness, finance, food",False
c8b4e,Female,17,16-17,Canada,Johnstad,"fashion, technology",False
61a29,Female,37,35-44,United Kingdom,Knightstad,art,False
8b048,Female,30,25-34,Mexico,New Kevinville,"health, photography",False
f19a7,Female,21,18-24,United States,West Loretta,"food, fashion",False
21e16,Male,28,25-34,United States,East Stephenmouth,"gaming, fashion",False
db613,Male,24,18-24,Germany,North Belinda,gaming,False
9c071,Male,22,18-24,United States,Davidfort,"news, photography",False
fadf4,Male,19,18-24,United States,South Stevenburgh,"photography, sports, lifestyle",False
7d000,Female,30,25-34,United States,Lake Tyler,"finance, news, fitness",False
8e5b3,Male,26,25-34,India,South Lorraineton,travel,False
43f57,Male,30,25-34,Canada,South Roberthaven,"technology, fashion, photography",False
fe040,Male,22,18-24,Canada,Joeport,fitness,False
21098,Female,33,25-34,India,South Alanville,fitness,False
6f62a,Other,22,18-24,Australia,New Ryan,fitness,False
8d5d8,Male,23,18-24,Canada,West Robin,"food, finance",False
6c2b2,Male,25,25-34,United States,Craigbury,"health, photography",False
f8aab,Male,39,35-44,United States,Lake Carlos,"art, food, sports",False
2848e,Male,18,18-24,India,Jonathanberg,news,False
5104d,Female,25,25-34,United States,South Crystalborough,"sports, fashion, food",False
98295,Female,37,35-44,United States,Prattshire,"sports, health, travel",False
d03dd,Male,21,18-24,United Kingdom,North Stephanieton,"gaming, photography",False
7a304,Male,47,45-54,Mexico,New Stacey,"lifestyle, food",False
8d887,Male,30,25-34,United States,Jamesbury,news,False
249df,Male,25,25-34,United Kingdom,New Robert,"sports, health",False
5fb8e,Female,22,18-24,United Kingdom,West Lauren,"photography, lifestyle",False
a154d,Male,33,25-34,United States,East Steven,"fitness, art, travel",False
5e49d,Male,28,25-34,India,East Mollyshire,health,False
808ae,Other,23,18-24,United Kingdom,Lake Roberthaven,"fashion, travel, technology",False
fd62d,Male,36,35-44,United States,Atkinsonside,"news, travel",False
849c8,Female,16,16-17,United States,Emilyborough,"travel, lifestyle, news",False
e7a1e,Male,18,18-24,India,Lake Patriciaberg,"sports, news, health",False
ed84c,Male,24,18-24,Australia,Gonzalezmouth,finance,False
da502,Female,29,25-34,United Kingdom,Shawbury,"technology, lifestyle, travel",False
1b97d,Male,32,25-34,United States,Nancyside,"food, lifestyle",False
61fbe,Female,32,25-34,Canada,Davidstad,fitness,False
7c271,Male,29,25-34,Germany,Richmondview,finance,False
3daf6,Male,26,25-34,Mexico,Mcleanberg,"art, fitness, health",False
23c75,Male,55,55-65,United Kingdom,Holmeschester,technology,False
cf5cd,Other,43,35-44,United States,New Markchester,photography,False
ec64c,Female,27,25-34,United Kingdom,Ballardstad,"sports, gaming, fitness",False
2efa0,Male,28,25-34,United Kingdom,Douglasmouth,gaming,False
cb244,Female,22,18-24,Australia,Lake Daniel,sports,False
ed034,Female,27,25-34,India,Seanmouth,"lifestyle, news",False
e815f,Male,23,18-24,United Kingdom,East David,"sports, travel, lifestyle",False
44a3b,Male,23,18-24,Mexico,West Jillberg,"photography, food",False
bac57,Male,19,18-24,France,Port Erikaport,"technology, art",False
043e1,Female,20,18-24,United Kingdom,Fullermouth,"health, sports, technology",False
2b87a,Male,19,18-24,Japan,Sethview,sports,False
5754b,Male,30,25-34,France,North Benjaminhaven,"fitness, health",False
32612,Female,35,35-44,Australia,East Jacob,"art, photography, technology",False
c3b76,Male,59,55-65,United States,East Biancaburgh,finance,False
da699,Female,29,25-34,United States,New Joshuaborough,sports,False
8432d,Male,27,25-34,Canada,Powellstad,"travel, art",False
0e9ed,Male,26,25-34,United States,West Deborah,"fitness, news, health",False
528f4,Other,16,16-17,United States,Rachelland,"fitness, photography, lifestyle",False
2ce8c,Female,25,25-34,Brazil,Leeton,"travel, finance, lifestyle",False
9af42,Male,23,18-24,France,West Gabriela,technology,False
a3f38,Male,29,25-34,Australia,Rachelburgh,"fitness, health, art",False
71215,Female,16,16-17,United Kingdom,Harrisburgh,technology,False
eb916,Female,30,25-34,Canada,Brandyborough,"photography, health",False
2d109,Female,40,35-44,Brazil,Jessicaton,"gaming, technology, fitness",False
716c9,Male,27,25-34,Canada,Jacobsside,"technology, art",False
4a060,Male,26,25-34,France,Baileyborough,fashion,False
6f720,Male,30,25-34,Germany,Millerchester,sports,False
8a878,Male,22,18-24,Canada,Andersonborough,news,False
1f2ab,Male,40,35-44,United States,North Davidburgh,"sports, food, travel",False
1191f,Other,29,25-34,Mexico,South Chadport,"health, photography",False
5d28a,Male,30,25-34,France,Colonchester,photography,False
5e2c3,Female,19,18-24,United States,Port Jackborough,travel,False
fdcf3,Female,27,25-34,Brazil,Mannport,"sports, travel",False
6b226,Female,19,18-24,United Kingdom,Port Brian,food,False
f92b6,Male,27,25-34,United Kingdom,Abbottborough,sports,False
afaaa,Female,41,35-44,United Kingdom,Williamside,photography,False
cf776,Female,41,35-44,Canada,Floresborough,"food, art",False
79793,Male,24,18-24,United States,Greershire,food,False
f4ac3,Male,31,25-34,United States,Ferrellfort,health,False
e88d5,Male,18,18-24,United Kingdom,East Amanda,"lifestyle, photography",False
aaa43,Male,31,25-34,United States,East Christine,"fitness, finance, photography",False
8b11f,Female,19,18-24,United Kingdom,Port Hannahberg,sports,False
fbc81,Female,32,25-34,Brazil,Walkerfurt,"sports, travel",False
1a3e2,Male,27,25-34,India,Humphreyview,news,False
9a1ca,Female,22,18-24,France,North Michaelshire,"photography, food",False
81ddc,Male,31,25-34,Mexico,Melissastad,"technology, gaming, sports",False
34619,Female,19,18-24,United States,Port Carla,"health, finance",False
9bd06,Female,33,25-34,Canada,Heathermouth,"sports, fitness",False
9c3eb,Male,24,18-24,Australia,Alishaburgh,gaming,False
518d9,Female,33,25-34,Canada,New Andrew,"lifestyle, photography",False
8dc43,Male,31,25-34,Australia,West Shelley,fitness,False
6231f,Female,29,25-34,India,Marybury,"finance, travel, gaming",False
5d3bc,Male,27,25-34,Germany,New Michael,finance,False
1126f,Female,19,18-24,United Kingdom,New Madelineport,gaming,False
87077,Male,16,16-17,United Kingdom,Shellyville,"technology, gaming",False
c4f6d,Female,22,18-24,Australia,West William,"art, fashion, sports",False
a6f94,Male,38,35-44,Germany,West Rebeccaland,"food, art",False
0d148,Male,16,16-17,Australia,Juliabury,"news, art",False
98264,Male,34,25-34,France,North Alexview,"technology, finance",False
4e86b,Female,28,25-34,India,South Samuel,"photography, news",False
2e657,Male,22,18-24,United Kingdom,Lake Jameschester,"lifestyle, health, fitness",False
5f239,Female,22,18-24,Germany,South Kendramouth,art,False
ed9be,Other,30,25-34,United States,Contrerastown,gaming,False
7047c,Male,23,18-24,Japan,Port Davidmouth,travel,False
b35f0,Female,31,25-34,Brazil,West Taraton,"gaming, finance",False
1fae5,Female,22,18-24,United States,Joneshaven,lifestyle,False
1b9ae,Other,25,25-34,Germany,New Tammie,"photography, food, finance",False
f4251,Female,25,25-34,Germany,Jasmineberg,"travel, fashion, art",False
4a180,Male,20,18-24,United Kingdom,Campbellton,"technology, fashion",False
61954,Male,16,16-17,Brazil,South Meganton,"news, fitness",False
4e7fb,Male,32,25-34,Germany,East Shellychester,"art, gaming, travel",False
c9a6f,Female,16,16-17,United States,North Charles,"fashion, food, photography",False
bb7c6,Male,34,25-34,Mexico,Port Pedro,"sports, travel",False
d6047,Female,63,55-65,Australia,Lake Zacharyview,"news, health, photography",False
8ddee,Male,19,18-24,France,Eddieton,sports,False
3b8ee,Male,36,35-44,Australia,Coreymouth,"finance, sports, news",False
de2b0,Female,28,25-34,United States,North Amymouth,lifestyle,False
80c17,Male,18,18-24,Japan,Beanfurt,"fitness, art",False
a2524,Female,21,18-24,United Kingdom,Hallhaven,"fitness, fashion, technology",False
871f3,Male,35,35-44,United Kingdom,Russellberg,technology,False
c68e2,Male,32,25-34,United States,Port William,travel,False
a48fd,Male,26,25-34,India,New Nicoleland,technology,False
3acbc,Male,28,25-34,United States,South Dianamouth,news,False
2633a,Male,29,25-34,United States,Lake Alejandro,technology,False
ee0a7,Male,26,25-34,United States,Carolborough,"technology, fitness, sports",False
82739,Other,23,18-24,United States,Molinaview,"lifestyle, fashion, sports",False
948fd,Male,24,18-24,India,Theresafort,health,False
e6816,Male,25,25-34,United States,Schmidtville,"fashion, lifestyle",False
a63d7,Female,28,25-34,United States,Phillipsstad,"health, news",False
733ca,Other,25,25-34,United Kingdom,Julieborough,food,False
d2945,Other,45,45-54,Australia,New Matthew,"lifestyle, fashion",False
da8dc,Other,35,35-44,Australia,Sotofort,lifestyle,False
dcb33,Female,27,25-34,United States,Lesliebury,food,False
bd40f,Female,39,35-44,United Kingdom,Lake Kristina,"fitness, fashion",False
3468b,Male,28,25-34,United Kingdom,Nicholefurt,"food, news",False
0e9ee,Male,21,18-24,India,Brownland,sports,False
a680c,Male,38,35-44,United Kingdom,North Brittanyfort,"health, news, photography",False
98f04,Male,38,35-44,Brazil,Jimenezstad,"finance, fashion, gaming",False
5f666,Male,24,18-24,United States,Clementsberg,fitness,False
bc4b5,Male,24,18-24,United States,Johnstonhaven,food,False
b8d20,Male,22,18-24,India,Maryport,"art, health",False
ef037,Male,20,18-24,United States,Krystalstad,gaming,False
df511,Male,24,18-24,India,West Michelle,"travel, art, sports",False
7d764,Female,56,55-65,Canada,Ericborough,"photography, health",False
4debd,Male,45,45-54,Mexico,West Davidton,"news, art, technology",False
48579,Female,34,25-34,United States,North Andrew,technology,False
a8e83,Female,36,35-44,United States,Port Peggy,technology,False
24223,Male,23,18-24,United Kingdom,New Melissa,"sports, lifestyle, fashion",False
00b03,Female,16,16-17,United States,West Justin,"technology, sports, lifestyle",False
c4afb,Female,27,25-34,United States,Melanieberg,"art, fashion",False
b2911,Male,30,25-34,Germany,South Brendabury,"travel, gaming",False
f8541,Female,34,25-34,Brazil,Lake Scottfurt,travel,False
e081a,Male,25,25-34,United Kingdom,Vanessafurt,"art, news",False
309e6,Other,29,25-34,France,South Michaelmouth,photography,False
e5f72,Male,17,16-17,United States,Kevinview,"travel, fitness",False
6d5fc,Male,29,25-34,Germany,Jasonmouth,"photography, fitness, travel",False
4b68d,Male,21,18-24,Canada,West Lisaville,"food, news, fitness",False
f4e08,Other,29,25-34,Australia,West Thomas,"lifestyle, finance",False
d41eb,Female,21,18-24,United Kingdom,Nicholeport,"lifestyle, travel, food",False
40769,Male,27,25-34,United States,South Robertotown,"food, photography",False
d8eb0,Female,26,25-34,India,Laurenshire,"sports, lifestyle, travel",False
10599,Male,16,16-17,United States,North Danielmouth,fitness,False
1b6bb,Female,28,25-34,United Kingdom,Kellymouth,"travel, sports, finance",False
e5691,Other,23,18-24,Canada,Williamsburgh,"travel, fitness",False
98232,Female,27,25-34,United States,South Jamesside,"travel, food, finance",False
4a0c9,Female,42,35-44,Canada,South Sandraberg,photography,False
2c0dc,Male,18,18-24,United Kingdom,Wilsonburgh,"sports, food",False
0ad95,Other,34,25-34,India,Chambersfurt,"health, food, news",False
c2467,Female,18,18-24,United States,New Brian,"fashion, photography",False
7cb76,Other,26,25-34,United States,Port Wendyport,"finance, food",False
75620,Male,22,18-24,India,Schmidtton,"gaming, photography",False
338c7,Male,17,16-17,Germany,Huntershire,"food, sports",False
33d2e,Other,27,25-34,United States,Larsonfort,technology,False
d2744,Male,25,25-34,United States,Smithton,"technology, fitness",False
71636,Female,18,18-24,Australia,Port Chris,fitness,False
65524,Male,30,25-34,Canada,Juanfurt,"finance, lifestyle, technology",False
9c334,Female,37,35-44,United Kingdom,Port Nathanhaven,"gaming, art",False
d5db6,Male,27,25-34,Australia,South Steven,"art, news, finance",False
f96a5,Male,18,18-24,Canada,Katherineton,"fitness, sports",False
57693,Male,21,18-24,United States,South Brandyhaven,"finance, news",False
2c5ad,Male,31,25-34,Brazil,East Ryan,gaming,False
22696,Other,26,25-34,United Kingdom,West Kimberly,gaming,False
87df8,Male,35,35-44,United States,East Joshuaport,finance,False
92779,Female,36,35-44,United States,New Maureenburgh,"art, health, travel",False
45879,Female,32,25-34,Brazil,Alexisside,"health, photography, art",False
eea39,Female,17,16-17,France,Timothychester,"fitness, finance",False
9242d,Male,16,16-17,United Kingdom,Kimland,"food, technology, fashion",False
79575,Male,27,25-34,Mexico,Port Jeffery,technology,False
90e8b,Male,35,35-44,France,Wallacebury,photography,False
972f1,Female,29,25-34,United States,Davidshire,"finance, gaming, news",False
ea954,Female,47,45-54,United Kingdom,Jonesmouth,"lifestyle, health",False
5ea83,Female,16,16-17,Canada,New Matthew,"fitness, finance, news",False
0f4c0,Female,30,25-34,United States,New Jill,"news, technology",False
05b6b,Female,31,25-34,Japan,Port Joshua,"gaming, food, travel",False
018d2,Other,20,18-24,Germany,Christopherburgh,"fitness, news",False
77eeb,Male,44,35-44,United Kingdom,Jeromeburgh,"finance, news",False
83ba2,Male,27,25-34,Australia,Jaredview,"fitness, gaming, food",False
73aae,Female,24,18-24,Australia,Kevinbury,"lifestyle, travel, sports",False
9ceb4,Male,25,25-34,Germany,East Patriciabury,art,False
47898,Male,39,35-44,United States,New Abigail,"gaming, art",False
94b44,Other,33,25-34,Australia,Matthewchester,"food, lifestyle, travel",False
42824,Male,20,18-24,United States,West Scott,"news, sports",False
9187e,Female,17,16-17,Canada,North Rachael,news,False
4df88,Male,30,25-34,Brazil,Whitakerhaven,"art, photography",False
91a15,Male,22,18-24,France,Pattonside,"food, photography, art",False
179f8,Female,19,18-24,United States,South Stephaniebury,"lifestyle, finance, technology",False
b5f03,Male,24,18-24,United Kingdom,South Lauratown,news,False
de07b,Male,16,16-17,Canada,Joneston,"news, gaming",False
23e31,Female,22,18-24,United States,West Michaelton,"fitness, photography",False
8d9e0,Male,23,18-24,United Kingdom,Waltersbury,fashion,False
4aaef,Male,42,35-44,United States,Davisfort,"gaming, sports",False
8e1de,Female,42,35-44,United Kingdom,Lake Christopherhaven,"finance, health, art",False
05098,Male,27,25-34,United States,West Karenton,sports,False
18f27,Male,23,18-24,United Kingdom,Ellischester,health,False
ff738,Female,29,25-34,United States,South Staceymouth,"fitness, news, gaming",False
487c5,Male,38,35-44,United States,Andrewburgh,"food, lifestyle",False
2ef03,Male,18,18-24,Mexico,Clarkstad,art,False
8321e,Female,26,25-34,United States,Lake Carmenfort,"gaming, sports, news",False
84994,Male,49,45-54,United States,West Scott,"sports, travel, lifestyle",False
a77b5,Male,19,18-24,United States,Owenschester,"technology, gaming, travel",False
7a9e9,Male,28,25-34,India,Pamelabury,food,True
d9c3d,Female,23,18-24,United Kingdom,Youngmouth,"lifestyle, news, health",False
6e006,Male,20,18-24,Japan,West Kaitlinville,"art, travel",False
aa06b,Male,29,25-34,France,Scotthaven,health,False
72110,Female,45,45-54,India,West Robertville,"health, food, news",False
09434,Male,16,16-17,India,Port Sarah,lifestyle,False
6c665,Female,26,25-34,Germany,South Tonya,"health, art, finance",False
3152d,Female,37,35-44,Japan,Rowemouth,"gaming, art",False
4f986,Male,31,25-34,United States,Angelamouth,"art, technology, health",False
fa9b9,Male,48,45-54,India,Collinsport,"technology, travel",False
3e137,Female,28,25-34,United States,Wilkersonmouth,"photography, travel",False
d9ab5,Male,45,45-54,United States,New Kimville,"news, technology",False
2b602,Male,40,35-44,United States,Woodshaven,"technology, health",False
ba05c,Male,35,35-44,United States,Rhodesburgh,"gaming, fitness",False
00e6c,Male,32,25-34,Canada,North Henry,"fitness, health, finance",False
eed1c,Male,27,25-34,Brazil,Fryview,"fashion, food, news",False
485ec,Male,37,35-44,United States,Santiagomouth,"art, fashion",False
6feaf,Female,17,16-17,United States,Lake Elizabethmouth,lifestyle,False
4301d,Male,31,25-34,India,Andersonborough,sports,False
af3d4,Male,24,18-24,India,Morrishaven,lifestyle,False
54e9b,Female,31,25-34,India,Lake Johnberg,"fitness, finance",False
e245c,Female,31,25-34,United States,Francesfurt,"sports, technology",False
a3126,Male,39,35-44,United States,Nicolebury,gaming,False
5e851,Female,29,25-34,United Kingdom,Mariamouth,"food, photography, gaming",False
b04df,Male,29,25-34,United Kingdom,Whiteside,"sports, food",False
d282a,Female,25,25-34,Japan,South Karafurt,"finance, health, food",False
2e1e5,Other,31,25-34,United States,Henryberg,"food, art, fashion",False
e6b44,Other,21,18-24,Brazil,Salazarshire,food,False
9bf64,Male,16,16-17,United States,Robinshire,"photography, lifestyle, food",False
e2d4b,Female,33,25-34,Germany,Durhamshire,news,False
bc6cf,Female,35,35-44,Japan,East Kathleenside,"health, photography",False
5f418,Male,40,35-44,India,South Sara,"fitness, fashion",False
6cbe1,Male,20,18-24,Mexico,South Ryan,"food, art",False
4c91c,Male,24,18-24,United Kingdom,Port Madison,"travel, fitness",False
042d8,Male,26,25-34,India,Holmesmouth,travel,False
c9890,Male,58,55-65,France,Waltersfort,"technology, gaming, photography",False
42405,Female,23,18-24,United States,East Christinaberg,lifestyle,False
f8ceb,Male,21,18-24,Canada,West Karenborough,"news, art",False
0ac1b,Male,25,25-34,India,Sellersfurt,fashion,False
171ca,Male,26,25-34,Australia,North Ericburgh,finance,False
dda67,Female,31,25-34,Brazil,Garciaville,news,False
06917,Male,19,18-24,United Kingdom,Lake Ericaborough,travel,False
8870f,Male,25,25-34,India,South David,"fitness, news",False
04784,Other,19,18-24,United States,New Alicia,technology,False
3aca5,Male,31,25-34,Canada,Laurachester,"technology, food",False
a08c1,Female,28,25-34,United States,Candicestad,"photography, finance, lifestyle",False
14d07,Female,35,35-44,United Kingdom,Port Robertport,"food, lifestyle",False
1b2d7,Other,40,35-44,United States,New Joann,sports,False
007fb,Female,34,25-34,Brazil,Chavezton,"lifestyle, fitness",False
73024,Male,34,25-34,Mexico,Bartonchester,technology,False
b609d,Male,34,25-34,Germany,West Johnborough,travel,False
57da7,Male,30,25-34,Brazil,Port Brian,"food, fitness",False
f9846,Male,20,18-24,United Kingdom,Lake Jeffreytown,finance,False
8ffd4,Male,35,35-44,United States,Port Tanyaland,art,False
b4d89,Female,35,35-44,Mexico,Russellberg,"technology, sports",False
a730d,Male,31,25-34,India,Dominiquefurt,"travel, lifestyle, fashion",False
65254,Male,36,35-44,United Kingdom,New Candiceland,"lifestyle, art",False
40d72,Female,31,25-34,India,Rhodesfurt,"fashion, food, travel",False
adb64,Male,16,16-17,Germany,South Vanessa,"technology, food, news",False
8f578,Other,16,16-17,Brazil,West Coreyberg,lifestyle,False
25a93,Female,36,35-44,United States,Georgeshire,sports,False
50e00,Female,17,16-17,Canada,Lake Juanville,"food, finance",False
987a6,Female,27,25-34,United States,Lake Josephstad,"fitness, news, fashion",False
5985c,Male,27,25-34,United Kingdom,West Karen,gaming,False
2ee22,Male,29,25-34,India,New Zacharyborough,"fashion, lifestyle",False
87cdb,Male,19,18-24,United Kingdom,Jessicaville,sports,False
63c1f,Female,45,45-54,United States,Walkerburgh,"travel, lifestyle",False
cfa6b,Female,19,18-24,United States,Ashleyport,"gaming, photography, art",False
ac0d1,Male,25,25-34,India,Bakerstad,"gaming, fashion",False
bd93b,Female,30,25-34,India,Castroshire,news,False
26334,Other,34,25-34,United States,New Paula,"sports, technology, travel",False
29d7a,Other,31,25-34,India,Lake Markstad,"travel, sports, fitness",False
0760c,Female,38,35-44,United Kingdom,Millerberg,"fashion, gaming",False
1d3ed,Female,16,16-17,Japan,Lake Eileen,fitness,False
242aa,Male,16,16-17,United States,East Angela,food,False
0f872,Female,19,18-24,United States,West Sara,"lifestyle, fitness",False
7a7a1,Male,18,18-24,Canada,Freemanhaven,lifestyle,False
35643,Male,31,25-34,United States,Marshalltown,"travel, health, news",False
b5f3a,Male,24,18-24,Australia,Port Angela,"technology, travel, art",False
49487,Female,28,25-34,India,East Jacqueline,"photography, art",False
0ca4b,Male,27,25-34,India,Lake Mitchell,"gaming, fitness",False
d4bde,Male,30,25-34,Mexico,Luishaven,"news, photography, lifestyle",False
09473,Male,27,25-34,United Kingdom,Port Barbara,"health, technology",False
4499a,Female,22,18-24,Canada,East Alexandramouth,"travel, food, finance",False
7f82f,Male,37,35-44,United Kingdom,New Sharonport,"gaming, art",False
98f81,Male,16,16-17,United States,Jorgeside,"fashion, health",False
1b08d,Female,24,18-24,United States,Port Donna,"sports, photography",False
a0b89,Female,18,18-24,United Kingdom,Alexanderberg,food,False
ff48d,Other,25,25-34,United States,Hollyfort,"fashion, health, lifestyle",False
730de,Male,36,35-44,Australia,West George,"sports, lifestyle, fitness",False
ca039,Female,19,18-24,United States,Powellfort,"gaming, finance",False
c4f8e,Male,39,35-44,United States,North David,health,True
c72ae,Male,16,16-17,Canada,Galvanberg,travel,False
6e28a,Male,41,35-44,United Kingdom,North James,"technology, travel",False
79986,Female,36,35-44,France,Davidhaven,"art, fitness, gaming",False
c5c64,Male,28,25-34,India,Doyleport,travel,False
14910,Female,27,25-34,United States,Cranehaven,gaming,False
f604e,Female,43,35-44,France,Lake Rachelfort,"travel, photography, gaming",False
5f726,Male,16,16-17,United States,Keithmouth,"technology, lifestyle, news",False
6dad6,Female,33,25-34,India,Andrewside,health,False
6f111,Male,28,25-34,Brazil,Marshallport,gaming,False
302cf,Other,47,45-54,India,Rodriguezmouth,lifestyle,False
fae09,Male,24,18-24,India,New Oscarfurt,"photography, news",False
3783c,Male,41,35-44,Brazil,East Jasmine,"art, news",False
12d2f,Male,30,25-34,United States,Clementsfurt,gaming,False
d0820,Female,31,25-34,United States,Port Christopherstad,fashion,False
6bd6f,Male,24,18-24,Canada,Moorefort,"sports, news, food",False
2a055,Female,23,18-24,Germany,Lake Beckyland,sports,False
97c17,Male,25,25-34,Australia,Lake Davidshire,sports,False
bcc2a,Male,51,45-54,United Kingdom,Matthewsstad,"sports, art, gaming",False
867de,Female,29,25-34,Canada,East Alyssafurt,"health, food",False
4026b,Male,35,35-44,Germany,North Thomas,art,False
58eca,Male,16,16-17,Germany,Aprilmouth,"finance, art",False
578ff,Male,32,25-34,Brazil,North Erikview,photography,False
5f22f,Male,37,35-44,United Kingdom,North Valerie,"health, fashion, fitness",False
c8022,Female,17,16-17,United States,Patriciachester,finance,False
d8ae4,Male,40,35-44,United States,Nicholasshire,"photography, food, news",False
d95a2,Male,25,25-34,United Kingdom,Kristinmouth,"sports, lifestyle",False
fef64,Female,42,35-44,India,South Kylieshire,"health, travel, gaming",False
f3663,Other,25,25-34,Canada,Lake Timothyburgh,"health, fashion",False
293c3,Female,16,16-17,United States,Margaretborough,"travel, fitness",False
2ad57,Male,32,25-34,Japan,South William,"sports, health",False
54722,Male,37,35-44,United States,Bowersmouth,"fashion, food",False
fe0e3,Male,29,25-34,United States,North Christina,"photography, art",False
96f59,Female,18,18-24,Japan,Connorbury,"finance, fashion",False
0a531,Male,25,25-34,United States,New Shelleyberg,"fitness, fashion",False
3ab75,Male,41,35-44,Germany,Lake David,lifestyle,False
f1737,Male,26,25-34,United Kingdom,New Anthony,"news, lifestyle, food",False
75236,Male,24,18-24,Canada,Port Jeremy,"fitness, photography, gaming",False
0773d,Female,27,25-34,Canada,Gardnerfort,"food, gaming",False
e74df,Male,21,18-24,Japan,Port Alexis,"finance, art",False
0dc58,Male,28,25-34,Mexico,North Joshuachester,fashion,False
feabc,Male,32,25-34,Canada,East Codyville,"art, gaming, travel",False
52e6c,Female,29,25-34,Germany,Brownburgh,"food, news",False
0cbc5,Male,18,18-24,Australia,South Danny,"technology, art, news",False
28ff5,Male,25,25-34,United States,Lake Jamesport,fashion,False
95d47,Male,29,25-34,Germany,Feliciachester,"gaming, travel, fashion",False
fa22e,Male,18,18-24,Brazil,Timothyfurt,sports,False
da2ad,Female,44,35-44,United States,South Erichaven,gaming,False
802a6,Female,23,18-24,Australia,South Anthonymouth,"sports, art",False
80203,Male,26,25-34,United States,Pamelaville,"sports, travel, finance",False
a6128,Male,26,25-34,United States,Rileytown,"health, photography, finance",False
0666b,Male,43,35-44,United States,Weaverberg,sports,False
c9a99,Female,20,18-24,Brazil,Tracichester,gaming,False
29134,Male,31,25-34,United States,Stanleyview,"technology, health",False
46a16,Male,27,25-34,United States,Kathrynville,fashion,False
b79e1,Female,46,45-54,United States,North Henryshire,"technology, finance, photography",False
5338e,Male,24,18-24,United States,East Bethshire,"news, fashion",False
93789,Male,36,35-44,United States,Jacquelineshire,"photography, news, lifestyle",False
99409,Female,28,25-34,France,Fieldsstad,food,False
9f485,Male,24,18-24,United States,Gonzalezton,"photography, health, fashion",False
cc1d1,Male,32,25-34,Australia,Bethanyfurt,"lifestyle, fitness",False
e1932,Female,25,25-34,India,Chapmanborough,sports,False
3ee02,Male,29,25-34,Australia,Maryside,"finance, fashion, art",False
f5dfe,Male,23,18-24,India,Oconnellhaven,"technology, fashion",False
26de1,Male,16,16-17,Germany,South Williamland,"news, food",False
c14ee,Other,18,18-24,United Kingdom,Bradleyside,"finance, health, photography",False
480cf,Female,22,18-24,United Kingdom,New Carrie,health,False
4afdb,Female,27,25-34,Germany,North Daniel,"finance, lifestyle",False
5fea0,Other,50,45-54,United States,Ricardoport,"food, gaming, fashion",False
424e2,Male,25,25-34,United States,New Paul,health,False
b6353,Male,38,35-44,France,Nathanielchester,"food, finance",False
4610f,Female,43,35-44,Canada,Jonesville,"travel, news, fitness",False
d4331,Female,42,35-44,Brazil,Allenmouth,"food, gaming",False
d3dc1,Female,17,16-17,Germany,Smithberg,"travel, news",False
52a3b,Female,48,45-54,Canada,East Danny,"technology, fitness, gaming",False
cea29,Male,28,25-34,Australia,Nathanport,art,False
79939,Other,29,25-34,United States,Thompsonchester,"finance, photography, fashion",False
5ec4a,Male,37,35-44,Canada,Markhaven,gaming,False
d49ba,Male,22,18-24,United States,Toniville,fitness,False
c6efe,Female,32,25-34,United Kingdom,West Hannahtown,food,False
5ede3,Female,38,35-44,United Kingdom,New Eric,health,False
4a0c8,Male,19,18-24,Australia,West Nicholemouth,fitness,False
b81d2,Female,27,25-34,United States,Michaelport,"fashion, technology, fitness",False
1ca7a,Male,19,18-24,Germany,East Brenda,"fitness, fashion",False
9f8dd,Male,27,25-34,India,Knappville,"sports, photography, food",False
25089,Male,28,25-34,Canada,Burnsstad,"fashion, technology",False
7747d,Female,24,18-24,United Kingdom,Lake Hollyberg,"finance, fitness",False
696c7,Male,26,25-34,India,South Brianside,"technology, art, health",False
f67a8,Male,17,16-17,United States,Loriburgh,"technology, fitness",False
d6531,Female,16,16-17,Canada,South Richardfurt,"fitness, health, art",False
d81da,Female,26,25-34,United States,Kelleyberg,lifestyle,False
af2da,Male,39,35-44,United States,Murphyhaven,art,False
7c48a,Female,17,16-17,United Kingdom,North Jordanville,"finance, technology",False
4ab1f,Other,25,25-34,Japan,Waltersstad,"health, art, news",False
0e10d,Male,23,18-24,United States,Thompsonmouth,"fashion, technology, gaming",False
c25d9,Other,39,35-44,United States,South Kristina,"travel, lifestyle",False
b63e9,Male,52,45-54,United States,Rachelberg,photography,False
1228e,Male,24,18-24,India,Christinaland,"health, food",False
3eca3,Male,30,25-34,United Kingdom,Lake Markbury,gaming,False
f2737,Female,39,35-44,Canada,South Jennifer,"art, gaming, fitness",False
a30ff,Other,31,25-34,India,Luceroton,travel,False
89b4b,Male,25,25-34,Mexico,Matthewshire,photography,False
f4954,Male,16,16-17,Germany,Port Christian,photography,False
b8a90,Male,30,25-34,United Kingdom,Robertsburgh,"food, health, gaming",False
9f579,Male,30,25-34,United States,West Scottville,"news, lifestyle, fashion",False
3a3d7,Female,47,45-54,United States,Reynoldsburgh,"finance, food",False
5d3e3,Other,18,18-24,Australia,Charlesport,photography,False
2bb98,Male,59,55-65,United Kingdom,East Stephanie,finance,False
02929,Female,35,35-44,Australia,Kathybury,"art, fitness",False
52900,Female,28,25-34,Australia,Lake Davidchester,news,False
fe4c2,Female,29,25-34,United States,South Staceyland,"fashion, health, sports",False
950ab,Female,39,35-44,United States,Port Vickieland,"food, gaming",False
96452,Male,20,18-24,India,Port Daniel,"health, news, travel",False
2280b,Female,16,16-17,United States,Lake Stephanie,"health, travel",False
3acbd,Male,25,25-34,United States,Valdezberg,lifestyle,False
36365,Male,36,35-44,United States,North Karenview,"gaming, health, news",False
9f24d,Male,27,25-34,India,Lorifurt,"sports, finance, gaming",False
11091,Female,28,25-34,Germany,East Peggy,"food, finance",False
5b4b1,Male,27,25-34,Germany,Elizabethmouth,"news, fashion, travel",False
380b0,Other,30,25-34,Australia,Port John,"photography, fitness, technology",False
6f767,Female,24,18-24,United States,East Vincent,art,False
07997,Male,23,18-24,Brazil,Jennifermouth,"fashion, art, health",False
68794,Other,21,18-24,Brazil,Lake Jose,fitness,False
22078,Male,38,35-44,Brazil,South Lisaton,"fitness, finance",False
6e1d3,Male,37,35-44,Japan,Lake Nicholeberg,sports,False
796bc,Female,33,25-34,United States,North Rebecca,"news, art, fitness",False
03579,Male,24,18-24,United Kingdom,New Sarah,"sports, finance, health",False
9625d,Male,25,25-34,Mexico,North Amberstad,"travel, lifestyle, technology",False
df9d9,Male,29,25-34,United States,Lake Heather,"gaming, technology, sports",False
36c47,Female,36,35-44,United States,East Nancy,"technology, news",False
2af0c,Other,30,25-34,United States,New Laurenshire,technology,True
957de,Female,19,18-24,Canada,Edwardville,"fashion, fitness, travel",False
73616,Male,18,18-24,India,Port Vicki,"gaming, lifestyle, art",False
7e612,Male,30,25-34,India,Julieberg,finance,False
67962,Female,16,16-17,France,North Samanthamouth,art,False
0a63d,Male,28,25-34,Germany,Lake Pamelahaven,photography,False
e8d14,Male,40,35-44,Australia,Alfredton,"gaming, fashion, travel",False
9ec3a,Female,30,25-34,United States,West Benjaminberg,"lifestyle, news",True
3ea84,Female,20,18-24,United States,East Angelmouth,"health, photography",False
6df9c,Female,30,25-34,Australia,Stevensville,"travel, lifestyle",False
26736,Male,29,25-34,Canada,Allisonbury,food,False
43d06,Male,18,18-24,India,Eriktown,"technology, gaming",False
b7c4d,Male,22,18-24,Germany,Lake Francesland,technology,False
fb20a,Male,18,18-24,Canada,East Joshuachester,"travel, lifestyle, fashion",False
1ad20,Male,25,25-34,India,Lake Sarah,"food, health",False
8c667,Female,27,25-34,Germany,Port Warren,"finance, fitness, fashion",False
edf8e,Female,43,35-44,Canada,Nguyenshire,"fitness, art",False
4492a,Female,43,35-44,Mexico,East Aliciabury,"gaming, fashion, health",False
791f2,Male,27,25-34,India,Simmonsland,news,False
e3f21,Other,23,18-24,Australia,Millermouth,"food, technology, finance",False
86139,Male,21,18-24,India,Joshuabury,"finance, photography",False
36a7c,Other,17,16-17,United States,West Eric,art,False
e14ea,Female,28,25-34,Brazil,Petersonshire,"photography, technology",False
69143,Male,32,25-34,United States,New Kimberlyshire,"travel, gaming",False
88817,Other,19,18-24,Germany,Pattontown,"news, sports, lifestyle",False
b1bf9,Female,25,25-34,India,North Heather,"photography, fashion",False
38abc,Female,20,18-24,Mexico,Georgeport,travel,False
6c646,Male,21,18-24,Germany,Lake Lynn,gaming,False
602ef,Male,26,25-34,Germany,West Christophertown,travel,False
ba6be,Male,16,16-17,United Kingdom,Ryantown,"photography, news",False
d2b8a,Male,20,18-24,Japan,Lake Scott,sports,False
8ff0a,Male,21,18-24,United Kingdom,Ellenland,gaming,False
7cf86,Male,49,45-54,Canada,New Nicole,"gaming, lifestyle",False
41353,Female,22,18-24,United States,East Brooketown,"art, travel, fitness",False
ecbf3,Male,42,35-44,United Kingdom,Erichaven,"sports, art",False
6b844,Male,17,16-17,United States,South Todd,"news, technology",False
5d644,Female,24,18-24,Australia,New Joshuaborough,"fashion, photography, technology",False
c5153,Male,31,25-34,United States,Haleyfurt,finance,False
3cb4b,Male,29,25-34,Brazil,Lake Marisa,food,False
1f81a,Male,21,18-24,Mexico,North Jamestown,technology,False
39196,Other,31,25-34,United States,West Susan,"food, art",False
4413c,Male,35,35-44,United States,Josephberg,"news, technology, finance",False
19895,Male,17,16-17,Australia,Lake Chase,"fitness, photography",False
c1e04,Female,29,25-34,Mexico,East Karenview,"health, lifestyle, technology",False
a0d6f,Male,44,35-44,Australia,Jonesfort,travel,False
65aed,Male,29,25-34,United Kingdom,Greenmouth,"news, sports",False
402ef,Male,19,18-24,France,Donaldshire,art,False
4d28b,Other,23,18-24,United States,Port Sarah,"sports, news",False
31192,Male,20,18-24,India,Guerraport,art,False
04785,Male,25,25-34,Japan,Port Josephmouth,"photography, travel",False
2e00b,Male,41,35-44,India,Lake Johnfurt,"travel, health",False
c0cca,Male,20,18-24,Brazil,Port John,"fitness, health, finance",False
87678,Male,24,18-24,United Kingdom,Myersville,"food, lifestyle, sports",False
57926,Female,20,18-24,Brazil,Mullinsville,news,False
11411,Other,33,25-34,United States,Richardport,"technology, art",False
f0892,Other,34,25-34,United States,East Baileymouth,sports,False
7984e,Other,28,25-34,Japan,Port Timothy,"lifestyle, fitness",True
d10c1,Male,37,35-44,United Kingdom,Port Tiffanychester,"fitness, food, photography",False
b97d1,Male,27,25-34,United States,North Scottville,"fashion, technology, news",False
18a12,Male,24,18-24,Japan,East Marvin,"travel, finance",False
7f644,Female,25,25-34,Japan,Klineton,"art, news",False
d6a97,Female,27,25-34,Brazil,Lake Jeffstad,"travel, health, finance",False
089c8,Male,22,18-24,India,South Andreaton,technology,False
b33c8,Female,36,35-44,United States,North Zacharystad,"news, finance, food",False
51d8b,Female,23,18-24,Canada,Christineside,"fitness, travel",False
11bbd,Male,29,25-34,Australia,Gonzalezstad,"lifestyle, health, fashion",True
2c703,Male,30,25-34,Germany,West Jeremy,"fitness, finance",False
1f362,Female,30,25-34,United Kingdom,East Matthew,"fitness, fashion, finance",False
68007,Male,23,18-24,United Kingdom,Wiseport,fashion,False
2cb49,Female,52,45-54,Brazil,North Keithhaven,sports,False
21210,Male,31,25-34,United States,Collinsland,"sports, travel",False
63da8,Male,33,25-34,United States,Andrewfort,"fitness, news",False
0fb16,Male,22,18-24,Canada,South Zachary,"food, health, art",False
1425f,Male,22,18-24,Brazil,Millerburgh,"gaming, food, lifestyle",False
24a67,Male,16,16-17,United States,Port Matthew,"finance, gaming, health",False
66c22,Other,42,35-44,India,New Dennisshire,"food, finance, health",False
6d4db,Male,35,35-44,United States,Matthewtown,"news, lifestyle, health",False
e0cac,Female,29,25-34,United Kingdom,South Robert,art,False
93371,Male,44,35-44,Brazil,Krystalton,"finance, lifestyle, gaming",False
ff343,Female,22,18-24,United States,Meyerview,"fashion, photography, lifestyle",False
a09c6,Male,30,25-34,Canada,North Melissaside,health,False
63f0d,Other,34,25-34,United Kingdom,New Brycefurt,"technology, finance, lifestyle",False
8c3cf,Female,25,25-34,Brazil,Mossview,"art, finance",False
65ecb,Male,21,18-24,United Kingdom,Jessicaport,technology,False
41b95,Male,32,25-34,United Kingdom,Michelleview,"news, sports, finance",False
99a39,Female,17,16-17,Canada,Smithport,"technology, fashion, sports",False
32ccb,Female,17,16-17,Mexico,New Susan,"health, sports",False
e640a,Other,32,25-34,France,New Katieborough,"finance, lifestyle",False
7ff4d,Female,17,16-17,Germany,Port Michelle,"photography, fitness, food",False
9d3d2,Male,33,25-34,Germany,South Johnberg,"fitness, photography, health",False
4f10f,Female,18,18-24,France,Perezbury,health,False
1bbda,Male,32,25-34,Germany,Branchport,"food, finance",False
d1989,Male,33,25-34,India,New Thomasside,health,False
f54a1,Female,16,16-17,Germany,Thomasstad,art,False
f7897,Other,16,16-17,Brazil,North Nicolemouth,"photography, food, finance",False
50b82,Male,29,25-34,United States,South Alyssa,"sports, technology, health",False
fb4f3,Other,41,35-44,United States,South Johnnyport,news,False
a3630,Male,22,18-24,United States,West Charleneton,"travel, finance",False
ec0f1,Male,28,25-34,France,North Logan,food,False
d2ac3,Male,18,18-24,France,New Jennifer,"photography, fashion, health",False
58a5e,Male,25,25-34,United States,Lisaville,technology,False
9f3a1,Male,38,35-44,France,Fordburgh,"fitness, finance, art",False
45ef4,Male,18,18-24,Brazil,Charlesmouth,"gaming, news, fitness",False
97d4d,Female,34,25-34,Japan,South Laura,"finance, health, photography",False
c8bbb,Female,32,25-34,United States,Meganfort,gaming,False
55c98,Other,35,35-44,Australia,South Jeffreyland,"travel, fitness",False
715b7,Male,25,25-34,India,New Gwendolyn,"technology, fashion",False
607df,Female,31,25-34,India,Terryton,"finance, news, fitness",False
292e5,Male,16,16-17,Germany,Kristitown,"lifestyle, travel, technology",False
c15b4,Male,32,25-34,France,New David,photography,False
55657,Female,23,18-24,India,New Martin,"technology, sports, food",False
bcef6,Female,28,25-34,United States,Reedfurt,"news, food",False
f7acb,Female,38,35-44,Australia,East Stephanie,"fashion, finance",False
38cea,Female,23,18-24,United States,South Aaron,technology,False
bc583,Female,20,18-24,United States,South Rebecca,"news, lifestyle, travel",False
7523d,Female,31,25-34,United States,East Autumn,art,False
73cfd,Female,24,18-24,Germany,Lake Tabithachester,gaming,False
d3e61,Male,29,25-34,United States,Ortizburgh,"finance, travel",False
fcd9e,Male,36,35-44,United States,Ashleyfurt,"gaming, fitness, finance",False
0cb17,Other,16,16-17,Japan,Hendersonmouth,fitness,False
1261c,Female,25,25-34,Australia,Harrellfort,"news, photography, travel",False
ac216,Male,19,18-24,United States,Harperchester,fitness,False
9fe2a,Male,29,25-34,United States,West Dennis,"travel, photography, fashion",False
2ed46,Female,34,25-34,Germany,Edwinbury,"technology, finance",False
acc9a,Male,34,25-34,Australia,New Michelle,"sports, health",False
43b82,Female,28,25-34,United Kingdom,South Joshua,"health, technology, lifestyle",False
65e5e,Male,16,16-17,United States,Stephaniestad,"gaming, fashion",False
c7fd4,Male,18,18-24,United States,West Sarah,"finance, technology",False
1dc48,Male,22,18-24,United Kingdom,North Jamieshire,"finance, technology",False
c240a,Male,27,25-34,United States,North Josemouth,health,False
15043,Other,18,18-24,United Kingdom,New Elizabethview,technology,False
2c2cc,Female,19,18-24,United States,Rhondaland,fitness,False
05330,Other,28,25-34,Canada,Port Nicole,"finance, gaming, news",False
cd28c,Female,40,35-44,United States,Martinezville,lifestyle,False
96e8c,Other,21,18-24,India,Garyside,gaming,False
67feb,Male,22,18-24,United States,New Nathanbury,finance,False
4af5e,Other,29,25-34,United Kingdom,New Kevinborough,"technology, photography",False
33dbc,Female,25,25-34,United States,Brianaport,finance,False
abbeb,Male,34,25-34,Canada,North Thomashaven,"art, lifestyle",False
60812,Male,30,25-34,United States,Acostaview,"sports, fitness, finance",False
4d7a7,Female,27,25-34,United States,Spencerview,"sports, gaming, fashion",False
ce13a,Female,23,18-24,Germany,South Samuel,"health, art, news",False
062b2,Other,28,25-34,Germany,North Crystalberg,"art, lifestyle",False
f1919,Male,33,25-34,Mexico,East Christophermouth,"fitness, travel",False
3bc59,Male,33,25-34,Australia,Finleyfurt,"finance, gaming, food",False
486a5,Female,44,35-44,Canada,Port Annette,"gaming, news, sports",False
674af,Male,18,18-24,Germany,Katherinefort,photography,False
e8758,Female,24,18-24,Australia,New Davidberg,news,False
6bb90,Female,24,18-24,United States,Kristintown,art,False
9a9b7,Male,43,35-44,Brazil,Thomaston,"finance, gaming, lifestyle",False
49c5c,Male,44,35-44,Brazil,New Jay,"food, health, lifestyle",True
bacc9,Male,34,25-34,United Kingdom,Port Kennethfort,fashion,False
494b9,Male,39,35-44,Australia,Lake Julia,technology,False
5c415,Female,23,18-24,India,New Gregoryfort,finance,False
61e5f,Male,21,18-24,United States,East Ashley,art,False
1fa31,Male,33,25-34,Australia,Lake Pamelaside,"lifestyle, food",False
d63b0,Male,29,25-34,India,East Williamtown,fitness,False
53182,Female,23,18-24,Mexico,Leefort,lifestyle,False
45a8f,Male,16,16-17,United Kingdom,Lake Ellen,"sports, finance, gaming",False
f6bf7,Female,31,25-34,Australia,Darrylville,travel,False
64f3b,Male,22,18-24,United States,Herrerafort,fashion,False
0ca44,Other,28,25-34,United Kingdom,Madisonburgh,"fashion, photography, news",False
3e654,Female,35,35-44,Canada,North Shannonmouth,lifestyle,False
92811,Female,21,18-24,United Kingdom,Jacksonview,"lifestyle, photography",False
57a0f,Male,28,25-34,United States,Port Christopher,sports,False
53507,Male,20,18-24,United States,Lake Kimberlyberg,"health, photography",False
ef0cc,Male,35,35-44,Germany,North Ashley,lifestyle,False
dadd4,Female,32,25-34,United States,Port Victoria,gaming,False
f8d0d,Female,30,25-34,Canada,South Erin,travel,False
0e754,Male,19,18-24,United States,Craigview,travel,False
c3743,Female,30,25-34,Mexico,Mullenport,"lifestyle, travel, finance",False
adf8f,Male,32,25-34,Mexico,South Cheryl,news,False
f321d,Male,28,25-34,United States,Lake Billy,"technology, sports",False
53eb1,Male,28,25-34,Mexico,New Leslie,"fitness, art",False
042a2,Female,30,25-34,India,East Gregorymouth,finance,False
127c3,Male,31,25-34,United States,West Sarahmouth,"news, health",False
4beaf,Female,26,25-34,United Kingdom,Stephenmouth,"technology, art, health",False
dddf2,Male,24,18-24,United States,New Thomas,"fashion, finance, photography",False
347e4,Female,30,25-34,India,Meyerstad,"lifestyle, finance",False
cc728,Male,34,25-34,Canada,Port Bradside,finance,False
410a7,Female,19,18-24,United Kingdom,Christopherstad,"art, lifestyle, gaming",False
52b69,Female,31,25-34,India,West Matthew,"art, food, lifestyle",False
cd40b,Female,16,16-17,France,Jimmychester,"sports, photography",False
cce2b,Female,20,18-24,United Kingdom,Henrychester,travel,False
fab9f,Female,34,25-34,Australia,Laurietown,"sports, art",False
d6701,Female,40,35-44,United Kingdom,Debbietown,health,False
90ea3,Female,25,25-34,Mexico,Joannastad,"travel, finance, lifestyle",False
16e98,Female,21,18-24,United States,Anthonychester,"travel, health",False
0c446,Female,35,35-44,Japan,West Morgan,"art, gaming, finance",False
f7cdb,Female,23,18-24,Germany,Acostaland,"health, technology, sports",False
896d0,Male,26,25-34,Canada,New Brianton,"technology, news, fashion",False
4ac67,Female,16,16-17,United Kingdom,Reevesport,finance,False
82911,Female,20,18-24,Canada,New Amberfurt,travel,False
af610,Female,31,25-34,United States,Williamside,"art, sports",False
705a6,Male,24,18-24,United States,Stephenfurt,"sports, health",False
d7268,Male,20,18-24,India,North Anne,"gaming, finance, food",False
dd99c,Other,20,18-24,Canada,Chrismouth,travel,False
45c8a,Male,33,25-34,Australia,East Christophershire,fitness,False
e4eed,Female,30,25-34,United States,North Lisamouth,sports,False
a6727,Female,36,35-44,United Kingdom,Hopkinsshire,lifestyle,False
0109a,Female,19,18-24,Canada,North Terri,"finance, art, photography",False
4a36f,Other,36,35-44,France,Jodyborough,"lifestyle, fashion",False
caa25,Male,25,25-34,United States,Hodgestown,"technology, fashion",False
8fc45,Male,16,16-17,Canada,New Aaronmouth,food,False
56a15,Other,16,16-17,Germany,Lake Juanmouth,"art, technology",False
ece76,Male,22,18-24,Australia,Danielborough,fashion,False
410b3,Male,27,25-34,United States,North Jeffreychester,"fashion, lifestyle",False
385f8,Male,21,18-24,United States,Port Kathyhaven,sports,False
0ce30,Female,22,18-24,United States,Reidbury,lifestyle,False
4e8e4,Male,26,25-34,United Kingdom,Patrickstad,lifestyle,False
67468,Male,26,25-34,United States,Johnsonburgh,finance,False
31381,Male,26,25-34,United States,Paulmouth,travel,False
01062,Female,25,25-34,Germany,Freemanville,"art, lifestyle, finance",False
81161,Male,23,18-24,Germany,North Stephaniehaven,"news, health",False
33632,Other,21,18-24,Germany,Howardport,"fashion, fitness, sports",False
816f5,Female,41,35-44,United States,Bensontown,"technology, news, gaming",False
11159,Male,21,18-24,United States,South Jeremy,"fitness, technology",False
c4f61,Female,23,18-24,Japan,East Mark,"technology, lifestyle, gaming",False
f13d1,Male,28,25-34,Mexico,Matthewberg,technology,False
57394,Female,40,35-44,United States,Blackburnmouth,"health, technology",False
886e2,Female,20,18-24,Mexico,Lake Harryburgh,"technology, health",False
d79a2,Female,25,25-34,United States,Bellville,"technology, sports",False
db2d1,Male,30,25-34,United States,Lake Taraborough,fashion,False
66dc0,Male,25,25-34,Japan,Curryshire,"sports, food, news",False
80ff3,Male,27,25-34,United States,Weaverchester,"travel, fitness, fashion",False
79d52,Male,18,18-24,France,Clarkmouth,art,False
347ea,Male,40,35-44,Canada,Phillipsborough,"news, art, health",False
9b610,Male,16,16-17,United States,Lake Stevenshire,"health, food",False
7a3b4,Male,23,18-24,Canada,North Kimberlyville,travel,False
566b4,Male,21,18-24,India,Andreabury,travel,False
3e4df,Male,31,25-34,Canada,Jeremyton,photography,False
4de1c,Female,31,25-34,Japan,Lake Donna,"health, fitness, fashion",False
02ad5,Female,38,35-44,Canada,North Stacy,"art, lifestyle, food",True
4a8ef,Other,28,25-34,United States,Port Marcusside,"gaming, photography, finance",False
823dc,Male,17,16-17,France,New Elizabeth,"news, technology, gaming",False
06627,Female,32,25-34,Canada,Port Susanmouth,"food, fashion, gaming",False
fc1ab,Female,21,18-24,United States,Wesleyton,food,False
28aca,Other,32,25-34,Japan,Downsfurt,"gaming, lifestyle, art",False
03e8e,Male,21,18-24,United Kingdom,Cruzbury,health,False
c0739,Female,33,25-34,Brazil,New Paul,food,False
4e683,Other,25,25-34,United States,West Randallview,"photography, news",False
2799a,Male,20,18-24,United States,Christineberg,"travel, photography",False
0d9eb,Female,55,55-65,Australia,Elliottville,"photography, food",False
12ee8,Male,19,18-24,United States,Fosterton,"fashion, sports, news",False
9c145,Female,22,18-24,United Kingdom,Veronicaton,fitness,False
bc12c,Female,23,18-24,Canada,Lake Justin,health,False
c308f,Male,19,18-24,Australia,Davismouth,finance,False
761c0,Male,31,25-34,India,North Cynthiastad,"sports, news, fashion",False
1d3b1,Male,16,16-17,United Kingdom,Lake Matthewshire,lifestyle,False
a555a,Other,22,18-24,India,New Vanessashire,"fitness, gaming",False
23a03,Female,26,25-34,India,Lake Aaron,"news, fitness",False
dc2e6,Male,27,25-34,India,Lake Stephaniefurt,"travel, art, lifestyle",False
cf8df,Male,41,35-44,United Kingdom,Lake Heather,"news, gaming, photography",False
811cc,Male,18,18-24,United States,East Caitlin,news,False
6f7ed,Male,31,25-34,United States,South Billy,"news, sports, fitness",False
85fb4,Male,17,16-17,United Kingdom,East Michael,sports,False
5a190,Female,37,35-44,Canada,Donaldstad,fashion,True
103d7,Male,37,35-44,Germany,North Scottville,"travel, sports",False
5e213,Male,22,18-24,India,North Ashley,"travel, news, lifestyle",False
d5fc5,Male,21,18-24,India,Cardenasville,"lifestyle, news",False
3b6b5,Female,25,25-34,India,Hoodview,"fitness, food",False
83c1a,Male,20,18-24,United States,Lake Sarahfort,"art, fitness",False
166c8,Male,31,25-34,Japan,Hendricksville,health,False
8a568,Male,25,25-34,United States,Browntown,news,False
d67f8,Female,21,18-24,Germany,South Meganville,"food, technology, finance",False
907f6,Male,22,18-24,United States,North Robert,"fitness, news, travel",False
9052d,Female,30,25-34,United States,Lopezchester,"finance, gaming",False
b81a9,Female,29,25-34,United States,Stevensberg,"sports, photography",False
397b6,Male,40,35-44,United States,Lake Natashamouth,"art, news",False
e0b93,Other,28,25-34,United States,Port Victoria,"news, sports, gaming",False
3390a,Male,21,18-24,Japan,Williamfurt,news,False
20ba9,Female,18,18-24,United Kingdom,Lake Justinside,technology,False
c5418,Other,20,18-24,United States,South Joseph,gaming,False
1ad51,Female,28,25-34,United States,New Anitahaven,"art, news",False
ffc89,Male,30,25-34,France,Cameronburgh,"news, health",False
baa5e,Female,30,25-34,Mexico,Melvinborough,"news, gaming",False
53294,Male,23,18-24,India,South Alexander,technology,False
815d5,Male,28,25-34,Australia,East Toddbury,"food, art, fashion",False
bd89a,Female,33,25-34,Japan,Lake Douglas,food,False
d4597,Male,40,35-44,United States,Carrollport,gaming,False
bf9ac,Other,45,45-54,United States,Port Phillip,finance,False
3968b,Male,30,25-34,United States,Davidview,fitness,False
095bf,Male,28,25-34,United Kingdom,Lake Kelly,"sports, health, food",False
9a303,Female,24,18-24,India,Blairfort,"health, technology",False
50033,Male,24,18-24,Canada,North Daniel,"finance, news",False
349ca,Female,31,25-34,United Kingdom,Aguilarport,"health, lifestyle",False
e5363,Male,20,18-24,Canada,North Kayla,"fitness, finance, sports",False
f9af2,Male,17,16-17,India,West Christopher,"fitness, gaming, sports",False
97fc9,Female,18,18-24,Australia,South James,"sports, fashion",False
45290,Male,38,35-44,United Kingdom,East Megan,travel,False
a41d2,Male,17,16-17,United Kingdom,North Cindyshire,travel,False
7072c,Male,26,25-34,United Kingdom,South Kimberly,"photography, lifestyle, finance",False
f0bee,Female,25,25-34,United Kingdom,Fowlerberg,health,False
1fa53,Male,58,55-65,India,Toddborough,food,False
b7291,Male,16,16-17,Mexico,North Ronald,"health, food",False
2cdb2,Female,37,35-44,Australia,Lake Christopherville,travel,False
b7dcf,Other,32,25-34,Mexico,Whitetown,lifestyle,False
4c4d1,Female,30,25-34,United States,Bakerland,gaming,False
8d049,Female,21,18-24,Australia,Amyfurt,"technology, travel",False
71b70,Male,19,18-24,United States,West Melissa,"art, finance",False
c40a1,Female,26,25-34,United Kingdom,Gilbertberg,sports,False
51c9c,Female,51,45-54,Canada,Chasefurt,"news, lifestyle, sports",False
b5814,Male,25,25-34,India,Georgeborough,"gaming, lifestyle, news",False
39456,Male,36,35-44,Brazil,Alyssamouth,fitness,False
e5278,Male,24,18-24,Japan,East Jodi,"health, technology",False
df2ca,Female,16,16-17,Mexico,Joneshaven,travel,False
43f91,Male,47,45-54,Germany,Jasonland,"art, technology",False
eb9c9,Male,19,18-24,Germany,Joshuafurt,"photography, sports, food",False
36a7a,Male,27,25-34,Japan,Lake Brittany,"food, fashion, travel",False
2c2d6,Male,27,25-34,India,Lake Mark,"food, fashion, travel",False
cb5a7,Male,34,25-34,United States,East Nathan,"art, sports, fashion",False
2b4dc,Male,40,35-44,Canada,New Ashleychester,"fashion, health, photography",False
f11b0,Male,60,55-65,Australia,Andreston,fitness,False
e9f9a,Female,16,16-17,Canada,Lake Christinafort,"travel, fashion, lifestyle",False
2c5d7,Male,19,18-24,Japan,Spearsmouth,gaming,False
50f25,Other,31,25-34,Mexico,Charlesbury,"fashion, technology, finance",False
2a897,Male,22,18-24,United States,Stacyfurt,"food, finance",False
e742a,Male,41,35-44,Japan,Williamsfort,fashion,False
3042c,Male,21,18-24,Germany,South Julie,news,False
c8fcc,Male,21,18-24,Germany,Ellisonland,"fitness, food, gaming",False
6b772,Female,39,35-44,United States,Marisaton,health,False
18a32,Other,17,16-17,Mexico,New Kellyborough,"finance, news",False
2de16,Male,27,25-34,United Kingdom,Debbietown,"health, food",False
a4ee4,Male,30,25-34,India,South James,gaming,False
b0495,Male,34,25-34,United States,Shepherdberg,art,False
5a353,Female,31,25-34,Australia,East Heather,"lifestyle, fitness, gaming",False
5a4ae,Other,30,25-34,Germany,Port James,"fashion, health, gaming",False
238d7,Male,27,25-34,Australia,Tylerside,"sports, finance",False
22c85,Female,23,18-24,United Kingdom,West Craigchester,"travel, gaming",False
b4095,Female,22,18-24,Germany,New Erica,photography,False
f831a,Female,34,25-34,United States,Nathanielburgh,"food, lifestyle, art",False
ce596,Other,34,25-34,United Kingdom,North Nicholashaven,"technology, health",False
e89f7,Male,38,35-44,Mexico,New Ashleyville,fashion,False
96f19,Female,42,35-44,Japan,West Jason,"fashion, food",False
a7073,Male,28,25-34,India,New Susanfurt,"food, finance",False
7396d,Female,20,18-24,United Kingdom,North Alyssa,lifestyle,False
d4abf,Female,43,35-44,United States,East Josephfort,photography,False
eb535,Male,25,25-34,United States,Port Danville,"gaming, fitness",False
a8895,Male,49,45-54,Australia,North Adamview,"food, finance",False
3b395,Other,16,16-17,Canada,Walkerhaven,gaming,False
63231,Female,16,16-17,India,New Brian,technology,False
c0300,Male,32,25-34,United States,New Anne,lifestyle,False
714bc,Male,26,25-34,United States,Pattonberg,"travel, fitness",False
a32d2,Male,35,35-44,United Kingdom,New Melanie,"health, fitness, art",False
458d5,Male,20,18-24,Australia,Port Sharonville,"food, photography",False
ff3b2,Other,25,25-34,France,Smithshire,lifestyle,False
72984,Female,36,35-44,United Kingdom,Nathanbury,"fashion, finance",False
eea9e,Other,26,25-34,Brazil,Heatherville,"health, news",False
69fe3,Male,42,35-44,Germany,Medinaburgh,"news, lifestyle, finance",False
9ccef,Male,24,18-24,Mexico,Johnsonhaven,"fitness, travel",False
78f94,Female,31,25-34,United States,Smithside,"travel, food, health",False
716f2,Male,30,25-34,Brazil,Cameronfurt,"technology, gaming",False
0a947,Male,25,25-34,United States,Stephanieport,photography,False
b44b5,Male,30,25-34,Australia,Richardsonburgh,"news, gaming, art",False
3d18c,Male,21,18-24,Brazil,Ortizmouth,"travel, technology, sports",False
238d1,Male,42,35-44,India,Holtbury,fitness,False
9a34a,Male,16,16-17,France,Lake Mariastad,"gaming, photography, travel",False
0c658,Female,34,25-34,United States,North Lisa,art,False
33268,Male,22,18-24,United States,East Charles,"gaming, news, fashion",False
bf4c4,Male,20,18-24,Canada,North Jessica,"finance, fitness, art",False
59d88,Male,20,18-24,Brazil,Barryview,"sports, gaming",False
78dbc,Male,38,35-44,United Kingdom,South Gabriel,travel,False
75219,Male,23,18-24,United States,Bakerville,"sports, food, technology",False
8af72,Female,23,18-24,Canada,East Holly,technology,False
01b97,Male,22,18-24,Canada,Alexanderfort,"food, art",False
0dbfc,Other,29,25-34,Japan,Carrollland,news,False
85f68,Male,18,18-24,United States,South Donna,"art, travel",False
290f8,Male,47,45-54,United Kingdom,Dayfurt,"gaming, finance, art",False
ec966,Male,29,25-34,United States,Kyleland,gaming,False
cf334,Other,44,35-44,Canada,Lake Stephenfurt,"fashion, photography, finance",False
96748,Male,18,18-24,Japan,Greenborough,news,False
5399e,Male,24,18-24,India,Hurstborough,fitness,False
0dc46,Female,21,18-24,Australia,Lewisside,"food, news",False
a2a61,Male,26,25-34,Australia,Sandraside,"photography, lifestyle, health",False
4cb25,Male,32,25-34,Japan,Wilsonland,"fitness, travel",False
c9ff5,Male,23,18-24,United Kingdom,West Belindaborough,"health, finance, gaming",False
4d126,Male,30,25-34,Canada,Adamtown,"fashion, food, art",False
9286e,Female,36,35-44,Australia,Ericaton,news,False
ef090,Female,30,25-34,Canada,Lake Wesleyborough,lifestyle,False
29811,Female,36,35-44,France,Campbellmouth,"travel, news",False
2ef3e,Male,24,18-24,India,Bartontown,"finance, fashion",False
f9489,Other,16,16-17,Germany,Nicolefurt,"health, technology, news",False
324bf,Male,24,18-24,Canada,Hartmanchester,"finance, lifestyle, health",True
00d31,Female,17,16-17,Canada,Jamesfurt,technology,False
e43f4,Male,32,25-34,Canada,Port Kelly,fashion,False
168cf,Female,65,55-65,United States,Garciaberg,"gaming, travel",True
a4d4d,Male,29,25-34,Japan,Pattonmouth,art,False
22e4c,Male,18,18-24,United States,Hebertchester,"gaming, lifestyle, finance",False
17002,Female,20,18-24,Germany,Herreraland,"fitness, news, gaming",False
51116,Male,29,25-34,India,Matthewsberg,"travel, food",False
72e37,Male,26,25-34,Brazil,Richardsonstad,"sports, news, lifestyle",False
8840e,Female,21,18-24,United States,Lake Thomas,"travel, gaming",False
3e202,Female,26,25-34,Japan,North Janet,"photography, fashion, fitness",False
4d336,Male,24,18-24,India,New Rebeccastad,"lifestyle, news",False
1c90d,Male,19,18-24,United States,Alexandermouth,"lifestyle, news, fashion",False
c9895,Male,25,25-34,United States,New Davidville,gaming,False
2d081,Male,24,18-24,United Kingdom,New Benjaminshire,gaming,False
40d9e,Male,32,25-34,United Kingdom,Mooreland,"lifestyle, photography",False
01e10,Female,28,25-34,France,East Harryville,sports,False
6f94c,Male,21,18-24,Canada,Delacruzchester,travel,False
205cd,Male,25,25-34,India,Robinsonberg,"travel, fashion, lifestyle",False
9dff4,Female,28,25-34,United Kingdom,Harperside,sports,False
05b29,Female,25,25-34,United Kingdom,Lake Scottville,"gaming, news",False
66fed,Male,31,25-34,Australia,Lake Taraland,fashion,False
76805,Male,37,35-44,United States,East William,"food, fashion, technology",False
7c241,Other,23,18-24,United Kingdom,Juliaberg,"sports, photography",False
074f3,Male,24,18-24,France,South Cynthia,news,False
d8053,Female,30,25-34,Brazil,Mariaberg,"photography, food, news",False
a81ca,Other,25,25-34,India,Christopherstad,fitness,False
141b4,Male,37,35-44,Mexico,Deannafort,"lifestyle, fitness, food",False
10621,Female,40,35-44,Germany,Michealfort,"finance, food",False
d818d,Male,48,45-54,United States,Watsonfort,food,False
119d3,Male,28,25-34,United Kingdom,East Amyport,"lifestyle, fashion, gaming",False
9880d,Female,19,18-24,United States,Nunezstad,"travel, art, technology",False
84093,Male,34,25-34,United Kingdom,West Patriciashire,"lifestyle, travel",False
95fd9,Female,29,25-34,United Kingdom,West Jessica,"technology, art",False
73c13,Male,26,25-34,United States,Mcdonaldport,"sports, news",False
ff718,Female,26,25-34,United States,Bradleyville,"health, gaming",False
60b2c,Male,34,25-34,United States,South Alexis,"photography, fashion, news",False
86b4c,Female,29,25-34,United States,Port Ritaville,travel,False
c4ada,Male,19,18-24,Brazil,New Amychester,"food, sports",False
86b89,Male,30,25-34,United Kingdom,Amandaborough,finance,False
90005,Female,21,18-24,United States,Brendanville,"travel, finance",False
3eb6e,Female,27,25-34,Brazil,Elliottberg,"fashion, gaming",False
0b999,Female,23,18-24,United States,Murphyton,"news, photography",False
53ec4,Male,37,35-44,Germany,Lake Nicholas,photography,False
81543,Male,23,18-24,Canada,Jennyberg,news,False
e964e,Female,23,18-24,France,Mccormickborough,"news, art, photography",False
e1625,Male,25,25-34,India,Vincentchester,"sports, news, photography",False
d0e20,Male,29,25-34,Japan,Littlestad,"finance, lifestyle",False
0b158,Male,17,16-17,United States,Dawnfurt,art,False
d25fb,Other,20,18-24,United Kingdom,Lake Jessica,fitness,False
20af5,Male,37,35-44,United Kingdom,Scottview,health,False
9e0b3,Female,65,55-65,United States,New Randyfort,"fashion, technology, travel",False
bc59f,Female,25,25-34,India,Port Megan,"lifestyle, technology",False
26c6e,Female,35,35-44,United States,South Joseph,photography,False
7c722,Male,43,35-44,Canada,West Stephanie,"art, finance",False
913e3,Female,29,25-34,Mexico,New Nicole,"fashion, news",False
2f3f7,Male,19,18-24,United Kingdom,Port Brent,"gaming, finance, photography",False
cff0a,Female,39,35-44,United Kingdom,Lake Luisburgh,gaming,False
ad03f,Other,29,25-34,Canada,Port Marymouth,"photography, sports",False
bf76d,Male,22,18-24,United States,East Amanda,photography,False
31f54,Male,35,35-44,Canada,East Jenniferside,"finance, news",False
85f09,Male,26,25-34,United Kingdom,Brownfurt,"technology, news",False
e6f4a,Male,22,18-24,Japan,Melissastad,"art, finance, travel",False
381fc,Female,24,18-24,United States,East Brad,"fashion, news",False
a2058,Male,33,25-34,United States,South Johnborough,"fashion, lifestyle",False
f901a,Male,16,16-17,Canada,Port Sara,"photography, finance",False
e5731,Male,39,35-44,United States,Jennifermouth,travel,False
a5294,Male,21,18-24,Germany,North Aaron,"photography, technology, food",False
b299c,Male,21,18-24,United Kingdom,North Rogerhaven,"fitness, sports",False
51184,Male,23,18-24,Brazil,Nataliebury,"news, lifestyle",False
506c0,Male,16,16-17,Germany,East Peggy,"photography, fitness",False
51b43,Female,16,16-17,United States,Isaacview,"health, photography",False
ffa8e,Male,36,35-44,Germany,New Adam,"technology, sports, food",False
5148a,Female,40,35-44,United Kingdom,Gregoryshire,news,False
f82d9,Male,27,25-34,United States,Loriborough,"travel, fitness",False
8b93e,Other,40,35-44,United States,Michelleberg,"fashion, lifestyle, gaming",False
27267,Male,32,25-34,Germany,South Janet,health,False
1a99b,Male,26,25-34,United States,Port Kellyberg,fashion,False
65efa,Other,34,25-34,United States,Justinstad,"photography, sports, fitness",False
61903,Male,19,18-24,Canada,West Jessica,"health, lifestyle",False
e9a04,Female,34,25-34,Germany,Ericmouth,finance,False
29dcf,Male,26,25-34,Canada,Lake Timothy,"fashion, news, art",False
534db,Female,23,18-24,Canada,Port Amy,"photography, food, fitness",False
944ff,Other,26,25-34,Germany,Olivermouth,"news, fashion, fitness",False
ecd8b,Female,24,18-24,United States,East Cameron,"sports, lifestyle",False
c5552,Female,31,25-34,Mexico,East Tara,finance,False
85a74,Female,30,25-34,United States,Port Josephburgh,food,False
9c620,Female,27,25-34,Brazil,Woodsfurt,finance,False
a3c57,Male,35,35-44,India,Clarkberg,"art, fitness, technology",False
d83d5,Male,44,35-44,India,Mitchellstad,"photography, art",False
6d15c,Female,46,45-54,United Kingdom,Frederickton,photography,False
0c5fb,Male,19,18-24,Mexico,Lake Melissachester,"travel, finance",False
e828c,Female,31,25-34,India,North Brooke,"fitness, technology, gaming",False
dca65,Female,22,18-24,Canada,Racheltown,"technology, photography, food",False
a3b26,Female,23,18-24,United Kingdom,Williamsmouth,gaming,False
681e1,Male,20,18-24,Canada,South Kimberlyburgh,"fashion, gaming",False
5f19f,Female,27,25-34,United States,West Melissa,lifestyle,False
63057,Male,21,18-24,United States,Heidimouth,food,False
a4621,Male,20,18-24,India,Port Jamesmouth,photography,False
712fc,Female,22,18-24,United States,South Adrianton,gaming,False
9f8a2,Female,30,25-34,Brazil,Henryshire,health,False
e7e83,Male,30,25-34,Canada,Jamieland,"travel, technology",False
0655a,Other,35,35-44,Australia,New Lauren,fashion,False
724c9,Male,22,18-24,United Kingdom,Lake Kevin,"travel, fashion",False
3ea2c,Female,28,25-34,United States,Aaronville,"fashion, food",False
c8bc6,Male,24,18-24,United States,Boydchester,"health, food",False
b990c,Male,25,25-34,India,New Edwardside,travel,False
58634,Male,24,18-24,United Kingdom,Jasminechester,"sports, fashion, food",False
386ed,Other,23,18-24,Canada,Frederickchester,technology,False
0fb65,Male,22,18-24,United States,South Waynefort,"food, sports, health",False
2eaa1,Other,34,25-34,United States,Meganbury,"art, finance, fitness",False
c189d,Male,19,18-24,Canada,Angelamouth,gaming,False
7f26b,Female,33,25-34,Germany,Kimberlyville,gaming,False
5f6e9,Male,23,18-24,United Kingdom,Shieldshaven,"technology, art, gaming",False
46ed7,Other,39,35-44,Australia,West Davidshire,"news, finance, travel",False
36a75,Female,18,18-24,India,Lake Stephanieland,"food, travel",False
fb169,Male,21,18-24,Mexico,Ernestland,health,False
b9bfe,Female,35,35-44,France,North Lisa,"photography, health",False
b9a3d,Male,31,25-34,United States,South Angelaview,fashion,False
b992c,Other,30,25-34,France,New Robert,travel,False
c7e1d,Male,29,25-34,Germany,Johnsonmouth,"food, news",False
55ed8,Male,19,18-24,Germany,Joelfurt,"health, news",False
4c13a,Male,65,55-65,United States,Port Gregory,"health, travel, fitness",False
1085c,Male,17,16-17,Japan,Haleburgh,"finance, fashion, technology",False
d2bf5,Male,23,18-24,United States,New Natalie,"gaming, travel",False
b93c2,Male,22,18-24,India,Farleyshire,"photography, fitness",False
560b7,Female,17,16-17,Mexico,South Jacquelineview,art,False
25a71,Other,26,25-34,United Kingdom,Rebeccafurt,travel,False
562e9,Male,42,35-44,United States,South Aprilburgh,"lifestyle, fitness, gaming",False
3c36d,Male,21,18-24,Japan,Port Robinborough,"fashion, travel, health",False
22fd6,Male,16,16-17,United States,East Tammy,"fitness, photography, health",False
7489b,Other,16,16-17,Australia,Sharonmouth,technology,False
46df2,Male,43,35-44,United States,Jonesfort,photography,False
90480,Male,40,35-44,Canada,Stokesport,technology,False
6b3cd,Male,31,25-34,United States,Kevinland,travel,False
f47d4,Female,30,25-34,France,Anitatown,food,False
6feae,Male,17,16-17,United Kingdom,New Jeffrey,"food, fashion",False
83473,Male,22,18-24,United Kingdom,Lake Justin,"travel, health, fitness",False
22062,Male,32,25-34,United States,West Tina,"photography, technology",False
5300d,Other,31,25-34,Japan,Saraburgh,technology,False
ddb77,Male,21,18-24,United States,Alyssatown,lifestyle,False
5b061,Male,27,25-34,Canada,Tonyaville,"technology, fitness",False
db61f,Female,26,25-34,United Kingdom,Jimborough,sports,False
33344,Male,21,18-24,France,Lake Josephborough,"art, gaming",False
a3cb3,Female,20,18-24,United Kingdom,Taylorton,finance,False
a0413,Female,25,25-34,Australia,Robinsontown,lifestyle,False
e1921,Female,21,18-24,India,Lake Michelle,"finance, lifestyle, sports",False
05bc8,Male,44,35-44,Japan,Lake Arthur,"photography, food, sports",False
72648,Female,19,18-24,United States,Johnsonbury,"fitness, technology, sports",False
816b7,Female,40,35-44,United States,Christopherfurt,"news, technology",False
4d9a0,Male,23,18-24,France,West Christinaside,"food, fitness, travel",False
29901,Male,38,35-44,India,Brendamouth,"fitness, sports",False
a0f9a,Male,18,18-24,Germany,South Brianberg,"fashion, food, fitness",False
d57ee,Other,25,25-34,United States,Danielchester,travel,False
2b339,Female,22,18-24,United Kingdom,Maryton,"gaming, news",False
5fe90,Male,30,25-34,United States,East Dakota,"health, gaming",False
6d50a,Other,29,25-34,United States,New Laurie,"finance, art, health",False
0c78e,Male,18,18-24,United Kingdom,South Johnathanchester,"lifestyle, travel, food",False
44374,Male,27,25-34,India,New Melissashire,"fashion, photography",False
13919,Male,32,25-34,United Kingdom,Longborough,health,False
3d361,Male,32,25-34,Canada,Port Kevinfort,"photography, fitness, gaming",False
5f8e8,Female,45,45-54,United States,Port Dianamouth,"art, technology",False
217bf,Male,25,25-34,Australia,East Emily,"travel, health",False
f3560,Male,22,18-24,United Kingdom,Espinozaville,travel,False
175c2,Male,20,18-24,United States,West Kelsey,"news, technology, sports",False
e9b23,Male,41,35-44,United States,Singletonport,fashion,False
cd15c,Female,25,25-34,United States,Lake Scottmouth,"photography, lifestyle, food",False
f891a,Female,24,18-24,United States,Wheelerland,food,False
b5177,Male,27,25-34,Canada,Lorraineton,technology,False
2ac0f,Male,16,16-17,Australia,Grantmouth,"travel, food, health",False
4144b,Female,20,18-24,Brazil,West Philip,"food, fashion",False
5706a,Female,30,25-34,France,East Nicholasport,"photography, health",False
1b842,Female,21,18-24,Germany,South Jill,food,False
9d484,Male,52,45-54,France,Kristinberg,"fitness, news",False
802b4,Male,28,25-34,India,New Kathryn,travel,False
6083e,Male,21,18-24,Japan,Lauratown,news,False
b6fa5,Female,31,25-34,United Kingdom,Lake Stephaniestad,"fashion, food",False
911a6,Male,33,25-34,Canada,West Kristen,finance,False
4fbe3,Female,47,45-54,India,Estradaville,"travel, art, photography",False
3ec00,Female,22,18-24,United States,North Michael,fashion,False
010f5,Male,29,25-34,India,Annefort,"food, photography, news",False
81f42,Male,16,16-17,Germany,Austinton,"fitness, news",False
3dfd4,Male,26,25-34,France,East Eric,fitness,False
530ba,Male,19,18-24,United States,Lake Victor,"photography, gaming",False
00567,Male,28,25-34,United States,Lake Andrew,gaming,False
13864,Male,18,18-24,Australia,West Larry,"health, art, gaming",False
2f0bb,Other,33,25-34,Japan,Kelleyville,"fitness, food",False
32eea,Female,30,25-34,Germany,Port Carolfort,news,False
1184e,Male,28,25-34,Japan,East Elizabethview,"lifestyle, health",False
787ba,Female,38,35-44,United Kingdom,Davidland,"travel, news, photography",False
2d895,Male,25,25-34,Germany,South Denise,"gaming, lifestyle, technology",False
031ba,Female,19,18-24,Japan,New Frederickfort,"technology, fashion",False
9cf3d,Male,28,25-34,India,South Lauraside,"gaming, technology, news",False
b26ca,Male,39,35-44,Canada,Port Jeffreyberg,"fashion, gaming, health",False
d7963,Male,24,18-24,India,Wilsonshire,"news, sports, travel",False
e4efa,Male,22,18-24,United Kingdom,Robertsstad,"finance, photography, art",False
0ffc6,Male,34,25-34,Germany,Lake Martha,"health, sports, lifestyle",False
42420,Male,41,35-44,Australia,North Dillonberg,"fitness, art, fashion",False
ff08d,Male,21,18-24,Canada,East Tiffany,"food, travel",False
935da,Male,25,25-34,United States,New Thomas,"fitness, art",False
6e65b,Male,44,35-44,United States,New Kiara,"finance, fashion",False
e7697,Male,24,18-24,United States,Lake Melanie,"sports, art",False
15147,Male,19,18-24,United States,Phillipsside,"art, fashion, finance",False
00f82,Female,25,25-34,India,South Brianton,travel,False
23545,Female,22,18-24,United States,West Brianhaven,"lifestyle, technology, fashion",False
170bc,Male,34,25-34,India,New Angelaville,"gaming, technology",False
47af7,Male,34,25-34,India,North Katie,"news, technology",False
cea9b,Male,18,18-24,United Kingdom,Elizabethchester,"technology, food, art",False
5feb0,Female,51,45-54,Australia,Gonzalezmouth,"news, fashion",False
6155f,Female,23,18-24,Japan,Schroederland,finance,False
687c7,Female,36,35-44,Canada,Fishermouth,"food, news",False
1a75b,Female,38,35-44,Mexico,East Ann,"travel, art, health",False
1f1b1,Male,24,18-24,United States,Smithton,"news, finance",False
4f630,Female,26,25-34,Japan,East Michaelmouth,fitness,False
fc3a6,Female,37,35-44,United States,Arthurchester,"finance, lifestyle, sports",False
4ce79,Male,27,25-34,India,West Robin,"sports, health, gaming",False
51aee,Male,26,25-34,United States,Gutierrezfurt,health,False
e2c9b,Other,28,25-34,Canada,Lonnieberg,"art, lifestyle",False
24886,Male,36,35-44,India,Andrewstown,health,False
8c96a,Male,30,25-34,Germany,East Jessica,finance,False
58874,Female,28,25-34,United Kingdom,Lake Jeffreyland,"travel, fitness, news",False
b5999,Other,16,16-17,United States,East Lauren,lifestyle,False
908a9,Male,25,25-34,United Kingdom,Hubermouth,food,False
8aa8c,Female,27,25-34,France,Jamieview,photography,False
01816,Male,25,25-34,United States,North Craig,technology,False
d7c93,Male,23,18-24,United States,West Aaronborough,news,False
ab3a9,Male,22,18-24,Germany,Newtonland,"fashion, finance",False
b99a1,Female,16,16-17,Canada,East Henry,"gaming, travel, finance",False
558d3,Female,30,25-34,United Kingdom,Sabrinamouth,travel,False
d84c0,Female,21,18-24,Canada,Jasontown,finance,False
93b62,Male,35,35-44,Canada,Munozborough,gaming,False
6c2ce,Male,16,16-17,India,Burnettborough,"finance, photography, news",False
f0179,Male,31,25-34,United States,North Brianhaven,lifestyle,False
d43a7,Male,17,16-17,Germany,Melissaberg,"fitness, lifestyle",False
441d9,Female,50,45-54,United States,North Shannon,gaming,False
ab83a,Female,27,25-34,United Kingdom,Port Brian,"fashion, food",False
a51f3,Female,45,45-54,United States,Alejandrotown,"gaming, fitness, news",False
78461,Male,19,18-24,United States,Carlsonbury,news,False
32338,Male,29,25-34,United Kingdom,Priceburgh,"sports, food",False
2c03e,Male,19,18-24,United Kingdom,Susanmouth,"news, fashion",False
d3824,Male,16,16-17,United States,East Michael,"fitness, travel",False
8d25d,Male,36,35-44,United States,East Angelaland,"lifestyle, fitness, finance",False
05379,Male,21,18-24,Canada,Wilsonton,"fashion, sports",False
7c2aa,Female,22,18-24,Canada,East Chelsea,"health, fitness, food",False
a9529,Female,21,18-24,United States,Jillstad,"finance, photography",False
fc753,Male,22,18-24,United States,West Kristen,"fitness, food, art",False
67e9b,Female,24,18-24,Germany,Markberg,"travel, technology, fitness",False
ff684,Male,34,25-34,United States,New Davidberg,"photography, fashion",False
c46bb,Male,16,16-17,Australia,Patrickmouth,fitness,False
2f1cf,Female,24,18-24,United Kingdom,New Christopherhaven,news,False
84367,Male,28,25-34,United States,West Maryland,"technology, fitness, finance",False
59ca1,Male,16,16-17,Germany,East Jeremy,fitness,False
db31a,Female,32,25-34,India,Valeriestad,"fashion, finance, food",False
a1a76,Male,38,35-44,Australia,Michaelport,"food, art",False
ce130,Female,23,18-24,United Kingdom,Munozchester,"photography, lifestyle, travel",False
93d4a,Other,18,18-24,United Kingdom,North Jasonland,"finance, art",False
965a6,Male,16,16-17,Mexico,Mosesland,"fashion, gaming",False
c4446,Male,21,18-24,France,North Andrea,lifestyle,False
b6865,Male,18,18-24,United States,Josephtown,"news, finance",False
386f2,Other,26,25-34,United States,Harrismouth,fashion,False
d73e0,Female,26,25-34,United States,Janetberg,"travel, lifestyle",False
381b1,Female,26,25-34,Australia,Russoburgh,health,False
2b4fd,Male,26,25-34,United States,North Kurt,"fashion, news",False
1ee6a,Female,47,45-54,United Kingdom,Vaughnfort,"fashion, technology, fitness",False
bfe25,Male,28,25-34,United States,Davismouth,news,False
80765,Other,25,25-34,India,West Michael,"fashion, lifestyle, gaming",False
bd39f,Male,16,16-17,United States,Victoriaside,lifestyle,False
cc081,Female,56,55-65,Germany,Lake Monicamouth,"fitness, food",False
0e557,Male,22,18-24,India,New Mitchellfurt,finance,False
550c8,Male,33,25-34,Japan,South Ashley,news,False
2fd5c,Male,18,18-24,United States,Anthonyside,health,False
df525,Female,31,25-34,United States,Lake John,"fashion, travel",False
66cfc,Male,38,35-44,United States,North Lee,"fashion, art",False
b3016,Male,23,18-24,United States,Lake Eugeneside,"fitness, lifestyle, health",False
4c482,Female,20,18-24,United Kingdom,Larryshire,"food, news, fitness",False
00eb6,Male,28,25-34,United Kingdom,Williamsport,sports,False
53467,Male,39,35-44,United States,Chelseaside,"fashion, gaming",False
5584e,Male,54,45-54,United States,New Dillonshire,"travel, photography, fitness",False
26cc3,Female,52,45-54,United States,Jaimeport,"art, sports, technology",False
61c2e,Male,30,25-34,Canada,North Amanda,"photography, technology",False
0f1a9,Male,26,25-34,Japan,Brownbury,"fitness, travel",False
deb55,Male,21,18-24,Canada,Port Tarahaven,gaming,False
04525,Female,21,18-24,Brazil,Jonesland,food,False
33eef,Other,16,16-17,France,Lake Joshua,"art, gaming",False
880f6,Male,32,25-34,United States,Port Pamelaport,"sports, art",False
d55e2,Female,16,16-17,Australia,Cathymouth,"technology, health, travel",False
b5ee7,Male,21,18-24,United States,Port Kennethhaven,"lifestyle, food, art",False
36901,Male,21,18-24,Mexico,North Nicholas,"news, fashion",False
a8f19,Female,23,18-24,Canada,West Alison,"health, finance",False
1649d,Female,26,25-34,United States,South Jeffreyton,"food, art",False
053ab,Male,57,55-65,United States,Wilsonville,"travel, fitness",False
15067,Male,27,25-34,United States,Dyerberg,"news, health, fashion",False
2f78e,Female,64,55-65,United Kingdom,East Nicole,"sports, lifestyle",False
79f2f,Female,23,18-24,France,Schultzport,"art, fitness",False
8c1d7,Male,26,25-34,India,Mercedesport,finance,False
9851b,Female,16,16-17,United States,Lake Brendahaven,"news, fitness, travel",False
a6c7a,Male,25,25-34,Australia,Port Zachary,gaming,False
f9ef9,Male,27,25-34,United States,Ronaldshire,fashion,False
e9669,Male,18,18-24,India,Brianmouth,"art, finance, health",True
7345c,Male,18,18-24,United States,South Stephanieborough,"news, lifestyle",False
2031b,Other,43,35-44,France,South Bethany,"finance, art, travel",False
96322,Female,33,25-34,India,Ashleytown,"news, health",False
a1ff1,Female,51,45-54,United States,New Scott,"health, travel",False
06883,Male,23,18-24,Canada,Davidmouth,"news, fashion, health",False
0b3eb,Male,24,18-24,Canada,Gonzalezport,art,False
629e8,Female,22,18-24,Brazil,Port Michaelburgh,"food, health, gaming",False
8697b,Male,17,16-17,Mexico,Claudiastad,"fashion, fitness",False
262f0,Female,22,18-24,United States,Chasebury,"news, sports, food",False
6033a,Female,31,25-34,India,North Karenmouth,"technology, finance",False
9d802,Male,26,25-34,India,Hinesstad,"lifestyle, food",False
ffd82,Female,41,35-44,Mexico,Vanessamouth,"technology, fitness, art",False
1f4a9,Male,27,25-34,United States,East Angela,"sports, gaming, health",False
321b8,Female,37,35-44,India,Melindachester,"sports, lifestyle, travel",False
81842,Female,20,18-24,United States,Michaelfort,finance,False
9b343,Female,26,25-34,Canada,Summerbury,"travel, art",False
fd1ba,Other,30,25-34,United States,Port Fernandoville,"art, health",False
245ce,Female,30,25-34,United States,South Jamesfurt,lifestyle,False
2c2dc,Female,55,55-65,United States,Lake Justin,art,False
54d35,Female,18,18-24,United States,Medinaport,"gaming, lifestyle",False
a8290,Other,30,25-34,United States,New Patricia,"food, news, fitness",False
bb4f2,Female,21,18-24,Canada,Thomaston,"fashion, sports, food",False
a5c3e,Male,26,25-34,United States,New Nicole,"food, lifestyle",False
58e65,Male,40,35-44,United Kingdom,New Cindy,finance,False
fe10d,Male,21,18-24,United States,Lake Charles,"travel, news",False
ee782,Female,30,25-34,Japan,Barkerton,travel,False
326b3,Female,31,25-34,Canada,New Kim,"food, photography, fashion",False
36455,Female,20,18-24,United States,Port Michael,"fitness, travel",False
fdff3,Female,36,35-44,Germany,Lake Michaelbury,"fashion, travel, food",False
5111a,Male,32,25-34,Japan,Port Robertview,"finance, travel, art",False
7ab79,Female,26,25-34,India,Brownview,"photography, news",False
d4330,Female,21,18-24,Germany,West Mark,fitness,False
96316,Male,33,25-34,United States,East Josechester,news,False
a2bc2,Male,26,25-34,United States,New Sherriberg,"health, travel, fitness",False
aab7c,Male,36,35-44,India,East Heather,art,False
1bba9,Female,30,25-34,Australia,East Todd,technology,False
41a5c,Female,37,35-44,United States,East Terri,"gaming, food",False
7fcf7,Male,23,18-24,United Kingdom,Port Stephaniechester,"fashion, finance, gaming",False
1edc6,Female,35,35-44,Mexico,Georgeland,"lifestyle, sports, finance",False
138c0,Female,42,35-44,Canada,Jessebury,travel,False
3f4d8,Female,21,18-24,Australia,Fordburgh,"health, news",False
3b8d2,Male,21,18-24,United States,Rachelborough,"fashion, gaming",False
632da,Female,28,25-34,Australia,South Julie,"technology, health",False
d60ba,Male,23,18-24,United Kingdom,West Caleb,"health, food, lifestyle",False
64397,Female,22,18-24,Canada,Kathrynberg,"fashion, photography, gaming",False
d7c4e,Female,18,18-24,United States,East Josephview,"art, gaming",False
fa519,Male,22,18-24,United States,Lake Paulfort,fashion,False
e220c,Male,45,45-54,Australia,New Rachelborough,"finance, food",False
4d8ff,Female,34,25-34,Australia,Allenland,travel,False
5401d,Male,22,18-24,United States,Lake Curtisburgh,"art, food, travel",False
efea4,Male,26,25-34,United Kingdom,East Leahfort,"art, gaming, food",False
49121,Male,33,25-34,Canada,Veronicaland,lifestyle,False
a722c,Male,44,35-44,United Kingdom,New Ryan,food,False
17160,Female,27,25-34,United States,Andreatown,art,False
1fb5d,Female,16,16-17,Germany,Taylorberg,"gaming, news",False
716c0,Male,16,16-17,United States,Camacholand,"travel, fitness",False
bed73,Male,27,25-34,United States,West Travis,travel,False
4ea9a,Male,38,35-44,Japan,West Brittanyton,"sports, lifestyle, travel",False
f798c,Male,25,25-34,Germany,Ruthchester,lifestyle,False
bc97a,Male,23,18-24,United Kingdom,Richardville,"gaming, sports",False
33ded,Male,20,18-24,Australia,Johnshire,"finance, news",False
18e55,Male,26,25-34,Australia,New Whitney,"gaming, photography, health",False
5a216,Male,26,25-34,United States,Port Stacybury,"fitness, food",False
e7e08,Male,18,18-24,United States,Edwardsberg,fashion,False
698c8,Male,38,35-44,Japan,Margaretton,health,False
5f2a1,Male,29,25-34,United Kingdom,Port Sonyamouth,travel,False
4a899,Male,20,18-24,Brazil,Johnmouth,news,False
b1955,Female,30,25-34,Australia,Lake Lisastad,"fitness, gaming",False
0982b,Female,22,18-24,India,Hensleyville,"sports, news",False
7a8bc,Female,32,25-34,Mexico,North Mark,"health, news, lifestyle",False
5b01e,Male,35,35-44,Australia,Lake Christopher,food,False
f51df,Female,30,25-34,United Kingdom,Alexanderville,travel,False
d3ee3,Male,37,35-44,Canada,Welchberg,"gaming, fashion",False
1929c,Female,23,18-24,United Kingdom,West Jeremyborough,"art, fitness",False
334bc,Female,21,18-24,Mexico,New Vanessaport,"finance, sports, gaming",False
1daba,Female,28,25-34,Brazil,Villanuevafort,"travel, technology",False
cc70e,Female,33,25-34,United States,Lake Sarah,"sports, fitness",False
d7ede,Male,24,18-24,Canada,West Leonard,"lifestyle, fashion",False
bf5ba,Female,21,18-24,Japan,Tammymouth,"photography, gaming, lifestyle",False
bc6e6,Other,40,35-44,France,Martinville,"food, sports",False
bf50c,Male,33,25-34,United States,South Stephanie,"fashion, food",False
d12f0,Other,31,25-34,Mexico,West Ryanfurt,travel,False
62709,Female,28,25-34,United States,Luceroshire,"fashion, art, sports",False
4370f,Female,18,18-24,Canada,West Sean,"travel, technology, fitness",False
dd72c,Male,25,25-34,United Kingdom,Port Graceville,"technology, travel",False
e2b12,Female,31,25-34,Japan,Lake Billy,"photography, finance, lifestyle",False
eeb72,Female,42,35-44,United Kingdom,Brandonshire,lifestyle,False
e32f0,Male,30,25-34,United States,East William,sports,False
8f64e,Female,25,25-34,Japan,Benjaminhaven,"art, news",False
e3123,Male,23,18-24,United Kingdom,Francoport,sports,True
b133d,Male,28,25-34,United States,Fieldsland,photography,False
5d663,Male,27,25-34,United Kingdom,Morrisfort,"fashion, gaming",False
0ef61,Male,44,35-44,Canada,Barrettport,"food, gaming",False
4a264,Female,19,18-24,Australia,Bridgetville,"news, lifestyle, gaming",False
e11f2,Female,20,18-24,Mexico,New Stacyland,"news, fashion",False
b120e,Male,21,18-24,United States,Monicafort,"fashion, photography, news",False
5f570,Other,22,18-24,United States,Lauriefort,"lifestyle, technology",False
f7d96,Female,22,18-24,Japan,New Julian,"health, sports, lifestyle",False
869e6,Male,29,25-34,Canada,North Natashaborough,"health, food",False
3d680,Male,25,25-34,Germany,Port Christopherside,"technology, health",False
55839,Other,33,25-34,Germany,Fowlerport,"food, lifestyle",False
72296,Female,23,18-24,United Kingdom,Wernerville,"lifestyle, news, health",False
ec31f,Female,22,18-24,United Kingdom,Wrightshire,travel,False
442ab,Female,36,35-44,United Kingdom,Brianton,gaming,False
e07d7,Male,20,18-24,Canada,Robbinsfurt,sports,False
05f2f,Other,31,25-34,United States,Michaelhaven,"finance, food, sports",False
07755,Female,47,45-54,Australia,Danielbury,"fitness, photography, food",False
2db07,Male,37,35-44,Australia,Pinedaview,news,False
52cfa,Female,39,35-44,Australia,Lake Christopher,"photography, fashion, food",False
07fd3,Female,23,18-24,United States,Kristinashire,"fashion, fitness",False
26221,Female,20,18-24,France,Nelsonberg,food,False
5b8ca,Male,35,35-44,Canada,North Patriciahaven,"health, gaming, technology",False
e67f4,Male,29,25-34,Germany,West Elizabeth,"gaming, lifestyle, news",False
7d7b7,Male,37,35-44,United States,Lake Paula,technology,False
97e0e,Female,16,16-17,Brazil,New Ann,technology,False
a4cff,Male,33,25-34,Canada,North Alyssa,photography,False
70b65,Male,24,18-24,United Kingdom,Hooverbury,"fitness, lifestyle, technology",False
01e28,Female,27,25-34,France,Jennifermouth,"sports, fashion, lifestyle",False
c9232,Male,20,18-24,United Kingdom,Kingborough,"news, art",False
c8986,Male,45,45-54,Australia,Payneton,fashion,False
88cb6,Male,18,18-24,United States,East Deborah,technology,False
0abfb,Male,29,25-34,Canada,Sydneyfurt,"art, finance",False
6706b,Male,24,18-24,United Kingdom,Arnoldborough,"gaming, art, fitness",False
e072d,Male,22,18-24,France,Port Eric,fitness,False
d2653,Female,20,18-24,United States,North Paulhaven,"finance, travel",False
24191,Female,31,25-34,United States,North Josephland,photography,False
e1fc7,Male,51,45-54,India,South Wesley,"fitness, technology",False
4198e,Male,35,35-44,Japan,Amberburgh,"art, travel, news",False
5facd,Female,20,18-24,Germany,Martinezberg,"news, food",False
aa9a7,Male,30,25-34,Australia,West Yvonne,"gaming, sports, lifestyle",False
af7cd,Male,34,25-34,United Kingdom,New James,photography,False
8fc80,Female,17,16-17,Japan,Beanborough,"fashion, gaming, sports",False
6187e,Male,52,45-54,United States,New Timothy,"travel, finance, news",False
ccd47,Female,31,25-34,India,Gilbertport,"fitness, news",False
5ad8b,Female,32,25-34,United States,Hendersonberg,health,False
eceb6,Female,20,18-24,Brazil,Pittmanton,news,False
e5c5f,Female,36,35-44,Germany,Carpenterchester,"art, health, gaming",False
72b5f,Female,29,25-34,United States,South Dawnshire,photography,False
d1b68,Other,29,25-34,France,East Austinside,"health, news, finance",False
c905e,Male,16,16-17,India,South Christopherberg,"travel, art, news",False
3abfa,Male,22,18-24,Germany,North Johntown,"finance, fashion, news",False
5340f,Male,25,25-34,United States,North Sherryhaven,"food, art",False
18d1d,Female,26,25-34,United States,North David,photography,False
94239,Female,19,18-24,Canada,East Harry,technology,False
4ab54,Female,29,25-34,United States,Lake James,lifestyle,False
998a9,Female,24,18-24,United Kingdom,Lake Angela,"fitness, technology",False
81df7,Other,31,25-34,Canada,West Andrea,food,False
74dd5,Female,34,25-34,Germany,Phamtown,technology,False
da9c0,Female,32,25-34,Germany,South Amanda,"fitness, fashion, sports",False
1ee53,Male,27,25-34,Japan,Briantown,fitness,False
5e7cd,Male,19,18-24,Germany,Laurenchester,"finance, lifestyle, sports",False
9b34d,Other,23,18-24,United States,Port Candiceborough,"technology, sports",False
e646e,Male,30,25-34,France,New Lisaville,"finance, gaming",False
37097,Female,23,18-24,Canada,Lake Christinaville,technology,False
4d198,Female,19,18-24,United Kingdom,East Zachary,fitness,False
4524d,Male,28,25-34,Germany,East Jonathan,"photography, gaming, art",False
858af,Other,16,16-17,United Kingdom,New Kellyland,"health, fitness, photography",False
1c6e1,Male,38,35-44,Brazil,Jacksonport,health,False
3d169,Female,21,18-24,Japan,Lake Danielleburgh,fitness,False
adc63,Female,35,35-44,France,North Cynthiaport,"finance, fashion, food",False
a2a9f,Other,39,35-44,Germany,Martinezland,"photography, travel",False
f01c8,Male,38,35-44,Japan,Lake Emilyborough,technology,False
8c702,Male,28,25-34,France,West Sharonhaven,finance,False
6b721,Male,30,25-34,United Kingdom,New Daniellefurt,"fitness, lifestyle",False
49d91,Male,28,25-34,Mexico,Port John,technology,False
aab12,Female,33,25-34,United States,North Vanessashire,fashion,False
e61bd,Female,22,18-24,Canada,Michaelchester,"travel, health, lifestyle",False
dc3b8,Female,24,18-24,Mexico,Edwardsside,"art, gaming, food",False
ec345,Male,21,18-24,Mexico,Lake Daniel,"finance, lifestyle, sports",False
a26f1,Other,27,25-34,Australia,New Nicholas,"health, art, lifestyle",False
f207f,Female,19,18-24,United Kingdom,Cindyhaven,"photography, fashion, travel",False
9ae53,Male,19,18-24,United Kingdom,Ericksonton,fitness,False
a6692,Other,39,35-44,United States,East Leonardmouth,"food, sports",False
980ec,Male,30,25-34,Mexico,South Anthonyburgh,gaming,False
76a04,Male,18,18-24,United Kingdom,New Antonio,news,False
16f17,Female,28,25-34,Australia,Lake Derek,"fitness, photography",False
55929,Male,25,25-34,United States,Lindaton,"art, gaming, news",False
f2f2b,Male,16,16-17,United States,Robertfort,"food, health",False
c2fa2,Female,35,35-44,Australia,South Danielmouth,"news, finance, fashion",False
2fc6e,Female,26,25-34,Canada,Masseyberg,"sports, technology",False
ce331,Female,29,25-34,India,North Jody,"food, health",False
5803f,Male,30,25-34,United States,Peterland,"technology, art, sports",False
b59b3,Male,30,25-34,United Kingdom,Port Jose,"sports, food, travel",False
c6263,Male,29,25-34,United States,Kellytown,"gaming, photography, art",False
c67ca,Male,18,18-24,United States,North Matthew,"photography, technology, gaming",False
4d6a6,Female,46,45-54,United States,Sandersburgh,"photography, sports",False
a622f,Male,30,25-34,United Kingdom,Tinamouth,"health, news",False
1fa2b,Female,30,25-34,United States,Carolinefurt,news,False
593a9,Female,30,25-34,Brazil,Aguilarport,"finance, fitness",False
82cfd,Male,26,25-34,France,Sanchezfort,technology,False
76306,Male,24,18-24,United Kingdom,New Jill,"fashion, sports",False
6d8ec,Female,22,18-24,Japan,West Timothymouth,"health, fitness",False
ed46e,Male,35,35-44,United States,Port Elizabeth,"health, fashion, finance",False
9e928,Male,33,25-34,Canada,Isaiahview,"travel, sports, health",False
98f82,Male,22,18-24,France,Barrontown,"art, gaming, news",False
5387b,Other,26,25-34,Canada,Lake Angela,"gaming, technology, photography",False
00e10,Male,30,25-34,United States,Coxfort,"photography, lifestyle",False
a90e5,Male,38,35-44,Brazil,West Erika,health,False
af927,Male,26,25-34,United Kingdom,Robertsview,fashion,False
ddf51,Female,46,45-54,Canada,North Eriktown,"travel, art, finance",False
4fa90,Male,16,16-17,Mexico,Montoyachester,fitness,False
42b3a,Male,27,25-34,United States,East Craigland,finance,False
c1be6,Male,28,25-34,Japan,East Juan,"health, finance, food",False
9e89c,Male,21,18-24,United States,East Barbaraton,"sports, finance",False
c6943,Other,51,45-54,Mexico,West Matthew,news,False
6ddd1,Male,39,35-44,United Kingdom,Ronaldbury,"news, lifestyle",False
aecf3,Male,30,25-34,Japan,South William,"finance, photography, fashion",False
a2fc8,Female,36,35-44,United States,North Kathyside,"sports, food, photography",False
d8e09,Female,28,25-34,United States,Nashton,"fashion, travel",False
50f81,Male,18,18-24,United Kingdom,Port Frank,"sports, finance, food",False
0dac5,Other,22,18-24,Japan,Geoffreychester,fitness,False
55a93,Other,22,18-24,United States,Thomasberg,fashion,False
a2387,Male,28,25-34,United Kingdom,Lindsayport,sports,False
3442c,Male,35,35-44,United Kingdom,West Nathan,news,False
4024d,Male,40,35-44,United States,Erikabury,gaming,False
f51b8,Male,19,18-24,Germany,Carlaborough,"news, technology",False
e4c98,Other,22,18-24,United States,Weberchester,"news, lifestyle",False
bf001,Male,25,25-34,United States,Audreychester,"food, lifestyle, art",False
e39aa,Other,25,25-34,United Kingdom,Perezchester,finance,False
8be44,Male,29,25-34,United Kingdom,Jordantown,"fashion, food",False
70627,Other,32,25-34,United States,Huntmouth,"sports, fitness, technology",False
ca44a,Male,33,25-34,Mexico,Olsonchester,"sports, health",False
32ec0,Male,18,18-24,India,North Ginahaven,"news, health, travel",False
98bfe,Male,28,25-34,United Kingdom,Lake Allenmouth,"finance, travel",False
b4125,Other,26,25-34,United Kingdom,Victoriashire,"sports, art, food",False
d5251,Female,31,25-34,United States,North Rebekahside,art,False
2c805,Male,46,45-54,United Kingdom,Crawfordport,"travel, lifestyle, fitness",False
5e63c,Male,27,25-34,United States,Bradfordtown,health,False
e2c81,Female,27,25-34,United States,Littlestad,"gaming, news",False
f58df,Female,19,18-24,Germany,Rojasburgh,"lifestyle, travel, news",False
a0f2a,Male,40,35-44,Germany,Lake Aliciaside,photography,False
e53b4,Male,21,18-24,United States,Port Darleneberg,"finance, technology",False
b1ca8,Other,26,25-34,Brazil,Port Timothy,sports,False
c64c0,Male,40,35-44,United States,Alexland,sports,False
18fb3,Male,22,18-24,India,Port Charles,health,False
0b93e,Female,28,25-34,United States,Durhamside,"health, art",False
19e75,Male,23,18-24,Mexico,West Charles,"health, sports, fashion",False
cc2d7,Other,16,16-17,United States,Port Jeffrey,news,False
24c3b,Male,17,16-17,Japan,Jonesborough,photography,False
b46a7,Male,20,18-24,Mexico,Wendyburgh,"technology, gaming, health",False
47e88,Male,23,18-24,United States,Port Brianland,art,False
28919,Male,33,25-34,India,Copelandville,"health, food, fitness",False
4c8cd,Female,29,25-34,India,Alexanderport,fashion,False
0b4a2,Female,23,18-24,India,Rebeccamouth,travel,False
0c4f6,Male,30,25-34,United States,Christopherville,photography,False
fdb92,Male,19,18-24,Canada,Brownton,"news, art, health",False
7f985,Male,25,25-34,United Kingdom,New Reginaldville,"health, gaming, sports",False
7e798,Male,22,18-24,United Kingdom,East Brendaton,"lifestyle, health, food",False
117c9,Male,16,16-17,Germany,South Christopher,health,False
8e633,Female,26,25-34,Australia,Haleton,"photography, fitness, food",False
15515,Female,31,25-34,India,Karenfort,technology,False
a5582,Male,18,18-24,Germany,West Rebeccaland,"lifestyle, photography, fashion",False
b83f5,Male,26,25-34,United States,Adamshire,gaming,False
13584,Male,25,25-34,United Kingdom,Port Stephanieton,"food, photography, gaming",False
b4c68,Other,18,18-24,United Kingdom,Fergusonborough,"news, lifestyle, art",False
4ab8b,Male,31,25-34,United States,Port Savannah,fashion,False
6c9c1,Female,22,18-24,Brazil,Port Philipmouth,fashion,False
3b93b,Male,30,25-34,United States,Harrisonport,"finance, food",False
5ffbf,Male,16,16-17,Brazil,Stewartton,technology,False
e8d06,Male,20,18-24,Mexico,Salinasmouth,"food, fashion",False
84445,Male,16,16-17,United Kingdom,South Thomas,sports,False
a971e,Male,31,25-34,India,West Kevin,"sports, fashion",False
a093e,Male,21,18-24,United States,Tylerport,"finance, fitness, lifestyle",False
f8e0c,Female,26,25-34,Canada,New Melanie,"travel, technology",False
9dc3d,Female,29,25-34,United Kingdom,Jamesfurt,"fitness, technology",False
3214f,Male,24,18-24,Brazil,East Kevinchester,technology,False
1f77e,Female,36,35-44,India,Chanhaven,"travel, food, photography",False
67e49,Male,25,25-34,Australia,West Matthew,"sports, gaming, fashion",False
c3bd8,Male,30,25-34,United States,Jasonmouth,"finance, health, sports",False
9420e,Male,36,35-44,Canada,Michellefurt,"food, sports, fashion",False
85541,Male,46,45-54,Mexico,Lake Judithshire,"news, gaming, finance",False
a0ee1,Male,35,35-44,Mexico,Leeview,"health, art",False
06290,Male,22,18-24,United States,Tannermouth,"art, gaming",False
b40a2,Female,32,25-34,United Kingdom,Pattersonville,"technology, finance, fashion",False
faab0,Female,16,16-17,Australia,Vickiview,technology,False
8ce07,Male,22,18-24,Brazil,Lake Russell,technology,False
523ac,Female,30,25-34,India,Ericaton,"gaming, sports, finance",False
77d4b,Male,27,25-34,Brazil,Port Andreashire,"health, technology",False
ecd17,Other,34,25-34,United States,Lake Marybury,news,False
51267,Female,18,18-24,United States,Kimfort,art,False
9e8c7,Male,30,25-34,Brazil,West Oliviaborough,"finance, fitness, food",False
ebea7,Male,37,35-44,United Kingdom,Port Cynthiatown,"fitness, food, technology",False
aa8d0,Male,24,18-24,United States,Andreaberg,"gaming, finance, food",False
43b3f,Other,38,35-44,United Kingdom,North Patrickborough,"sports, fashion, fitness",False
56c1e,Male,23,18-24,United States,Briannaberg,photography,False
082cc,Male,22,18-24,Australia,East Carl,"travel, art, health",False
40412,Male,26,25-34,Canada,North Brian,travel,False
8f935,Male,17,16-17,United States,Mcguireburgh,health,False
93c94,Male,28,25-34,Brazil,Port Joshuafurt,"fitness, sports, technology",False
7116c,Male,39,35-44,United States,West Corey,"gaming, fitness, photography",False
910b5,Female,28,25-34,India,New Jessica,gaming,False
0a8ca,Female,36,35-44,Canada,West Johnville,"sports, fitness, travel",False
87ba0,Female,19,18-24,Japan,Malloryshire,food,False
00bbf,Female,22,18-24,United States,South Jennifer,"food, fashion, sports",False
fcaa2,Male,30,25-34,United Kingdom,New Kathymouth,"finance, art, food",False
8804d,Male,18,18-24,Brazil,Juanton,fashion,False
ca7e6,Male,25,25-34,India,New Dylan,"finance, gaming, art",False
0d6fc,Male,26,25-34,Brazil,Robertview,"art, food, fitness",False
7a169,Female,31,25-34,Germany,Fordburgh,"food, news",False
769de,Other,24,18-24,United States,East Meganberg,technology,False
19cc6,Female,22,18-24,United States,Saramouth,news,False
ade15,Male,38,35-44,Brazil,Davidtown,"health, fitness",False
ec85d,Female,35,35-44,Canada,Hansonland,gaming,False
a433b,Male,34,25-34,United States,Riversfurt,travel,False
7046d,Male,34,25-34,United States,Port Sarah,"art, lifestyle, gaming",False
fc0cc,Male,39,35-44,Germany,Pierceburgh,"fitness, news",False
06477,Female,17,16-17,United Kingdom,New Deannafort,fashion,False
a9ef8,Female,39,35-44,United States,West Ashleefurt,photography,False
fde6a,Male,29,25-34,United States,New Nathanielmouth,"food, health",False
e71cf,Male,22,18-24,Canada,Westbury,"health, news, art",False
3018c,Male,26,25-34,Canada,Lake Jasmine,"art, sports",False
823cd,Male,37,35-44,United States,North Andreachester,"sports, finance",False
d0752,Male,21,18-24,France,Jamiefort,"technology, travel",False
5e169,Male,41,35-44,United States,Barbarahaven,"sports, fashion",False
b81e0,Male,26,25-34,France,Juliechester,gaming,False
de54d,Male,28,25-34,Canada,East Monicaberg,"gaming, photography, fashion",False
37339,Male,29,25-34,United Kingdom,Madisonmouth,fitness,False
04ab8,Male,24,18-24,Germany,New Jeremy,"gaming, food",False
4f166,Female,24,18-24,Brazil,Walkerside,travel,False
57a7e,Female,25,25-34,United States,Wileyhaven,health,False
45b15,Male,16,16-17,United States,Cynthiastad,lifestyle,False
261ca,Female,29,25-34,Germany,Alexanderbury,"travel, fitness, gaming",False
bd0f7,Female,20,18-24,United States,New Michaelside,"food, news, fitness",False
a967f,Female,45,45-54,India,East Kevinfort,sports,False
4ce12,Other,28,25-34,United States,Gloriaport,"news, travel",False
f20a1,Female,21,18-24,Mexico,Perkinsville,gaming,False
9c38b,Male,32,25-34,India,Mccartymouth,"fashion, sports",False
434a1,Female,35,35-44,Canada,Melissafort,sports,False
fb92c,Male,23,18-24,United Kingdom,Tammytown,photography,False
f776d,Female,31,25-34,Australia,Sandersborough,"fitness, food, photography",False
d8859,Male,20,18-24,Japan,New Rebecca,"art, lifestyle",False
f1915,Other,17,16-17,United Kingdom,Jeffreyshire,"news, lifestyle",False
e41e5,Male,26,25-34,Canada,West Jennifer,"fashion, finance",False
4ded7,Female,32,25-34,United Kingdom,Navarrofurt,"art, food, sports",False
f9e4b,Male,19,18-24,Germany,Lambton,art,False
7b5c8,Male,37,35-44,United States,East Victoria,"fashion, health, lifestyle",False
2c881,Other,65,55-65,United Kingdom,Lake Diane,"finance, sports, fitness",False
9566a,Male,24,18-24,Canada,Courtneyview,"technology, gaming, news",False
d3510,Female,58,55-65,United States,West Roberttown,"gaming, finance",False
b2a65,Male,37,35-44,United States,Simpsonton,travel,False
ef1c1,Male,21,18-24,United Kingdom,South Jeffreychester,lifestyle,False
b3550,Female,16,16-17,Germany,Hallview,fitness,False
f6d07,Male,29,25-34,United Kingdom,South Ashleytown,sports,False
2c0ee,Male,23,18-24,United States,West Ryanchester,"health, technology",False
2c634,Female,19,18-24,France,Lake Patricia,fashion,False
1f062,Other,47,45-54,Australia,Garciatown,"food, fashion, fitness",False
3f088,Male,29,25-34,United States,North Benjamin,"health, gaming",False
f97fd,Female,30,25-34,United States,New Veronica,health,False
a9f3d,Male,38,35-44,India,Millerton,"news, art",False
ae371,Male,26,25-34,Canada,West Timothyhaven,art,False
d93d2,Female,35,35-44,United States,Lake Kaitlyn,"travel, technology, food",False
40105,Male,36,35-44,Germany,Chenchester,technology,False
4fa89,Female,18,18-24,Mexico,South Kevin,"photography, fitness, news",False
98ee6,Male,25,25-34,United Kingdom,Rebeccafurt,"travel, finance, photography",False
f3a09,Male,38,35-44,Germany,Wrightmouth,food,False
7c08a,Female,31,25-34,United Kingdom,Clarkborough,"gaming, fitness, lifestyle",False
7cf53,Other,29,25-34,India,Mayston,"art, photography, travel",False
6e91f,Male,26,25-34,Canada,North Vincentmouth,"lifestyle, sports, health",False
2cff5,Male,33,25-34,United Kingdom,New Steven,"travel, lifestyle",True
be219,Female,40,35-44,Canada,Kelseyfurt,photography,False
6c578,Female,25,25-34,Canada,Yvonnetown,"gaming, health",False
21ea4,Male,25,25-34,United Kingdom,Port Johnfurt,"fitness, photography, gaming",False
040e1,Male,23,18-24,United States,Karenville,"photography, fashion, finance",False
77f7d,Male,18,18-24,Australia,Ericville,"fashion, finance, sports",False
4ca83,Male,21,18-24,United Kingdom,North Veronica,photography,False
f48d1,Other,35,35-44,United States,Batesview,fashion,False
15f8c,Male,20,18-24,Australia,South Andrew,"gaming, travel",False
3bc44,Female,24,18-24,India,South Jermaine,travel,False
f8fbe,Male,23,18-24,Canada,South Joan,fashion,False
6e08a,Female,25,25-34,United Kingdom,Coleport,"gaming, photography, news",False
a125b,Male,39,35-44,Germany,Amberstad,"finance, food",False
fed84,Female,28,25-34,United Kingdom,East Nathanchester,food,False
ac260,Male,28,25-34,United Kingdom,Wardchester,"news, gaming, sports",False
177ac,Female,20,18-24,Australia,Isaiahburgh,"finance, news",False
c3856,Female,32,25-34,Brazil,Millerland,food,False
8d9eb,Male,20,18-24,Mexico,South Davidfurt,finance,False
e377d,Female,35,35-44,Canada,Port Adam,"fitness, health, news",False
0584d,Male,24,18-24,India,East Jasminefurt,"travel, photography",False
db3fe,Male,28,25-34,Germany,Port Daniellebury,"finance, travel, lifestyle",False
a7530,Female,55,55-65,Australia,Mariaview,"news, fashion, photography",False
95575,Male,17,16-17,India,North Joseburgh,finance,False
558f2,Male,20,18-24,India,East Danielton,travel,False
b6df8,Male,32,25-34,United States,Garciaborough,"fashion, health",False
baf38,Male,36,35-44,United States,Smithstad,"fitness, art, news",False
0023e,Female,35,35-44,India,South Lauren,"lifestyle, fitness, health",False
c413e,Male,28,25-34,United States,Ryanbury,news,False
27077,Male,26,25-34,United States,Nicholasport,gaming,False
c4925,Male,19,18-24,Canada,North Kristophershire,"fitness, technology",False
96aa4,Male,29,25-34,Mexico,New Philipport,food,False
b7af5,Male,21,18-24,United States,West Stevenfort,health,False
9ac75,Female,34,25-34,France,West Roberta,"food, technology",False
373f8,Male,27,25-34,India,Hillborough,gaming,False
a2f46,Male,24,18-24,Germany,Tylerfort,lifestyle,False
445eb,Other,21,18-24,Australia,Smithmouth,"technology, art, gaming",False
beaf7,Male,30,25-34,United States,North Tracy,health,False
02e39,Male,27,25-34,India,New Tammymouth,travel,False
070d2,Male,36,35-44,Japan,South Desiree,health,False
91ca5,Male,16,16-17,United States,Boydberg,"fashion, technology, news",False
a4221,Male,26,25-34,United States,Nathanfurt,"finance, technology, food",False
c4211,Female,25,25-34,Canada,Joshuaburgh,food,False
b54fd,Female,33,25-34,United Kingdom,New Brittanyburgh,"fitness, food, travel",False
bb5a6,Female,19,18-24,Australia,North Kathleenmouth,"food, travel",False
84323,Male,23,18-24,Canada,Jasonberg,fashion,False
96f60,Male,26,25-34,United Kingdom,Danielbury,"travel, news, technology",False
b85b8,Male,16,16-17,United States,Port Kaylahaven,"sports, photography, news",False
14630,Male,33,25-34,Canada,Cuevastown,"health, technology",False
dd6f2,Male,16,16-17,United States,West Christopher,"travel, technology, lifestyle",False
07035,Male,20,18-24,Brazil,Frankland,"news, finance, fashion",False
d2708,Male,31,25-34,Japan,Tammybury,"fitness, health, food",False
50ab0,Other,56,55-65,United States,North Jacquelineborough,"fitness, food",False
145c6,Male,25,25-34,Germany,New Aprilmouth,"food, news",False
225cf,Female,17,16-17,United Kingdom,Grosshaven,"finance, travel",False
3c5a3,Other,16,16-17,United States,Joneston,travel,False
9f98b,Female,25,25-34,United States,Monicaton,"fitness, photography, gaming",False
39858,Male,22,18-24,Australia,Jonesland,"technology, travel",False
b53df,Male,25,25-34,United Kingdom,New Ericaland,"fashion, finance",False
a044e,Other,25,25-34,Canada,Jenniferland,gaming,False
b9a24,Female,49,45-54,India,East Randallport,"fitness, technology, photography",False
ca843,Male,20,18-24,Canada,Waterston,"art, food, lifestyle",False
876c1,Male,41,35-44,United States,Gregoryberg,sports,False
87758,Male,29,25-34,United Kingdom,Scottborough,"travel, lifestyle",False
44b88,Female,23,18-24,United Kingdom,West Staceybury,gaming,False
bce8e,Male,38,35-44,United Kingdom,West Raymond,"finance, lifestyle, travel",False
0486f,Male,30,25-34,United Kingdom,Angelamouth,"fitness, food",False
89ac0,Male,20,18-24,Mexico,New Ashley,"fashion, lifestyle",False
ca35b,Male,20,18-24,United States,West Christineside,lifestyle,False
381fe,Male,23,18-24,Canada,New Douglas,"finance, food, sports",False
b4510,Male,26,25-34,United Kingdom,Angelahaven,"gaming, sports, technology",False
1e915,Male,20,18-24,United States,Jonathanland,"finance, sports",False
70da8,Male,37,35-44,United Kingdom,Thompsonborough,"technology, fitness",False
0a0a4,Female,46,45-54,Germany,Port Jodi,"lifestyle, photography",False
f38d2,Male,22,18-24,Japan,Lake Brendanville,"health, news, travel",False
84c96,Male,29,25-34,United Kingdom,Cookchester,"lifestyle, gaming, fitness",False
99b19,Male,20,18-24,Germany,Ramosmouth,"art, sports",False
2da4d,Other,28,25-34,United States,Francisside,"finance, gaming",False
d298a,Female,19,18-24,Mexico,Martinezchester,"art, fashion",False
75ad6,Male,26,25-34,Canada,Loriberg,"lifestyle, photography",False
c3348,Male,25,25-34,Australia,Robertstad,news,False
ae69e,Other,22,18-24,Japan,Cochranmouth,"fitness, lifestyle",False
ad39e,Male,24,18-24,France,West Alisontown,finance,False
05037,Female,16,16-17,Canada,West Stephanieton,"gaming, finance",False
e2875,Female,19,18-24,United States,South Alicia,"gaming, technology, fashion",False
0c68a,Male,32,25-34,Brazil,Timothyville,"fitness, technology",False
5bf8c,Other,20,18-24,India,New Sandraberg,"food, finance, sports",False
db644,Male,31,25-34,Germany,Dudleymouth,food,False
94171,Male,28,25-34,Mexico,West Veronica,sports,False
a36f6,Male,63,55-65,United States,Kingbury,sports,False
c865c,Male,22,18-24,United Kingdom,Vargasfurt,"food, lifestyle",False
79062,Male,35,35-44,Japan,New Robin,"health, fitness",False
27961,Female,26,25-34,India,New Anthony,"news, food, finance",False
01049,Other,26,25-34,Brazil,South Robertbury,finance,False
fc7cf,Female,25,25-34,United States,East Patriciachester,technology,False
7afef,Female,32,25-34,Japan,South Tammychester,"finance, lifestyle, fitness",False
b7e30,Male,35,35-44,Australia,Ashleytown,"fitness, lifestyle",False
e9e0b,Female,31,25-34,United Kingdom,Alexanderville,"fashion, food",False
fb505,Male,31,25-34,United States,North Amy,lifestyle,False
71581,Male,23,18-24,United Kingdom,Jessicastad,sports,False
40fce,Male,32,25-34,United Kingdom,Lake Michaelport,"sports, fashion, photography",False
43e04,Female,29,25-34,Germany,Port Edward,"travel, technology, lifestyle",False
7ad6a,Other,20,18-24,United States,Chasetown,"finance, fitness, fashion",False
eee97,Male,34,25-34,United States,New Matthew,technology,False
e5102,Female,45,45-54,United States,East Natalieville,"gaming, technology, travel",False
628d4,Male,26,25-34,India,New Matthew,technology,False
c45a1,Female,27,25-34,Germany,East Tamara,"travel, fitness",False
cc679,Male,25,25-34,India,East Phillip,"art, news",False
f2f63,Male,23,18-24,Brazil,Meganborough,"lifestyle, finance, photography",False
d4aab,Female,19,18-24,United States,Martinmouth,"technology, gaming",False
1ce27,Male,23,18-24,United States,Lake Rodney,"food, health",False
8a19a,Male,59,55-65,Australia,Millertown,"art, fitness, finance",False
f707b,Male,27,25-34,United States,Williamville,"fitness, gaming, technology",False
d8a38,Male,28,25-34,Australia,Kellyfort,"travel, technology",False
20c24,Male,32,25-34,Japan,Perryburgh,art,False
828b2,Male,44,35-44,United States,Reillystad,"art, travel",False
94160,Other,24,18-24,France,New Melissafurt,"news, photography, gaming",False
a6f13,Male,50,45-54,Germany,South Amy,"photography, health, technology",False
f6ffd,Other,27,25-34,Germany,Pattersonhaven,"food, sports, fashion",False
8cac6,Male,32,25-34,Canada,Port Jamesmouth,"health, fashion, technology",False
a405b,Female,18,18-24,United States,Lukemouth,"lifestyle, fashion",False
f73da,Female,21,18-24,United States,Michelleside,"fitness, gaming",False
a4a98,Male,30,25-34,Germany,Lake Jessica,photography,False
e8987,Other,22,18-24,Australia,Brandonview,"sports, photography",False
30ca9,Male,20,18-24,United Kingdom,West Heather,"sports, photography",False
68684,Female,22,18-24,India,Jayview,"fitness, photography, news",False
85b16,Female,18,18-24,United States,Katherineborough,"sports, art, health",False
f3576,Female,25,25-34,United States,South Chad,"technology, food, health",False
871a6,Male,25,25-34,United States,Alejandroville,"health, photography, art",False
7c4cd,Male,29,25-34,United Kingdom,Hallville,health,False
1f1f7,Male,25,25-34,Australia,Brownton,"finance, lifestyle, news",False
cddb6,Other,24,18-24,United States,South Brandiborough,"lifestyle, travel",False
92af9,Female,20,18-24,United Kingdom,Port Stephentown,sports,False
ea376,Female,17,16-17,Germany,Lake Dan,"travel, art",False
581ee,Male,25,25-34,India,Josephport,gaming,False
426da,Female,35,35-44,Canada,Calderonton,"fashion, gaming, lifestyle",False
b9c69,Male,18,18-24,United States,New Dustinchester,"sports, technology",False
34884,Male,29,25-34,Brazil,East Angela,travel,False
4d9b1,Male,35,35-44,United States,Ericshire,"finance, sports, photography",False
5623c,Female,16,16-17,United States,West Erik,"lifestyle, finance, technology",False
5c1cc,Male,29,25-34,Canada,New Norma,"news, fashion, finance",False
4d376,Male,28,25-34,Australia,Gomezfurt,"photography, technology, travel",False
39ca9,Male,34,25-34,Canada,East Mikeberg,"fashion, photography",False
23c32,Male,31,25-34,Germany,New Willie,"food, photography, art",True
c7aef,Male,27,25-34,Brazil,Port Chris,"finance, food",False
4a69d,Female,22,18-24,India,Jamesberg,health,False
978d0,Male,34,25-34,Canada,Port Andrew,news,False
26c32,Male,32,25-34,Brazil,Gonzalesville,"lifestyle, gaming",False
d589d,Male,19,18-24,United Kingdom,Jamesfurt,fashion,False
3343e,Female,27,25-34,Germany,Lake Dominiqueport,"gaming, news",False
feb80,Male,18,18-24,United States,South Dianeport,"lifestyle, fitness",False
77e49,Female,33,25-34,Canada,Lake Tylermouth,news,False
cc6fd,Male,22,18-24,United States,West Amy,fitness,False
5989a,Male,30,25-34,United States,Port Laura,fashion,False
2da81,Male,20,18-24,Canada,Jayfurt,"news, travel",False
d7f90,Male,20,18-24,Canada,Garciamouth,"art, sports",False
80419,Male,19,18-24,Japan,Camposburgh,"lifestyle, fitness",False
600ae,Female,16,16-17,Mexico,Port Mary,"finance, news",False
c04f2,Female,22,18-24,Canada,Johnsonchester,"health, sports, fitness",False
053e1,Male,21,18-24,United States,Stoneshire,"finance, sports, news",False
156d9,Male,19,18-24,United States,Bonnieborough,"art, gaming",False
d4e54,Female,16,16-17,France,Richardburgh,finance,False
513fb,Female,25,25-34,United Kingdom,Colechester,"food, fashion",False
96f6d,Female,21,18-24,Brazil,Michaelhaven,"health, food",False
e07fb,Male,44,35-44,United States,East Lisashire,"news, sports, photography",False
40c2a,Male,29,25-34,United States,New Danieltown,"health, gaming, food",False
1daf9,Male,36,35-44,United States,Jaredberg,"travel, photography",False
b461d,Male,25,25-34,Germany,Obrienbury,"food, fashion",False
68d36,Other,39,35-44,Canada,Shawnshire,"fashion, sports, photography",False
ba081,Female,45,45-54,United States,Brianville,"gaming, food, sports",False
efaab,Male,39,35-44,France,South Mark,"fashion, travel",False
31a94,Male,27,25-34,United Kingdom,Michaelchester,"art, photography, finance",False
bdc70,Other,20,18-24,Canada,Charlesburgh,"health, photography, art",False
3769d,Female,33,25-34,Canada,Elizabethhaven,"health, technology, photography",False
88dcd,Male,32,25-34,United Kingdom,New Cody,"health, photography",False
7c6d0,Female,31,25-34,Mexico,Normanmouth,food,False
7accf,Male,28,25-34,United Kingdom,Andersonburgh,"lifestyle, health, fashion",False
45fde,Male,16,16-17,United Kingdom,Port Josephchester,"gaming, sports",False
23891,Female,24,18-24,Japan,Anthonyport,travel,False
61a03,Male,32,25-34,Brazil,Mitchellmouth,"art, food, fitness",False
c2ec3,Other,27,25-34,Germany,West Garrett,technology,False
c96f4,Male,25,25-34,Australia,Markberg,"lifestyle, news, photography",False
62aa1,Male,27,25-34,Japan,Richardton,"finance, news, food",False
515b5,Male,16,16-17,United States,Meghantown,"food, photography, gaming",False
040cc,Female,26,25-34,United Kingdom,Bushtown,health,False
6f2a7,Male,29,25-34,United Kingdom,East Matthew,sports,False
686ae,Male,31,25-34,Germany,Lewisville,food,False
69f63,Female,33,25-34,United States,Garciahaven,"photography, technology, lifestyle",False
07300,Female,27,25-34,United States,East Virginia,"sports, news",False
1652b,Male,38,35-44,Japan,Rachelberg,art,False
2e9b2,Other,28,25-34,United States,Lake David,"food, sports, art",False
b01ae,Female,23,18-24,United States,Rebeccaland,"fitness, finance",False
c29c1,Male,18,18-24,United States,Port Sara,"health, finance",False
93255,Male,43,35-44,United States,North Johnbury,"travel, photography",False
2963e,Male,25,25-34,United States,North Chelsea,photography,False
344fb,Male,46,45-54,United States,East Alex,finance,False
b2088,Male,27,25-34,United Kingdom,Timothyton,"health, gaming, news",False
3a483,Female,36,35-44,Brazil,West Austinchester,"food, photography",False
9c3a1,Female,26,25-34,India,Payneshire,"health, lifestyle",False
dc2da,Female,22,18-24,United States,Jonesberg,fashion,False
2ab3d,Male,25,25-34,United States,East Sharonstad,"gaming, fashion",False
b6746,Male,18,18-24,Japan,Port Cindyton,"technology, finance",False
bfbf3,Female,26,25-34,United States,Allenside,"gaming, lifestyle, technology",False
7b712,Male,24,18-24,Brazil,Kristinton,"sports, news, fitness",False
1c13d,Male,27,25-34,United States,Nicoleside,"health, gaming",False
f5bd4,Female,27,25-34,India,Castillobury,"photography, fashion",False
be496,Female,30,25-34,France,Darrentown,"finance, technology, fashion",False
4df64,Male,16,16-17,United States,Wongville,"finance, fitness, travel",False
6c682,Other,16,16-17,United States,Joseville,"food, fitness, fashion",False
ad689,Male,21,18-24,United Kingdom,Williamstown,"photography, fashion, food",False
01111,Male,39,35-44,United Kingdom,East Melaniehaven,"fashion, sports, health",False
605e3,Female,21,18-24,United Kingdom,Martinezborough,"finance, art",False
fee7f,Male,19,18-24,United States,South Kristen,art,False
1a306,Female,36,35-44,United States,Alanland,"fashion, news, technology",False
fafe2,Male,17,16-17,United Kingdom,West Mathewville,"gaming, lifestyle, art",False
1f58f,Male,34,25-34,Canada,Lake Stephanie,"food, fashion",False
bc470,Other,19,18-24,United Kingdom,New Fredbury,fashion,False
c6a78,Male,28,25-34,United States,Melissachester,"finance, photography",False
d35ee,Male,25,25-34,United Kingdom,New Sherylbury,"finance, food",False
5f72c,Female,33,25-34,United States,Port Joanshire,"food, lifestyle",False
da444,Other,27,25-34,Germany,South Thomas,lifestyle,False
77169,Male,33,25-34,India,North Codyburgh,"fashion, lifestyle",False
1d8ad,Female,16,16-17,United States,Maddenchester,gaming,False
e6b01,Male,39,35-44,United States,Lake Kyle,"photography, finance, fitness",False
f2dd5,Other,28,25-34,United States,East Justin,"finance, art",False
e5aa0,Male,31,25-34,India,Port Brian,"food, fitness",False
ff16b,Male,35,35-44,United States,Costafort,"health, sports",False
a85e4,Male,23,18-24,Japan,East Matthew,fashion,False
eea61,Female,27,25-34,Australia,Cooperview,"health, news, fashion",False
a876e,Female,24,18-24,United States,West Jonathan,"gaming, art",False
ec3aa,Male,24,18-24,United Kingdom,Micheleberg,"technology, lifestyle",False
af8d2,Male,20,18-24,United States,Jillianstad,"travel, photography",False
a4d9a,Male,35,35-44,Germany,Matthewstad,"photography, health",False
7f4dc,Female,19,18-24,United States,Paigeside,"finance, photography",False
e78d6,Male,26,25-34,Canada,Port Laura,technology,False
c76b5,Female,29,25-34,Mexico,Vasquezland,"technology, health, sports",False
a9477,Male,19,18-24,United Kingdom,North Robin,food,False
28376,Male,30,25-34,Mexico,Port Cynthia,"technology, finance",False
26b02,Other,24,18-24,United States,Kennedyview,"food, lifestyle, finance",False
e2555,Female,57,55-65,United States,Debraside,sports,False
531a8,Female,31,25-34,United States,Crystalview,"food, fashion",False
23637,Male,33,25-34,Australia,Tylertown,art,False
90f1e,Male,23,18-24,Mexico,Nashhaven,food,False
6ffd2,Male,28,25-34,United States,Angelaland,"lifestyle, health",False
1e758,Other,39,35-44,India,Lindahaven,travel,False
d5222,Other,19,18-24,Canada,West Cindy,"sports, health, finance",False
8a1b9,Male,24,18-24,Mexico,North Tracy,"fashion, finance",False
a56a7,Female,30,25-34,Brazil,East John,"fitness, travel",False
fb1bc,Male,20,18-24,Canada,New Alexandria,"finance, art",False
ca46d,Male,17,16-17,Germany,Allenton,sports,False
f4e9e,Female,17,16-17,Brazil,North Wendyfort,health,False
9b325,Male,33,25-34,Australia,Thompsonbury,"fitness, news, travel",False
310a0,Male,22,18-24,United States,Scottport,"gaming, travel, fashion",True
c4b45,Female,33,25-34,United States,Novakborough,"fashion, finance",False
65bf9,Male,16,16-17,United States,Port Clintonmouth,"news, finance, photography",False
a44a2,Male,16,16-17,Canada,West Thomas,technology,False
81fe7,Male,22,18-24,United States,Anthonybury,"technology, health",False
14b32,Other,23,18-24,United Kingdom,South Sergio,lifestyle,False
2a492,Female,31,25-34,United States,New Mark,finance,False
450c0,Other,20,18-24,Japan,East Shirley,sports,False
5c072,Other,27,25-34,Germany,New Zachary,news,False
39b61,Female,20,18-24,United States,Sextonton,health,False
401d8,Female,18,18-24,United States,Russellview,"art, travel, lifestyle",False
672b4,Male,19,18-24,India,East Stacymouth,"art, technology, health",False
9d639,Male,32,25-34,Japan,Davisview,"sports, technology, fitness",False
a3403,Male,46,45-54,United States,Jameschester,sports,False
45fe1,Female,33,25-34,United States,Mayochester,"finance, fitness",False
9eeda,Male,27,25-34,United States,Richardchester,sports,False
ed113,Male,24,18-24,Mexico,West Stefanie,"health, news, lifestyle",False
b7730,Female,18,18-24,Brazil,Cunninghamland,"health, gaming",False
767a7,Female,24,18-24,United Kingdom,East Gail,"travel, technology, art",False
313af,Female,31,25-34,Germany,Valdezfurt,"news, travel",False
0954c,Female,20,18-24,United States,Harmonside,fitness,False
4f471,Male,25,25-34,India,South Matthewview,fashion,False
70ab4,Male,36,35-44,Australia,Sydneystad,news,False
ba5af,Other,31,25-34,India,West Victoria,"lifestyle, art",False
eb673,Female,24,18-24,Japan,Dylanmouth,"photography, technology",False
29d61,Male,30,25-34,United States,East Shelby,"art, gaming",False
adbdf,Male,26,25-34,United States,Roystad,"health, fitness, food",False
d9a20,Male,38,35-44,Canada,New Wendyland,"gaming, health",False
d6fdf,Other,26,25-34,Canada,Lauraview,"fitness, lifestyle, food",False
c84c5,Female,35,35-44,United Kingdom,North Danielfort,photography,False
ba26d,Other,24,18-24,United States,Mannmouth,travel,False
88229,Female,25,25-34,United States,Katrinaside,lifestyle,False
0320f,Male,31,25-34,United States,North John,gaming,False
7d824,Male,19,18-24,Brazil,Scottburgh,"fashion, gaming",False
253c7,Male,30,25-34,Germany,Smithmouth,"finance, health, technology",False
9f1c2,Female,26,25-34,United Kingdom,Andersontown,"fitness, photography, gaming",False
e5b59,Female,16,16-17,United States,New Margaret,fashion,False
98d2a,Male,20,18-24,Mexico,Josephbury,gaming,False
deff1,Male,18,18-24,United Kingdom,South Sharonland,fitness,False
ffcff,Male,23,18-24,Germany,Cranemouth,"sports, fashion, travel",False
2a692,Male,23,18-24,Brazil,Wesleyland,"technology, finance, fashion",False
4b219,Female,32,25-34,Brazil,North Nicholasshire,"health, fashion",False
b784a,Female,17,16-17,Brazil,North Kellyville,"fashion, lifestyle",False
ec0e3,Female,25,25-34,Australia,Allisonmouth,health,False
e5da3,Male,50,45-54,Canada,Richardberg,"sports, art, technology",False
85bd6,Male,31,25-34,United States,New Danielshire,"art, fitness, food",False
a1985,Male,24,18-24,United States,Jameshaven,"finance, technology",False
82071,Male,24,18-24,Mexico,North Elizabeth,news,False
7810f,Male,32,25-34,United States,Port Autumnstad,art,False
ef4d0,Male,28,25-34,United States,New Madison,"gaming, finance, news",False
876d2,Other,44,35-44,United States,Hollyborough,"gaming, lifestyle",False
41ab8,Male,32,25-34,United States,Craigborough,"travel, art",False
7ab1a,Male,30,25-34,Mexico,North Charles,"lifestyle, health, art",False
34294,Female,19,18-24,United States,Jeffersonland,food,False
f971d,Other,33,25-34,United States,Katrinastad,"art, fashion",False
73f49,Male,20,18-24,Canada,Lake Samantha,"technology, news, fitness",False
4b1e0,Female,29,25-34,United States,North Cheyenneside,"finance, art",False
61799,Male,51,45-54,United States,Lake Johnmouth,"lifestyle, fitness, fashion",False
41b76,Male,21,18-24,Australia,Alexanderhaven,fashion,False
a7396,Male,52,45-54,Germany,Riosfort,"health, photography",False
99da6,Male,32,25-34,United States,West Jerry,"gaming, fitness",False
02d0d,Other,36,35-44,Germany,Chantown,"news, food, lifestyle",False
c3793,Male,22,18-24,Canada,South Mollyton,technology,False
0d760,Male,20,18-24,United States,Port Alicia,"finance, sports, food",False
f9b5b,Male,29,25-34,United States,Penningtonfurt,"photography, finance",False
6baea,Male,28,25-34,United States,New Nancy,"photography, health",False
f3c1f,Male,24,18-24,United States,Sheilaview,"gaming, art",False
93144,Male,39,35-44,India,West Richardview,"health, sports, photography",False
a5765,Male,29,25-34,Canada,West Dylanfort,news,False
74c23,Other,16,16-17,United States,North Courtneyton,"news, sports",False
06447,Male,26,25-34,India,South Kimberlyport,"lifestyle, sports, fitness",False
96eea,Male,20,18-24,United Kingdom,Fullerfort,"sports, gaming",False
7a745,Male,28,25-34,Germany,East Jacquelinehaven,fitness,False
cab30,Male,25,25-34,United States,West Brettfurt,"sports, food",False
07e6e,Male,23,18-24,Australia,South Brianfurt,"travel, fitness",False
cf031,Male,26,25-34,Brazil,East Kristina,"health, travel",False
18589,Female,24,18-24,Japan,Perkinsmouth,"food, gaming",False
88fbb,Male,40,35-44,India,Chavezhaven,"lifestyle, fashion, fitness",False
44da4,Male,45,45-54,United Kingdom,Anneville,"news, fitness",False
c6b11,Other,24,18-24,Australia,Thomasside,"technology, health",False
a8b90,Female,27,25-34,United Kingdom,South Andreton,"food, technology, art",False
ae1ec,Male,40,35-44,United States,Longville,"news, fitness, lifestyle",False
43a66,Male,30,25-34,Canada,South Tammy,"gaming, sports, travel",False
c6483,Male,22,18-24,Canada,Lake Brittanystad,sports,False
f56d8,Female,25,25-34,United States,Jameston,sports,False
d4a30,Female,22,18-24,United States,Port Christopherborough,technology,False
d6499,Male,20,18-24,United States,New Amandastad,"sports, technology, fitness",False
6e0bc,Male,24,18-24,India,Romeroside,"art, travel",False
7c3b2,Male,43,35-44,France,West Robertfort,photography,False
112d2,Male,20,18-24,United States,South Reginafort,food,False
71cbe,Female,40,35-44,India,East Brettborough,"health, photography, finance",False
360f8,Other,29,25-34,India,Hollyton,finance,False
d3195,Male,27,25-34,Australia,North Gerald,"fashion, photography, sports",False
66255,Female,32,25-34,United Kingdom,Port Randalltown,"finance, art",False
e1dee,Male,24,18-24,Australia,East Tristanchester,"travel, gaming, photography",False
e4e62,Male,23,18-24,Mexico,Port Laurenton,"photography, art, news",False
09d41,Other,23,18-24,India,North Dana,"finance, sports",False
4e3ec,Male,16,16-17,United States,Christopherville,fashion,False
d2dcb,Male,25,25-34,United States,Alisonchester,lifestyle,False
74470,Female,22,18-24,Germany,East Brittanyshire,"photography, sports",False
59f56,Female,22,18-24,Germany,Blackborough,"technology, gaming",False
bda4b,Male,27,25-34,United Kingdom,Jasonfurt,"food, health",False
5a689,Male,38,35-44,United States,Pattersonburgh,"technology, gaming, sports",False
36317,Male,29,25-34,Canada,East Thomasmouth,fashion,False
8a5c0,Female,19,18-24,United States,Dunnburgh,"gaming, news, fitness",False
4b507,Female,26,25-34,United Kingdom,Sabrinatown,"technology, fitness",False
998e5,Male,18,18-24,Canada,Pamelastad,"fashion, lifestyle, sports",False
42c99,Female,23,18-24,Canada,South Katherineberg,"art, health",False
c2381,Male,27,25-34,Canada,Kevinmouth,"sports, news, health",False
5bd71,Other,22,18-24,Australia,Jenniferland,"news, lifestyle, fitness",False
3f18e,Female,34,25-34,United States,Benjaminton,sports,False
9081b,Male,27,25-34,United Kingdom,East Jennifer,"sports, food, finance",False
0c04e,Female,16,16-17,United Kingdom,Gilbertshire,finance,False
74014,Male,23,18-24,United States,Matthewhaven,"finance, news",False
d6ec5,Male,35,35-44,Canada,Robertbury,"technology, health, photography",False
0b1fc,Female,34,25-34,Japan,Allenmouth,food,False
d5fdb,Female,36,35-44,India,South Brittanyton,"finance, lifestyle",False
ecc13,Male,26,25-34,United States,East Gabriel,"fitness, fashion",False
38d00,Other,16,16-17,United States,New Eric,"lifestyle, health",False
564c5,Female,19,18-24,Canada,East Robertville,"sports, fitness, art",False
beba6,Male,26,25-34,Mexico,East Nathan,"gaming, health, sports",False
1bbd0,Male,28,25-34,Germany,Andersonton,"sports, gaming",False
33f08,Male,26,25-34,Australia,Morrisshire,"health, gaming, lifestyle",False
5a8bf,Male,24,18-24,United States,North Lindaland,"technology, sports, food",False
84466,Female,24,18-24,Germany,East Ginabury,"food, fashion, fitness",False
db846,Other,20,18-24,India,Port Mitchell,finance,False
b567d,Female,33,25-34,India,West Tiffanyberg,"lifestyle, travel",False
c1b12,Male,39,35-44,United States,North Nathanielbury,news,False
31615,Female,36,35-44,Germany,Johnsbury,lifestyle,False
296bc,Male,23,18-24,Mexico,Stephanieberg,health,False
bb595,Male,29,25-34,Canada,East Jake,health,False
21060,Female,24,18-24,United States,South Karenhaven,"fashion, fitness",False
b8400,Male,24,18-24,Germany,Michaelton,"food, photography",False
de33a,Male,26,25-34,Germany,Laurashire,fashion,False
b89c3,Female,16,16-17,Germany,Dunnland,"sports, health, finance",False
17d6d,Male,23,18-24,France,West Kaylabury,"art, travel, fitness",False
fa5be,Male,19,18-24,Brazil,Andrewsport,"news, sports",False
e8e23,Other,36,35-44,Canada,Shawberg,"lifestyle, health",False
f7112,Male,35,35-44,United States,Port Jasmine,news,False
4cd36,Male,17,16-17,Australia,Lake Linda,finance,False
26828,Male,19,18-24,France,Aprilton,"news, travel, art",False
5180b,Male,30,25-34,United States,Annside,"fashion, news",False
1b595,Male,27,25-34,Germany,Elizabethport,"travel, sports, fashion",False
9eaa3,Male,20,18-24,Japan,Joshuaborough,gaming,False
93ef7,Female,22,18-24,Brazil,Lake John,"food, gaming, finance",False
556a0,Male,26,25-34,Australia,Brownstad,"fitness, fashion",False
409c2,Male,30,25-34,United Kingdom,Jonesfurt,"food, sports",False
250be,Male,21,18-24,Germany,Lake Markhaven,photography,False
734af,Male,40,35-44,United Kingdom,Luisburgh,"art, lifestyle, gaming",False
3e859,Male,48,45-54,Germany,Port Allison,art,False
18f66,Female,34,25-34,United Kingdom,Dianaton,"news, travel, lifestyle",False
27a95,Male,31,25-34,Japan,North Meganmouth,"news, technology, health",False
46005,Female,22,18-24,India,Lake Erikaport,"fashion, lifestyle, gaming",False
6689b,Female,49,45-54,India,North Cheryl,"photography, finance",False
a3562,Male,30,25-34,United States,Drakeburgh,"fashion, photography",False
18592,Male,35,35-44,United States,West Cynthiaport,"fashion, news, travel",False
8df8a,Female,27,25-34,Canada,Isabelbury,"gaming, news, health",False
b3da2,Other,21,18-24,United States,Davidside,"health, travel, fitness",False
cb8aa,Female,20,18-24,United Kingdom,East Roberta,"art, photography, technology",False
d93bc,Female,21,18-24,India,New Scott,"technology, photography",False
df89e,Female,34,25-34,Brazil,South Tylerbury,fashion,False
3c21d,Male,26,25-34,Canada,Lawrencetown,"lifestyle, fashion, health",False
0c502,Female,32,25-34,Germany,South Justinborough,"news, food",False
4a290,Male,18,18-24,Australia,Ericafort,travel,False
8d1c6,Male,36,35-44,United Kingdom,New Katelyn,"fitness, news",False
089ba,Male,22,18-24,Canada,Port Michaelmouth,fitness,False
87994,Male,35,35-44,Canada,Alicefurt,photography,False
a067e,Male,47,45-54,Canada,Port Jeremy,"fitness, photography, fashion",False
598bc,Other,24,18-24,Mexico,North Leslieside,"art, sports",False
f5483,Male,36,35-44,India,Lake Laura,"health, travel, fashion",False
86e5a,Male,37,35-44,India,Powersshire,"art, finance",False
ebfe3,Male,28,25-34,United States,New Catherinemouth,"technology, art, gaming",False
dc2c3,Female,24,18-24,United Kingdom,New Michael,"fitness, food",False
96894,Female,28,25-34,United Kingdom,Hermanhaven,finance,False
a3599,Female,37,35-44,Canada,Port Michael,news,False
a221a,Male,18,18-24,India,North Alex,"news, technology, lifestyle",False
babc6,Female,22,18-24,United States,Elliottberg,"travel, fashion, photography",False
c5f34,Female,32,25-34,Mexico,New Elizabethfurt,finance,False
dced3,Male,21,18-24,United States,Baileyland,"lifestyle, health, fashion",False
4f3b8,Male,24,18-24,India,Port Leah,"news, fashion, travel",False
2be6f,Male,31,25-34,Brazil,Robertview,travel,False
507e4,Male,24,18-24,Japan,Lake Anthony,"technology, finance",False
006c4,Male,33,25-34,Canada,South Jessicahaven,fitness,False
07992,Male,19,18-24,India,Martinborough,"news, fitness",False
10c85,Female,29,25-34,Australia,Susanbury,"technology, sports, photography",False
c74de,Male,24,18-24,United States,North Amyton,photography,False
befb3,Male,30,25-34,France,North Arthur,lifestyle,False
db719,Male,21,18-24,Canada,North Yolanda,"fashion, photography",False
e9a44,Male,30,25-34,Japan,West Michael,"health, art, fitness",False
d93f6,Female,27,25-34,Canada,Lake Nicholastown,"gaming, fashion",False
4254d,Female,27,25-34,Canada,New Gregory,gaming,False
97409,Male,16,16-17,Canada,Laurastad,"lifestyle, news",True
9ff21,Female,32,25-34,Australia,Lake Julie,news,False
e873f,Male,31,25-34,United States,Lake Markburgh,"health, technology",False
c3e40,Male,41,35-44,Mexico,North Ruthberg,"food, photography, health",False
82386,Female,18,18-24,Australia,Maloneborough,"lifestyle, health, food",False
325e9,Male,48,45-54,Mexico,Williamsfurt,"fashion, travel",False
139a9,Male,26,25-34,India,Eugenefurt,photography,False
c5280,Male,33,25-34,United States,Taylorshire,"gaming, lifestyle",False
d7f33,Other,22,18-24,France,North Kimberlymouth,health,False
c18a3,Female,26,25-34,United Kingdom,Port Jasonland,health,False
4c276,Male,23,18-24,Australia,Mossland,sports,False
644f3,Male,20,18-24,United States,Andersonview,"fashion, technology",False
a5dd8,Male,18,18-24,United States,Williamsfort,"fitness, art",False
b74d1,Male,21,18-24,United States,South Dylan,"health, lifestyle, food",False
a7379,Female,37,35-44,United States,Silvabury,"fitness, sports",False
06dc2,Female,23,18-24,Germany,Stokestown,"food, lifestyle",False
442d4,Male,18,18-24,United States,Carrbury,gaming,False
8538c,Female,25,25-34,United States,West Aprilchester,"lifestyle, health",False
02082,Male,33,25-34,Canada,Edwardsborough,"technology, lifestyle, sports",False
9274a,Female,30,25-34,India,Lake Markside,"food, fitness, technology",False
195d1,Female,23,18-24,United States,North Elizabeth,art,False
30bf3,Male,26,25-34,United States,Austinbury,"travel, art",False
f5152,Female,32,25-34,Australia,North Mark,food,False
a50f7,Male,26,25-34,Mexico,Elizabethfurt,"health, lifestyle",False
9f5ee,Female,25,25-34,India,Kennethborough,"technology, health",False
ef2a6,Female,26,25-34,Australia,New Ashley,"travel, art, lifestyle",False
8dc92,Male,18,18-24,Australia,Robinsonbury,lifestyle,False
2bad1,Male,36,35-44,United Kingdom,Victoriamouth,sports,False
37672,Male,31,25-34,Japan,East James,"lifestyle, fashion",False
0fb3c,Male,16,16-17,United States,West Sandra,"travel, food, finance",False
85c39,Female,23,18-24,United Kingdom,North Gary,"technology, lifestyle, fashion",False
8b803,Male,26,25-34,Japan,South Ross,"photography, fashion, finance",False
35043,Female,32,25-34,United Kingdom,Francismouth,sports,False
12e73,Other,26,25-34,Germany,Lake Joseph,"health, fashion",False
4f9f0,Female,29,25-34,United Kingdom,Adamsview,"travel, health",False
e6ff6,Female,22,18-24,United States,Ryanmouth,"food, sports",False
eba49,Male,31,25-34,United Kingdom,Marybury,"technology, travel, gaming",False
aa08d,Male,26,25-34,United Kingdom,North William,fitness,False
73663,Male,26,25-34,Germany,West Jason,"news, finance",False
c05e2,Female,17,16-17,Canada,Port Gabriellemouth,finance,False
be0f1,Female,32,25-34,United States,Garciashire,"technology, food",False
f93af,Male,33,25-34,India,South Michael,food,False
5eb27,Other,35,35-44,Australia,Jennifershire,"fitness, travel, sports",False
00a0f,Male,35,35-44,United Kingdom,Port Jennifer,"sports, art, lifestyle",False
82145,Male,16,16-17,United Kingdom,North Anthony,travel,False
d5fe7,Male,36,35-44,United States,New Stevenhaven,"finance, fitness, food",False
77f1e,Other,37,35-44,United States,Leonardchester,news,False
7a8cd,Male,22,18-24,Brazil,Davisville,"art, travel",False
b746f,Male,17,16-17,United States,East Dianestad,gaming,False
ae96c,Female,19,18-24,United States,West Paulchester,photography,False
cafb0,Male,25,25-34,Germany,South Jason,art,False
33824,Male,22,18-24,Germany,New James,"art, gaming, food",False
9ac9e,Male,33,25-34,India,Andrewshire,"art, sports, finance",False
5d3fa,Female,17,16-17,United Kingdom,Karlaville,"lifestyle, finance, art",False
59424,Female,24,18-24,United States,Darrellfort,"finance, travel",False
4ad48,Male,24,18-24,United States,Robertfurt,"lifestyle, news",False
02726,Male,22,18-24,Canada,Lake Rhonda,"art, news",False
860e1,Male,27,25-34,Canada,Larsenland,"gaming, fitness",False
a15a7,Female,22,18-24,United States,Lake Nicoleborough,"travel, sports",False
9d676,Male,16,16-17,India,Leeburgh,"art, photography, gaming",False
5b47d,Female,16,16-17,India,Buchananmouth,"fashion, finance, art",False
10464,Male,23,18-24,Brazil,East Alexis,"technology, sports, health",False
395a7,Other,27,25-34,United Kingdom,South Emily,"food, lifestyle",False
cecbe,Female,16,16-17,United States,Charleneborough,"sports, food, news",False
cecaf,Male,16,16-17,United States,Duranton,"health, photography, art",False
b1b45,Male,32,25-34,Brazil,Boyleview,fitness,False
2173c,Male,23,18-24,Brazil,Lake Bruce,"food, gaming",False
c1ac5,Male,43,35-44,India,Jeanton,"gaming, food",False
a0612,Male,25,25-34,Australia,East Danielleport,news,False
dd667,Female,18,18-24,France,East Joseph,"fitness, lifestyle",False
6b02a,Female,17,16-17,Australia,East Biancafort,"fitness, lifestyle, sports",False
5a151,Male,32,25-34,United States,Lake Ericville,art,False
f304b,Male,24,18-24,United States,Cardenasshire,"health, art, gaming",False
92b55,Other,21,18-24,United States,Lopeztown,"lifestyle, news, travel",False
984b8,Other,17,16-17,Brazil,Jamesshire,"news, lifestyle, travel",False
6744f,Male,29,25-34,Brazil,Kevinstad,"lifestyle, travel",False
4a554,Male,26,25-34,Brazil,South Valerie,lifestyle,False
7e40e,Male,16,16-17,Brazil,Grayshire,"technology, finance, travel",False
4a967,Female,16,16-17,United Kingdom,Wisefurt,"news, gaming, health",False
6d77d,Female,29,25-34,United States,Robinsonland,"lifestyle, fitness, sports",False
18961,Male,27,25-34,United States,Bentleyshire,photography,False
a60a1,Female,30,25-34,Mexico,Lake Hayley,"health, gaming",False
1df52,Male,27,25-34,United States,East Kristen,sports,False
09317,Female,27,25-34,United Kingdom,New Donald,"sports, lifestyle",False
b56a7,Other,30,25-34,Australia,New Nicholasside,fitness,False
3d786,Male,27,25-34,United Kingdom,Matthewsport,health,False
513ef,Female,19,18-24,Germany,Ashleymouth,"art, photography",False
85a51,Male,33,25-34,United States,Port Frankside,sports,False
05891,Female,29,25-34,India,Hamiltonchester,"fitness, lifestyle, travel",False
3e612,Female,16,16-17,France,Sherimouth,"news, food",False
2a1d5,Female,24,18-24,Mexico,East Peter,"food, fashion",False
29507,Female,26,25-34,United Kingdom,New Katherine,"fashion, travel, sports",False
4a1c7,Female,34,25-34,United Kingdom,South Stephaniemouth,"photography, technology, health",False
23d32,Male,16,16-17,United States,North Michael,"technology, news, health",False
0308a,Female,40,35-44,India,Mitchellshire,gaming,False
a74bb,Male,36,35-44,United States,Rebeccaport,lifestyle,False
9fbcc,Female,30,25-34,United States,East Crystalmouth,"art, fashion, finance",False
abb51,Other,38,35-44,Canada,Port Williamton,"sports, fitness",False
db2c6,Other,30,25-34,India,Alisonport,"travel, gaming",False
e3d2a,Male,33,25-34,United States,Travischester,"travel, food, fashion",False
cea3a,Female,36,35-44,Canada,North Williamchester,food,False
e6a9c,Male,26,25-34,United States,New Mariefort,"health, sports",False
460f8,Other,22,18-24,United Kingdom,Mullinshaven,"lifestyle, gaming",False
511ac,Male,38,35-44,Canada,East Gregoryshire,travel,False
8c65d,Other,20,18-24,Germany,East Paulside,"food, fashion, technology",False
9a27b,Female,28,25-34,United Kingdom,Tylerstad,finance,False
3e8ce,Male,20,18-24,India,Port Kendrafurt,"gaming, art, photography",False
0b729,Female,21,18-24,India,Marktown,"fitness, news",False
58891,Male,23,18-24,United States,Port Carl,fashion,False
389cd,Male,29,25-34,United States,Lewishaven,"travel, sports",False
31f44,Male,21,18-24,United States,Reynoldshaven,"art, health",False
47c3a,Male,25,25-34,Brazil,Williamsonmouth,"news, sports",False
40159,Other,35,35-44,Australia,Lopezhaven,lifestyle,False
c6aa0,Male,16,16-17,United Kingdom,Danielville,"food, fashion",False
55051,Male,21,18-24,Japan,Wallston,"health, technology",False
427d4,Female,36,35-44,Germany,Port Brendan,"news, travel",False
952c7,Female,16,16-17,United Kingdom,Stephaniehaven,"technology, art, food",False
dd208,Female,32,25-34,United States,Kelseybury,"fitness, lifestyle, food",False
56749,Other,34,25-34,Germany,Lake Pamela,"gaming, technology, sports",False
c9cc7,Male,28,25-34,Mexico,Courtneyberg,art,False
99b58,Female,18,18-24,United States,South Matthew,fashion,False
51052,Male,29,25-34,India,Marissaland,food,False
3fd0a,Male,33,25-34,France,West Luis,fashion,False
b030e,Female,48,45-54,France,Port Angelafurt,health,False
b8575,Male,29,25-34,United States,Millshaven,fashion,False
31c60,Female,24,18-24,Canada,Petersonchester,"food, lifestyle",False
e40ea,Female,28,25-34,India,West Sarastad,"finance, photography, technology",False
6ca7b,Male,29,25-34,Brazil,North Pamelahaven,"news, travel",False
2127f,Female,33,25-34,United States,West Meganmouth,news,False
dcbba,Male,41,35-44,United States,South Gregory,"art, travel, health",False
3e237,Male,27,25-34,United States,Smithfurt,fashion,False
e49f1,Male,32,25-34,India,East Kurttown,art,False
db905,Male,22,18-24,Canada,East Markport,news,False
87d29,Male,17,16-17,Japan,West Patriciaburgh,"health, technology",False
69788,Male,37,35-44,Australia,Cynthiatown,"health, food",False
10ed9,Male,19,18-24,Australia,New Lisa,"technology, travel, photography",False
4b7b9,Male,30,25-34,France,Lake Lisafort,fitness,False
e0f67,Male,32,25-34,United States,North Ashley,"travel, gaming",False
9ca14,Female,35,35-44,United States,Port Pamelastad,gaming,False
0f0be,Male,38,35-44,Brazil,Greenland,technology,False
c4011,Male,30,25-34,India,Edwinton,finance,False
eb708,Female,21,18-24,Germany,Riceside,gaming,False
10394,Female,35,35-44,Canada,North Dwayneberg,"health, finance",False
3d6b6,Male,28,25-34,United States,Reedburgh,"food, gaming, lifestyle",False
542bf,Male,27,25-34,Germany,East Christina,"photography, health",False
d9be3,Male,42,35-44,Australia,West Donald,"food, sports, news",False
f2f39,Male,28,25-34,Germany,East Joseph,travel,False
f88de,Male,31,25-34,Canada,New Sheri,"gaming, sports, fitness",False
56a20,Female,34,25-34,United Kingdom,Youngfurt,"sports, technology, finance",False
50b45,Male,19,18-24,Brazil,Lake Julian,"food, news, art",False
85bf4,Male,21,18-24,United States,Port Victoria,"food, finance",False
25472,Male,20,18-24,United States,Rickyshire,sports,False
b4f98,Female,31,25-34,India,Alvarezview,"fitness, photography",False
7bf53,Male,22,18-24,United States,Williamsbury,"art, finance",False
355e1,Other,23,18-24,United States,Middletonfort,health,False
28629,Male,22,18-24,Japan,Brianaside,"sports, art, travel",False
51ca0,Other,35,35-44,India,Amandachester,"art, food",False
563bc,Female,27,25-34,Germany,East Christineside,"photography, food",False
83f36,Female,20,18-24,India,Vickiestad,technology,False
e1587,Female,23,18-24,India,Lake Tammymouth,"art, photography, fashion",False
41b5a,Female,35,35-44,Australia,New David,sports,False
02b50,Male,27,25-34,Germany,Lake Victoria,fashion,False
e7a53,Female,31,25-34,United Kingdom,Ryanhaven,travel,False
5ed55,Male,19,18-24,Australia,Port Jennifer,"finance, technology",False
3dc1b,Female,21,18-24,India,Tanyaburgh,"travel, technology, news",False
c2995,Male,18,18-24,Canada,South Gary,"fashion, travel, lifestyle",False
b4682,Male,31,25-34,Mexico,Edwardfort,"gaming, finance, news",False
a14f2,Male,43,35-44,United Kingdom,Jimmouth,"gaming, lifestyle",False
b16ba,Female,42,35-44,Mexico,New Jacquelinefurt,"health, gaming, fashion",False
05340,Female,27,25-34,Australia,Mcphersonville,"food, gaming",False
ed59f,Female,36,35-44,United Kingdom,Kennedybury,"lifestyle, gaming",False
a17ad,Male,29,25-34,United States,New Rachelborough,"travel, art",False
30404,Female,21,18-24,Mexico,Carlsonberg,"food, gaming",False
97f46,Male,22,18-24,Canada,Kirstenville,"fitness, health, technology",False
eed23,Male,29,25-34,United States,Valenzuelafort,"food, sports, art",False
bd751,Male,18,18-24,India,Jesseberg,"fitness, sports",False
c4e1d,Male,28,25-34,Australia,Nicoletown,"health, photography",False
f1e5b,Other,43,35-44,India,New Julie,"lifestyle, photography, health",False
5acb2,Female,33,25-34,Mexico,Pittsmouth,"travel, gaming",False
fa16d,Female,17,16-17,Japan,Seanhaven,photography,False
1ade3,Other,31,25-34,United Kingdom,West Katie,"fashion, photography, health",False
96eb2,Female,27,25-34,India,South Thomas,"sports, lifestyle",False
bdafd,Female,39,35-44,Mexico,Wallberg,"gaming, photography, travel",False
a2677,Other,28,25-34,Canada,Warrenbury,"technology, fashion, lifestyle",False
08b7b,Female,23,18-24,France,Lake Dennisfort,health,False
0a3a4,Female,35,35-44,France,Lisafurt,finance,False
a7473,Male,31,25-34,Japan,Skinnerton,health,False
7d1d2,Male,32,25-34,Mexico,South Brandifurt,health,False
1a830,Male,33,25-34,Germany,Gouldville,fashion,False
8614d,Male,50,45-54,France,Lawsonmouth,"gaming, travel, news",False
c4f8e,Female,30,25-34,United States,Spencerburgh,technology,True
26f88,Female,24,18-24,Canada,Port Ann,"lifestyle, photography",False
7f196,Female,18,18-24,Germany,West Jacobstad,"art, gaming, lifestyle",False
59d7a,Female,30,25-34,France,South Benjaminberg,"fitness, art, sports",False
c1c8c,Male,56,55-65,Canada,New Daniel,"gaming, finance, art",False
af0c7,Male,26,25-34,United Kingdom,Timothyhaven,"travel, lifestyle, health",False
d7624,Female,20,18-24,United Kingdom,Kimberlyfort,"art, fitness, fashion",False
a73fc,Female,18,18-24,India,Thomaschester,health,False
f8b28,Female,27,25-34,Brazil,Rachelfort,lifestyle,False
beba1,Male,29,25-34,United Kingdom,West Joseph,"food, sports",False
b545a,Other,17,16-17,United Kingdom,Michelleshire,"food, gaming",False
953e8,Other,30,25-34,United States,Anthonyview,lifestyle,True
c0797,Male,31,25-34,Germany,West Joshua,"art, food",False
ff3a5,Male,25,25-34,Japan,Marybury,"news, finance, fitness",False
c554c,Female,43,35-44,Brazil,Lake Gabrielle,"finance, travel, health",False
8e3b0,Male,16,16-17,Germany,Andreaville,"technology, finance, health",False
1ec13,Male,22,18-24,United States,Lake Theresa,"travel, health, lifestyle",False
f44e9,Male,19,18-24,United Kingdom,West Taramouth,"news, gaming",False
72ae5,Male,24,18-24,France,Port Paul,"technology, sports, art",False
b571f,Other,28,25-34,United Kingdom,Lake Jason,sports,False
39400,Male,47,45-54,United Kingdom,Coxshire,"gaming, sports, art",False
e02e6,Male,21,18-24,United Kingdom,North Lucas,"fitness, finance",False
d8e43,Male,17,16-17,Canada,North Michaelabury,technology,False
0ecad,Female,31,25-34,United States,Thomasview,"fashion, fitness, sports",False
3cf51,Female,34,25-34,United Kingdom,North Jennifer,"travel, technology",False
ab34c,Male,18,18-24,Mexico,Michaelville,"news, travel, photography",False
7fb73,Female,16,16-17,France,New Jenniferview,news,False
4657c,Male,30,25-34,France,Daniellebury,"photography, fashion, fitness",False
27306,Female,24,18-24,United States,Lisahaven,travel,False
a63e6,Female,31,25-34,Germany,South Robertburgh,technology,False
bc6d6,Male,24,18-24,Australia,Andrewfurt,"technology, lifestyle",False
b8c78,Male,29,25-34,Brazil,South Lorettaburgh,"travel, technology, gaming",False
e27ec,Female,35,35-44,United States,Rodgersmouth,finance,False
b8a03,Male,22,18-24,United States,Hubbardmouth,"art, technology",False
3292a,Other,17,16-17,United States,Lake Sarahmouth,lifestyle,False
b836b,Female,24,18-24,India,Shahfurt,"health, travel",False
8188f,Other,28,25-34,Brazil,Schwartzburgh,fitness,False
87675,Male,37,35-44,United States,West Sarafort,"travel, photography, sports",False
9dd9b,Female,28,25-34,United States,Wolfborough,"art, lifestyle, sports",False
980c4,Female,34,25-34,Germany,Port Jamesstad,"travel, art",False
f29a4,Male,29,25-34,India,Aliciamouth,"fitness, health",False
18002,Male,22,18-24,United States,East Monicastad,"health, news",False
67b50,Other,25,25-34,United States,South Kevinland,"art, sports",False
e8c81,Female,25,25-34,Japan,East Amanda,gaming,False
d90bd,Male,37,35-44,United States,Port Jimmouth,"fashion, food, gaming",False
f2b9d,Female,24,18-24,Mexico,Boyermouth,"health, fitness",False
92e80,Male,22,18-24,India,Nielsenburgh,gaming,False
17689,Male,25,25-34,Germany,South Tonyaport,technology,False
78eb0,Male,24,18-24,France,West Charles,"gaming, travel, fashion",False
fb6ce,Other,32,25-34,Brazil,Garciaborough,"fashion, news, food",False
099d9,Male,36,35-44,United States,New Russellstad,"lifestyle, health",False
e5d90,Female,16,16-17,United States,New Aaron,"sports, news, finance",False
54622,Female,29,25-34,Brazil,Elizabethview,sports,False
cd5bd,Female,26,25-34,United States,Robinsonshire,"food, health, technology",False
03283,Male,36,35-44,Canada,North Brandon,"technology, health, fashion",False
ab486,Female,38,35-44,Brazil,Janetmouth,lifestyle,False
18b04,Male,20,18-24,Canada,East Melissa,fitness,False
2e465,Male,32,25-34,India,South Mark,"photography, fitness",False
7268b,Other,29,25-34,United Kingdom,Scottfurt,fashion,False
e3dbb,Male,27,25-34,Japan,Aaronbury,"lifestyle, news, food",False
c1261,Male,16,16-17,Mexico,Zacharybury,"food, technology, fashion",False
f169e,Female,35,35-44,Australia,New Joshuaside,"finance, news",False
265e5,Male,22,18-24,United Kingdom,Martinezhaven,"gaming, technology, lifestyle",False
d2369,Female,19,18-24,France,Maureenburgh,food,False
4e9dc,Female,41,35-44,Japan,North Samanthachester,fashion,False
30436,Male,34,25-34,United States,West Donnaport,"sports, fashion",False
462dc,Female,24,18-24,United States,Davidsonville,art,False
374a2,Female,23,18-24,United States,Joshuabury,"sports, news, art",False
0b98e,Male,24,18-24,Australia,South Rachelchester,"lifestyle, art",False
60a52,Other,40,35-44,United States,Jonesport,gaming,False
aa702,Male,21,18-24,United States,Scottstad,"lifestyle, sports",False
9e47a,Male,38,35-44,Germany,Jacobfort,"food, news",False
dc505,Female,19,18-24,United States,South Kevin,"fitness, photography",False
03c8a,Female,35,35-44,United Kingdom,Shahstad,"health, fashion, food",False
5d617,Male,39,35-44,United States,Josephmouth,technology,False
06e70,Male,22,18-24,Brazil,New Karentown,"fashion, technology, lifestyle",False
28dd4,Male,16,16-17,United States,Maldonadoburgh,"technology, food, travel",False
c24ad,Other,20,18-24,United States,Port Stevenland,"gaming, sports, photography",False
6f1af,Male,28,25-34,India,Catherineville,finance,False
c6a83,Male,31,25-34,India,Ingramburgh,"technology, travel, photography",False
e8734,Male,22,18-24,Australia,Johnmouth,lifestyle,False
9ab7d,Female,17,16-17,United Kingdom,Woodsside,"news, lifestyle, health",False
1ce10,Female,22,18-24,United States,Jonesburgh,"lifestyle, fitness",False
a2bcc,Female,27,25-34,United Kingdom,East Scottfort,"photography, technology, sports",False
65b55,Male,36,35-44,United States,New Scottport,"fitness, fashion, photography",False
423b3,Female,23,18-24,United States,Lawrencebury,"fashion, technology",False
654d6,Female,28,25-34,India,West Anthonyport,"lifestyle, food",False
bc19b,Female,19,18-24,United States,Lake Kyleland,"travel, art, fashion",False
e464e,Male,36,35-44,United States,North Toddburgh,health,False
d1461,Female,19,18-24,Germany,Dawnfurt,"photography, technology",False
a874d,Female,25,25-34,India,Millertown,"lifestyle, art",False
845df,Male,38,35-44,India,Laurenview,health,False
e211a,Female,29,25-34,Australia,Marthastad,"sports, lifestyle",False
79276,Male,20,18-24,Mexico,Aaronport,"sports, lifestyle, gaming",False
9ca2f,Male,41,35-44,United Kingdom,Elliottborough,"fitness, gaming",False
8a7e8,Male,30,25-34,Mexico,Shawnview,"finance, health",False
24617,Male,30,25-34,India,Andrewhaven,"photography, gaming, food",False
0b5e0,Male,39,35-44,Germany,Miguelfurt,"news, lifestyle",False
8cdcf,Male,16,16-17,Brazil,Cindyfurt,"gaming, food",False
2cca5,Male,20,18-24,Japan,Port Davidbury,"gaming, fitness",False
612dc,Female,31,25-34,India,Harrisstad,"lifestyle, gaming",False
b8218,Other,48,45-54,United States,Sarahhaven,fashion,False
23e03,Male,33,25-34,United States,Lake Amber,"sports, food, health",False
08f9b,Male,19,18-24,United States,Wilsonville,"fashion, photography, travel",False
25a53,Male,24,18-24,United States,New Mark,photography,False
b4f71,Male,32,25-34,United States,New Alexanderton,"art, travel, fashion",False
aedbf,Male,34,25-34,France,Dianastad,news,False
933f3,Female,29,25-34,United Kingdom,East Stephenmouth,"news, art, travel",False
7dfa6,Female,29,25-34,United Kingdom,Nathanton,"finance, sports, art",False
f3696,Male,24,18-24,United Kingdom,Christopherville,"art, food, fashion",False
cef97,Female,25,25-34,United States,Eugenestad,lifestyle,False
eab8d,Male,32,25-34,Mexico,Lewisland,food,False
03fd9,Other,36,35-44,Japan,Wumouth,"lifestyle, fashion, art",False
1c7ea,Male,19,18-24,India,Maxwellmouth,"finance, news, technology",False
2c9e0,Male,26,25-34,Germany,Matthewchester,"technology, travel, lifestyle",False
e8553,Other,23,18-24,Germany,Dorseyview,lifestyle,False
12a74,Other,24,18-24,United States,East Joseph,"technology, food",False
52ed5,Male,35,35-44,United Kingdom,East Raymondhaven,"lifestyle, food, fitness",False
67a6a,Male,20,18-24,United States,Jayfort,"sports, fashion, photography",False
bbffe,Male,34,25-34,United States,New David,"news, photography, gaming",False
8abca,Male,38,35-44,India,Christopherville,"fitness, travel, gaming",False
726f1,Male,22,18-24,United States,Larryfurt,"art, photography, food",False
4e944,Male,17,16-17,Brazil,Fitzgeraldside,"art, technology, lifestyle",False
e2cb3,Other,21,18-24,Australia,Melissafort,art,False
af74b,Other,24,18-24,United States,Port Tyler,"fitness, lifestyle",False
53139,Male,18,18-24,United States,North Renee,"photography, news, sports",False
08f24,Other,26,25-34,Brazil,Simmonsview,"sports, technology",False
c6996,Male,17,16-17,France,Wendyside,"technology, fitness",False
5fbac,Male,34,25-34,United States,West Stacey,"news, sports, finance",False
a6a40,Male,47,45-54,United States,Maldonadostad,"fitness, lifestyle, health",False
5dd43,Male,29,25-34,United States,West Dianabury,"news, health",False
1a554,Female,29,25-34,Brazil,Kathleenstad,health,False
49b8d,Female,35,35-44,United Kingdom,Kimberlymouth,"art, photography, food",False
48dd8,Male,30,25-34,Canada,South Kyletown,health,False
fb349,Male,33,25-34,United Kingdom,Beasleyhaven,"travel, lifestyle",False
afc64,Male,28,25-34,Germany,West Donaldchester,"art, fashion, gaming",False
3161b,Female,19,18-24,United Kingdom,Lake Mary,"art, fitness",False
20c0b,Other,29,25-34,Canada,Baileychester,fitness,False
bbc12,Male,23,18-24,United States,Evanshaven,"health, fashion",False
ad146,Male,29,25-34,United Kingdom,Williamsborough,"food, art, gaming",False
5df33,Female,31,25-34,France,South Shannon,"health, sports",False
d5751,Male,22,18-24,United States,Vargasbury,finance,False
5e325,Male,23,18-24,Mexico,Chadtown,"art, fitness, gaming",False
fa1b1,Male,16,16-17,United States,Campbellville,health,False
1d944,Male,34,25-34,United Kingdom,Osbornestad,"travel, finance, art",False
8fe83,Male,24,18-24,Canada,Thomasbury,finance,False
10647,Male,21,18-24,Canada,Lake Michael,technology,False
086e8,Other,20,18-24,Germany,North Davidton,lifestyle,False
2e266,Male,44,35-44,Australia,North Dana,health,False
fb38e,Female,34,25-34,United Kingdom,East Jamesside,"travel, health",False
4f4be,Female,17,16-17,United Kingdom,Jenkinsside,"health, sports, technology",False
699a5,Other,26,25-34,United States,Maryburgh,food,True
e8acd,Male,42,35-44,United Kingdom,South Matthew,"fashion, art, lifestyle",False
d01e2,Female,28,25-34,United Kingdom,New Jeremy,"travel, fitness",False
1bba3,Male,30,25-34,Germany,South Lisafurt,travel,False
dd69c,Female,16,16-17,United States,Shortchester,health,False
728e6,Male,33,25-34,Australia,West Luis,"fashion, food",False
89bd5,Female,26,25-34,Canada,Stephaniehaven,art,False
18427,Male,24,18-24,Canada,Amyfurt,finance,False
426be,Male,27,25-34,United States,East Samantha,"sports, photography, lifestyle",False
4f270,Other,28,25-34,Brazil,West William,"finance, gaming",False
cf530,Female,19,18-24,Germany,South Cynthia,finance,False
b27f4,Other,19,18-24,Germany,Michellebury,"photography, sports",False
a2d57,Female,20,18-24,United States,Port Toddfort,"gaming, photography, technology",False
68f7b,Male,17,16-17,United States,Turnertown,"lifestyle, sports, technology",False
16cc4,Male,38,35-44,United States,Ericmouth,"travel, lifestyle, gaming",False
49e5e,Female,34,25-34,France,Lake Tara,"technology, sports",False
1bd20,Female,25,25-34,United States,North Maryview,"gaming, photography, fitness",False
7169f,Male,23,18-24,India,Port Timothyton,"sports, food",False
85b60,Male,21,18-24,United States,New Morganmouth,"sports, food",False
44675,Female,26,25-34,United States,Montgomeryville,food,False
0a508,Female,19,18-24,Germany,Gordonville,news,False
b1f07,Male,27,25-34,Canada,Port Kelsey,"news, gaming, technology",False
38d40,Female,23,18-24,United States,East Laurahaven,"finance, lifestyle, sports",False
6fb03,Male,23,18-24,India,Rubenburgh,"gaming, travel",False
52217,Male,21,18-24,Japan,North Courtney,"sports, technology, travel",False
7af93,Male,51,45-54,Australia,Williamsfurt,"news, sports",False
cd324,Male,21,18-24,United Kingdom,Perezfort,"fitness, gaming",False
b75fe,Male,18,18-24,Germany,East Kim,"finance, technology",False
38eb3,Female,33,25-34,United States,Sanchezton,"lifestyle, travel, art",False
ce1b4,Female,22,18-24,Brazil,Jeffreyberg,"sports, fitness",False
af988,Female,16,16-17,United Kingdom,West Dylanshire,"lifestyle, finance, fitness",False
3c133,Other,33,25-34,India,Boydtown,"art, food, health",False
d5248,Male,33,25-34,United States,Victoriamouth,"food, gaming, photography",False
f0aaa,Male,20,18-24,France,Natalietown,food,False
7439e,Female,38,35-44,United States,Daisyside,"finance, art, fashion",False
f71dc,Female,25,25-34,United States,Ortizstad,"sports, technology, gaming",False
4e5b1,Male,21,18-24,India,East Nathanborough,"finance, photography, fitness",False
af497,Female,16,16-17,United States,New Allisonfort,"finance, sports, news",False
873ff,Other,21,18-24,Canada,Susanton,"technology, photography",False
7a9e9,Male,26,25-34,United States,North Kelly,"technology, food",True
9f964,Male,29,25-34,United States,Vickieborough,"fashion, health",False
b3e63,Male,20,18-24,United States,Garciafort,"fashion, food, travel",False
b18b3,Female,21,18-24,United States,Emilymouth,"fashion, news",False
4afc8,Other,38,35-44,United States,Angelamouth,"gaming, health",False
dc6d1,Female,20,18-24,Mexico,South Aaronborough,"photography, fitness",False
54843,Female,20,18-24,United Kingdom,South Barbaratown,fitness,False
0ae1d,Other,30,25-34,United States,Tranfurt,"art, lifestyle, photography",False
8dc89,Female,28,25-34,United States,Davisborough,"finance, sports, health",False
2f133,Male,29,25-34,United States,West Davidton,"sports, health, gaming",False
1d256,Female,30,25-34,United Kingdom,Laneborough,travel,False
a75e2,Male,18,18-24,Mexico,North Michealfurt,"health, fashion",False
61e52,Male,26,25-34,United Kingdom,North Melissafurt,art,False
ed67e,Female,27,25-34,Brazil,Lake Graceside,"fashion, travel, technology",False
1ab8b,Female,33,25-34,Mexico,Port Veronicachester,"fashion, art, travel",False
86474,Other,39,35-44,Australia,East Christy,sports,False
09553,Other,24,18-24,Canada,West Zachary,"sports, fashion",False
f0c8e,Female,31,25-34,United Kingdom,North Melissa,"lifestyle, health",False
fe2dd,Male,21,18-24,Brazil,West Jillbury,"photography, travel",False
e53e5,Other,35,35-44,United States,Gardnerville,news,False
c2452,Female,21,18-24,United States,Patelland,travel,False
87b9b,Male,19,18-24,United States,Mcdowellchester,lifestyle,False
35b82,Male,17,16-17,United Kingdom,South Markland,fashion,False
6ebc5,Female,18,18-24,United States,Rushstad,"fitness, travel, sports",False
5caf2,Male,24,18-24,United States,East Virginia,"fitness, technology",False
6d3d4,Male,30,25-34,Australia,West Erika,"photography, health",False
3309c,Female,46,45-54,United States,Jonathanside,lifestyle,False
40992,Male,24,18-24,France,East Holly,technology,False
ab719,Female,22,18-24,Germany,Port Ronaldview,"travel, gaming",False
a7c22,Female,31,25-34,Brazil,Wesleyville,"lifestyle, photography, finance",False
e5e1b,Male,28,25-34,Canada,North Patricia,health,False
86185,Male,22,18-24,France,New Candiceport,art,False
dc3dc,Male,16,16-17,United Kingdom,Lake Laceyland,"health, food",False
fa267,Male,27,25-34,Brazil,Jeffreybury,"art, technology, lifestyle",False
939db,Male,24,18-24,United States,Hendersonburgh,"travel, fashion, health",False
ac632,Male,17,16-17,India,New Kimberly,"gaming, fashion, sports",False
72125,Other,39,35-44,Australia,Lake Michael,"technology, art",False
7b410,Male,25,25-34,United Kingdom,North Georgeview,"food, fashion",False
40545,Female,25,25-34,United States,New Lauraberg,"photography, sports",False
44460,Male,16,16-17,United States,Snyderville,"fashion, travel, food",False
46b41,Male,30,25-34,Japan,Brookeberg,"travel, food",False
79185,Other,34,25-34,United States,Claireview,"photography, news",False
5c6d9,Female,29,25-34,United States,Patrickhaven,"art, sports, health",False
e33d8,Male,24,18-24,Australia,Port Deniseton,"photography, finance, travel",False
3e2bf,Male,26,25-34,India,Melindahaven,"technology, fashion",False
0879c,Male,30,25-34,Canada,North Shannon,lifestyle,False
354fe,Male,36,35-44,Canada,New Meganbury,sports,False
0a5ad,Other,46,45-54,Germany,Anthonymouth,travel,False
4b9c8,Male,28,25-34,United Kingdom,North Patrickville,technology,False
e00f7,Other,24,18-24,Canada,New Kathrynview,"health, news, fashion",False
bd848,Male,48,45-54,Germany,South Jenniferland,fashion,False
57a88,Male,25,25-34,Germany,Port Adrian,fitness,False
457b9,Female,37,35-44,United Kingdom,Lake Miranda,"finance, food, travel",False
c4476,Female,44,35-44,United States,Katieport,health,False
8ce0c,Female,22,18-24,India,East Matthewfort,fitness,False
ca728,Male,27,25-34,France,Smithstad,"finance, lifestyle",False
77f40,Female,26,25-34,United Kingdom,Karenfort,news,False
21278,Male,16,16-17,Brazil,Thompsonberg,"photography, gaming",False
3292c,Male,40,35-44,Brazil,South Carolport,"gaming, food, photography",False
bbed6,Female,19,18-24,Germany,Jamestown,lifestyle,False
0bc5c,Other,27,25-34,United Kingdom,Lake Nathanmouth,fashion,False
065ae,Female,23,18-24,United States,Goodwinton,"art, sports, finance",False
d6953,Female,24,18-24,United States,East Kaylachester,fitness,False
dd6bb,Female,36,35-44,Japan,Harringtonfurt,food,False
dd392,Female,36,35-44,Germany,East Juliaville,"finance, art",False
4f3f1,Female,39,35-44,Canada,New Christopher,travel,False
b1ea8,Male,19,18-24,Japan,Stephensontown,"food, finance, sports",False
71609,Male,25,25-34,Canada,Feliciamouth,art,False
88305,Male,26,25-34,United States,Ericamouth,"sports, photography, art",False
fa41b,Male,29,25-34,Brazil,Castrotown,fitness,False
37d3c,Female,39,35-44,Germany,Lake Edwin,gaming,False
b7687,Male,21,18-24,United States,Port Lawrence,photography,True
a717d,Female,26,25-34,Canada,New Tracy,"sports, photography",False
e35d9,Male,31,25-34,United States,North Sharonbury,"sports, travel, photography",False
bfa9f,Other,29,25-34,Canada,Caseyfurt,"lifestyle, fitness",False
e9d66,Female,39,35-44,India,New Tammy,fashion,False
3d9c8,Female,35,35-44,Germany,New Michael,"news, sports",False
cbcbe,Male,17,16-17,United States,Brookston,"lifestyle, fitness",False
806c3,Female,37,35-44,United Kingdom,South Kevinville,"health, travel, sports",False
8d478,Female,17,16-17,Canada,Wandaview,lifestyle,False
88aa7,Female,16,16-17,United States,Andreaborough,"fitness, sports",False
9db70,Male,17,16-17,United States,Terrybury,"fashion, lifestyle, technology",False
63518,Other,20,18-24,United States,Michaeltown,"finance, travel",False
8c712,Other,28,25-34,India,Joannebury,"gaming, health",False
4ec7c,Female,33,25-34,United Kingdom,Port Christophershire,"technology, health",False
5ab52,Male,28,25-34,Japan,North Ricky,travel,False
ec311,Male,27,25-34,United States,Josephfurt,finance,False
ee7e4,Other,37,35-44,India,Fordshire,finance,False
0722b,Female,17,16-17,Canada,South Jennafurt,"technology, finance, photography",False
fd196,Female,27,25-34,Germany,Cooperstad,"fashion, gaming",False
67b2c,Female,20,18-24,Mexico,West Ryan,"health, photography, lifestyle",False
1adcc,Male,30,25-34,United Kingdom,Woodwardville,"photography, food",False
b2f60,Female,20,18-24,Germany,Salazarberg,"photography, travel, lifestyle",False
0dc59,Female,31,25-34,Australia,South Russellchester,"finance, fitness, food",False
a7b34,Male,23,18-24,United Kingdom,Harperview,"news, art",False
20305,Other,16,16-17,Brazil,Lake Richard,"lifestyle, travel, sports",False
2219d,Other,30,25-34,United States,Fordfurt,news,False
8487d,Other,37,35-44,Canada,South Thomasberg,fitness,False
451bf,Male,31,25-34,United Kingdom,Williamberg,"photography, technology, fashion",False
9b079,Male,18,18-24,United States,Lake James,"photography, lifestyle",False
686e3,Male,22,18-24,United States,North Brettfort,"fashion, art",False
808be,Other,29,25-34,United Kingdom,East Jessica,fitness,False
4e38f,Other,23,18-24,United States,Port Micheleberg,"fitness, fashion, art",False
89092,Male,29,25-34,Brazil,Brianton,fitness,False
87757,Male,21,18-24,United Kingdom,Alvarezville,lifestyle,False
f9a2c,Female,25,25-34,Japan,Margaretland,food,False
4265c,Male,26,25-34,Brazil,Stoneburgh,travel,False
d0e18,Female,29,25-34,Mexico,Warnermouth,"travel, fitness, lifestyle",False
4c392,Female,38,35-44,Brazil,New David,"fashion, sports, gaming",False
529a3,Female,24,18-24,Canada,Haydenhaven,finance,False
95edd,Male,29,25-34,India,South Gregorystad,"sports, news",False
cfdd2,Other,26,25-34,United States,Jasonhaven,"technology, sports",False
ea334,Female,41,35-44,Mexico,Wallacehaven,"photography, fashion",False
0eff3,Male,21,18-24,Australia,New Stephen,"art, fashion, sports",False
88f1f,Female,26,25-34,Canada,Port Mark,"food, photography",False
c4099,Male,39,35-44,Canada,Williamtown,"art, gaming, finance",False
46395,Male,22,18-24,France,Bryanchester,"fashion, finance",False
f29cf,Male,26,25-34,United States,Stonestad,"technology, food",False
c7cc1,Female,34,25-34,India,Christensenfort,"travel, art, technology",False
b6f1d,Male,32,25-34,United Kingdom,South Erikview,lifestyle,False
089f6,Female,24,18-24,United States,Dennisside,lifestyle,False
c439b,Male,28,25-34,United States,Jessicaport,news,False
933ff,Female,45,45-54,India,Brianfurt,photography,False
3a935,Male,31,25-34,Canada,Wrightmouth,"photography, news, food",False
5e9f5,Other,29,25-34,United Kingdom,New Alyssa,fashion,False
11c40,Female,41,35-44,United States,Josephshire,"finance, sports",False
af87a,Male,36,35-44,Germany,North Judy,travel,False
d6c12,Other,26,25-34,United Kingdom,Johnathanstad,"art, food, fashion",False
6e1a6,Male,27,25-34,United States,Sharphaven,"fitness, art, photography",False
f8d05,Female,25,25-34,Germany,New Loganbury,fashion,False
cf594,Male,25,25-34,United Kingdom,North Carl,"technology, fashion, gaming",False
861f3,Female,19,18-24,United Kingdom,South Shawn,"travel, gaming",False
613aa,Male,24,18-24,Canada,Youngtown,"gaming, health, photography",False
8cd3d,Female,31,25-34,United States,North Jesse,"art, news, fitness",False
4a3aa,Female,16,16-17,United States,East Dianaberg,finance,False
6530e,Male,16,16-17,Mexico,Jessechester,"photography, art, fitness",False
22e36,Female,16,16-17,United States,Carterborough,"art, fitness",False
c826e,Female,32,25-34,India,Danielbury,travel,False
636d6,Male,19,18-24,United Kingdom,Samanthafort,"technology, fashion",False
c1450,Male,16,16-17,Brazil,New Justin,"gaming, health, art",False
ae011,Male,38,35-44,India,Vegabury,"sports, travel, gaming",False
756f1,Male,30,25-34,United States,Ingramland,"sports, fashion, health",False
a9042,Female,37,35-44,Brazil,Garciafort,"art, news, food",False
7dfce,Male,26,25-34,Canada,North Jamesshire,finance,False
e4c9d,Female,24,18-24,India,Larrytown,"travel, lifestyle, photography",False
3869a,Male,24,18-24,Canada,New Michael,"art, fashion",False
bcd67,Male,16,16-17,Japan,New Kaylaville,"gaming, health, travel",False
de4e1,Female,17,16-17,India,East Ashley,health,False
75565,Male,27,25-34,United States,North Madisonberg,"technology, sports",False
3b0d4,Male,24,18-24,Brazil,South Frederickchester,"travel, news",False
23c7e,Male,28,25-34,Canada,Kevinchester,"gaming, technology",False
47aac,Male,25,25-34,United States,South Markville,"art, fashion, lifestyle",False
bc5b3,Male,36,35-44,Australia,Sanchezchester,fashion,False
7b84e,Male,21,18-24,Canada,Simmonsview,"lifestyle, food, art",False
768cf,Other,32,25-34,France,Cynthiaburgh,food,False
d41f8,Female,16,16-17,United States,New Veronica,news,False
3b667,Other,37,35-44,India,Coxfort,"health, gaming",False
c8b2b,Male,42,35-44,Germany,Patelview,gaming,False
b9c92,Male,16,16-17,United States,Richardsonfort,"finance, travel",False
ab009,Female,23,18-24,United States,Davisburgh,"photography, fitness, sports",False
1278c,Other,28,25-34,Australia,Murphychester,"lifestyle, travel",False
ea606,Male,25,25-34,India,West Christina,news,False
c7c00,Female,21,18-24,Germany,Chelseachester,"gaming, food",False
91708,Female,22,18-24,United States,South Paula,photography,False
b20d4,Male,40,35-44,Germany,North Juanburgh,art,False
637d9,Male,27,25-34,United States,Danielmouth,"technology, lifestyle, finance",False
d735c,Male,51,45-54,Canada,Angelabury,lifestyle,False
799d0,Male,21,18-24,Canada,Caldwellville,"lifestyle, news",False
63487,Female,39,35-44,United Kingdom,East Douglas,"lifestyle, fitness, fashion",False
e05b4,Female,30,25-34,Mexico,Wagnerfurt,finance,False
888df,Female,20,18-24,Australia,Robertburgh,"sports, art, fitness",False
f3c85,Male,21,18-24,United Kingdom,Port Larry,"photography, news",False
17552,Female,34,25-34,United States,Brownhaven,food,False
4f73e,Female,32,25-34,United Kingdom,Marshland,"sports, food",False
fa88c,Female,19,18-24,France,Maryshire,gaming,False
6a650,Other,33,25-34,Australia,Henryville,news,False
accde,Female,29,25-34,Germany,South Timothy,"fitness, news, health",False
3d834,Male,30,25-34,Brazil,Amychester,"finance, art, lifestyle",False
0c56b,Female,24,18-24,Japan,Brooksborough,gaming,False
55e44,Female,27,25-34,Germany,North Danielbury,"gaming, news",False
12b06,Male,26,25-34,United States,Jonesville,technology,False
3ed1d,Male,40,35-44,United States,Port Dorothyton,"lifestyle, technology, sports",False
c4183,Female,16,16-17,Brazil,West Joanport,"fitness, gaming, photography",False
56ab4,Male,34,25-34,France,Patrickville,"health, technology, art",False
aaa5e,Female,34,25-34,United States,Kristenfort,"technology, travel, fitness",False
9253a,Male,37,35-44,France,Smithburgh,"food, fashion",False
694f5,Male,35,35-44,United Kingdom,Morristown,technology,False
595d8,Male,38,35-44,Canada,East Williamchester,"finance, fashion, gaming",False
beaa7,Female,27,25-34,Japan,Lake Geoffreyland,"sports, technology, photography",False
2bc3a,Female,33,25-34,India,Kathrynland,photography,False
6d9f7,Male,21,18-24,India,Donaldshire,art,False
82e29,Male,28,25-34,Mexico,Port Shanehaven,"food, health",False
956e1,Other,20,18-24,United Kingdom,East Wendyview,"food, gaming",False
5eb3e,Female,32,25-34,Mexico,Lake Curtis,"news, sports",False
9ea47,Female,25,25-34,Canada,Ashleymouth,finance,False
bcba6,Other,18,18-24,Germany,West Melissastad,"fitness, finance, food",False
bbc0d,Male,27,25-34,France,East Micheal,travel,False
1a239,Male,44,35-44,France,Melissaberg,"photography, technology, fashion",False
8bb2a,Male,23,18-24,United States,Wendyville,"technology, sports, news",False
0e19c,Male,20,18-24,India,Port William,technology,False
7594d,Male,16,16-17,United Kingdom,Kirbyside,"gaming, fashion",False
b755d,Female,29,25-34,United States,South Caitlinside,"news, travel",False
8f38e,Male,33,25-34,Germany,Port Cathyborough,"fashion, health",False
9d842,Female,29,25-34,France,Phyllisburgh,"travel, news, lifestyle",False
b1062,Male,23,18-24,Germany,Clarkchester,gaming,False
3f651,Female,40,35-44,Canada,Kingmouth,technology,False
eb0db,Female,37,35-44,Japan,Jefferyfurt,"photography, art, sports",False
84f39,Male,22,18-24,France,Christophermouth,fitness,False
f20d1,Female,33,25-34,Australia,Hansonside,fitness,False
1ae33,Other,29,25-34,United States,Port Regina,finance,False
d60a6,Female,35,35-44,United Kingdom,West Karen,"technology, travel",False
eaa37,Male,34,25-34,Brazil,Maymouth,"gaming, fashion",False
b7687,Male,29,25-34,United Kingdom,East Victoria,"photography, food",True
b0d46,Male,20,18-24,India,Martinezview,travel,False
d5439,Female,16,16-17,Mexico,Brandonview,finance,False
e4518,Female,33,25-34,United Kingdom,Lake Carlosfurt,travel,False
08e63,Male,43,35-44,France,Michellestad,technology,False
38763,Male,19,18-24,United States,East Keithstad,"news, sports",False
d9dbb,Male,40,35-44,United States,Port Erinstad,photography,False
979e7,Female,21,18-24,United States,South Melissa,"lifestyle, fitness",False
dad89,Female,22,18-24,Germany,Lesterhaven,"news, travel",False
112cc,Male,37,35-44,India,Tracyton,gaming,False
2957f,Female,37,35-44,Mexico,North Saraburgh,sports,False
8d02c,Female,46,45-54,India,Lake Jennifer,fitness,False
0411e,Female,30,25-34,Brazil,Lake Francis,technology,False
7d81a,Male,31,25-34,United States,Brewerfurt,"gaming, health",False
f6b7a,Male,23,18-24,United States,Kaitlinville,news,False
97b0b,Male,23,18-24,United States,Jamiefort,"lifestyle, art, technology",False
b1d40,Male,19,18-24,India,West Charlesport,"photography, fashion, food",False
882d3,Male,30,25-34,United States,Richardmouth,"fashion, finance",False
df70c,Male,24,18-24,India,West Michael,gaming,False
2cbfd,Male,27,25-34,United States,Smithhaven,photography,False
724e0,Male,27,25-34,Japan,Lake Nathan,"technology, sports",False
3cab7,Female,24,18-24,France,Lake Helen,"fashion, health, technology",False
ed8dc,Female,32,25-34,India,West Garyview,photography,False
8ccc9,Male,16,16-17,United Kingdom,Wendyshire,finance,False
b9dd9,Male,32,25-34,United States,Lake Chad,"news, lifestyle",False
8404e,Male,39,35-44,Canada,Ryanburgh,"fitness, food, travel",False
8146f,Male,37,35-44,United States,Lake Felicia,technology,False
23444,Female,30,25-34,United Kingdom,South Amandamouth,"food, technology",False
ce6a0,Female,34,25-34,United States,Lopezmouth,food,False
f5c47,Male,41,35-44,Australia,Zacharyhaven,"sports, health, lifestyle",False
b4b46,Male,45,45-54,United States,Stevenbury,travel,False
04ff1,Male,30,25-34,India,Lake Makaylaton,"health, photography",False
2d5f4,Male,16,16-17,India,Warrenchester,"finance, technology",False
42f20,Male,37,35-44,United States,Kennethmouth,"food, sports, fashion",False
8e8d7,Male,24,18-24,Australia,Port Christopherland,"travel, fashion",False
3f467,Male,21,18-24,United States,West Shawnside,"health, sports, news",False
a7a51,Female,46,45-54,Australia,Ochoafurt,"fitness, lifestyle, travel",False
dbf3e,Male,39,35-44,United Kingdom,Kellytown,"fitness, sports, news",False
86090,Male,19,18-24,Japan,North Codychester,art,False
4b639,Male,39,35-44,United States,South Natalie,"fitness, news",False
ee3b7,Male,17,16-17,United States,East Thomas,lifestyle,False
ed6be,Male,24,18-24,Australia,Chamberschester,gaming,True
cd839,Male,28,25-34,India,Lake Melissabury,"fitness, finance",False
f8e3d,Female,33,25-34,Australia,North Brittanyside,"sports, finance",False
789c2,Male,36,35-44,Canada,Evanston,travel,False
0869a,Male,20,18-24,United States,Josephfurt,"food, health, news",False
784b4,Male,25,25-34,Australia,Jamiefurt,fitness,False
6ae90,Female,34,25-34,United States,Dustinfurt,"art, gaming",False
401b2,Male,23,18-24,Germany,North Craig,art,False
6d18c,Female,44,35-44,United Kingdom,West Josephmouth,health,False
5703f,Male,20,18-24,United States,South Michelleshire,"food, fitness",False
aef10,Male,40,35-44,France,Fullerport,health,False
4ae1b,Male,26,25-34,Australia,Port Jennifer,fitness,False
77b44,Male,22,18-24,Canada,West Claudiaview,"lifestyle, technology",False
1ab1d,Male,28,25-34,United States,New Ashleychester,fitness,False
dc67f,Male,16,16-17,United States,North Kimberly,lifestyle,False
0bfcb,Male,25,25-34,United States,Jeffersonmouth,"art, finance, fashion",False
68123,Male,29,25-34,United States,Amberfort,"food, photography, art",False
8a9eb,Male,29,25-34,United States,South Gracefurt,"gaming, fitness",False
d58ef,Female,44,35-44,Germany,North Anthony,"food, fitness",False
20254,Other,31,25-34,Canada,Port Colleen,sports,False
b1524,Male,18,18-24,Germany,Kathrynfort,"news, technology",False
41646,Male,26,25-34,United Kingdom,Stanleyville,"fitness, health, finance",False
71598,Male,46,45-54,United States,Jonesmouth,"food, health, travel",False
23579,Male,23,18-24,United States,North Saraport,"lifestyle, fitness, fashion",False
94fb7,Male,36,35-44,Australia,South Katie,travel,False
8e360,Other,30,25-34,Germany,Crossfurt,"art, technology, travel",False
6c1a8,Female,49,45-54,United Kingdom,Schultzview,"photography, travel",False
ab7c0,Female,35,35-44,Germany,New Garrett,"sports, news",False
4ded4,Male,23,18-24,Canada,Jeremyborough,"food, art, sports",False
48df7,Male,28,25-34,Australia,South Alexis,"fitness, finance, photography",False
5e236,Other,16,16-17,United Kingdom,Grahamburgh,"fashion, art",False
60925,Female,38,35-44,Brazil,Nathanborough,"art, travel, photography",False
1caa3,Other,16,16-17,Canada,Christinaberg,"gaming, fitness",False
69afa,Male,28,25-34,United Kingdom,Santiagoborough,"health, travel, news",False
cf0b9,Male,43,35-44,United Kingdom,Zavalachester,finance,False
fceb8,Female,39,35-44,United Kingdom,Keytown,fitness,False
45f48,Other,32,25-34,United States,Joneston,"sports, lifestyle",False
aeba4,Female,19,18-24,Japan,New Matthew,"photography, food",False
2b4b9,Male,18,18-24,Mexico,Butlerton,gaming,False
25708,Male,23,18-24,Germany,Latashaport,"travel, fitness, technology",False
40324,Male,41,35-44,United States,Johnsontown,health,False
ce6bf,Male,17,16-17,United States,New Calvinburgh,news,False
f4957,Female,25,25-34,United States,East Susan,lifestyle,False
ce1fa,Other,33,25-34,Brazil,North Shawn,"technology, gaming",False
a6a2a,Female,35,35-44,United States,Gregorystad,news,False
f11b8,Female,34,25-34,Japan,West Phillipfurt,food,False
0abe2,Male,23,18-24,United States,Jonesborough,"travel, lifestyle, art",False
af5f0,Male,17,16-17,United States,Blanchardchester,"finance, art, gaming",False
21c1d,Male,32,25-34,Japan,West Veronicaville,"food, art, fashion",False
abe8d,Female,23,18-24,Canada,Port Kimberlyport,"health, gaming, fashion",False
ae649,Male,31,25-34,United Kingdom,Larrymouth,"fitness, art, health",False
4f67d,Male,28,25-34,Mexico,North Jason,"news, gaming, food",True
989a1,Male,16,16-17,United States,Cindymouth,"finance, sports",False
f0b7d,Female,32,25-34,Japan,Clineville,fashion,False
9d222,Male,19,18-24,United Kingdom,Lake Josephfurt,"sports, photography",False
627fc,Male,17,16-17,United States,Tylerfort,"sports, news",False
f7427,Female,18,18-24,India,Adamland,travel,False
0d5b0,Male,20,18-24,United States,New Meganland,fitness,False
520a4,Male,28,25-34,Japan,Reynoldsview,"photography, news, technology",False
2d693,Male,29,25-34,Canada,Stephanietown,lifestyle,False
fd877,Male,19,18-24,Canada,North Sara,"fashion, technology, health",False
139cf,Female,23,18-24,United States,New Jonathanhaven,travel,False
6fada,Male,25,25-34,Canada,Davidberg,"art, sports, finance",False
aef6e,Other,40,35-44,India,Port Brendan,"lifestyle, news, technology",False
58ccc,Male,47,45-54,Germany,East Erikbury,"photography, art, health",False
4f155,Male,41,35-44,United Kingdom,West Patricia,news,False
0ab2d,Female,22,18-24,United Kingdom,Horntown,"technology, fashion",False
cbf60,Female,20,18-24,Japan,Michaelburgh,"lifestyle, gaming",False
3c913,Female,26,25-34,United Kingdom,North Ronaldton,technology,False
55dbe,Female,35,35-44,United Kingdom,South Adam,"finance, lifestyle, fashion",False
0e21c,Female,23,18-24,Japan,Mendozachester,art,False
82dc3,Male,19,18-24,Canada,Mccoyberg,"technology, lifestyle",False
b5ab7,Female,26,25-34,United States,Lake Lisa,art,False
61011,Female,23,18-24,United States,Pricestad,fitness,False
678ba,Male,23,18-24,Mexico,Dunlapville,travel,False
ea139,Male,18,18-24,United States,Charleschester,sports,False
4552d,Male,36,35-44,Brazil,East Patricia,"sports, lifestyle, finance",False
dc2f6,Female,21,18-24,Japan,North Matthewchester,"art, finance",False
7047f,Male,16,16-17,India,East Joseph,sports,False
07e56,Female,28,25-34,United States,North Lawrencestad,fashion,False
ca901,Male,27,25-34,United States,South Jessica,"fitness, news",False
33682,Male,20,18-24,United States,Shawnborough,health,False
7332b,Male,26,25-34,France,Lake Michaelview,"lifestyle, fashion, finance",True
ff6cf,Female,27,25-34,Germany,Claytonberg,"gaming, art",False
e24c9,Male,30,25-34,Canada,Cassandrastad,"travel, health",False
82bc9,Male,33,25-34,United Kingdom,Kochfurt,gaming,False
a6bc9,Female,33,25-34,United States,Stephanieborough,travel,False
9d4cb,Male,21,18-24,Canada,West Ashleyville,photography,False
877a7,Other,31,25-34,United Kingdom,Tonyside,"gaming, food",True
e275f,Female,16,16-17,Canada,Lake Robert,fitness,False
d90aa,Male,21,18-24,United States,Stevenbury,"lifestyle, news",False
b812b,Male,29,25-34,Australia,North Heathershire,photography,False
8f319,Female,50,45-54,Canada,North Allison,"technology, news",False
8aabe,Female,36,35-44,India,South Pedromouth,"fitness, art, food",False
93a77,Other,16,16-17,Germany,North Jesse,"health, gaming",False
aa43f,Female,23,18-24,Japan,North Kathymouth,health,False
aeb9f,Female,61,55-65,United States,South Cassandra,"gaming, photography",False
84dcf,Female,22,18-24,United States,Pricefort,art,False
460ac,Male,35,35-44,United States,New Shaun,technology,False
ae6c7,Female,43,35-44,United States,North Jonathan,"fashion, lifestyle, food",False
f6e4d,Female,38,35-44,United States,Evanfurt,"health, food, gaming",False
55199,Male,24,18-24,Australia,New Melissa,"travel, finance",False
e6a6a,Male,20,18-24,United States,Jermainefurt,gaming,False
fda28,Male,25,25-34,Australia,Port Elizabethberg,"finance, food",False
e64d6,Male,25,25-34,United States,Christopherville,"sports, lifestyle, photography",False
0ce1b,Male,18,18-24,United Kingdom,South Patriciafort,"technology, news",False
02f27,Female,19,18-24,United Kingdom,Port Williammouth,"sports, fitness",False
ac10d,Female,16,16-17,United Kingdom,Josephtown,travel,False
54c07,Male,20,18-24,United States,West Jasonport,fitness,False
07c1a,Male,28,25-34,Japan,Boonemouth,"fashion, news, art",False
02a07,Male,23,18-24,United States,West Anthonyview,"news, sports",False
098e7,Male,55,55-65,Brazil,Lake Anthony,"travel, technology, food",False
edfc9,Female,19,18-24,United States,Port Frederickfort,health,False
2e210,Female,36,35-44,United Kingdom,South Joyce,"fashion, sports, gaming",False
0f55d,Male,21,18-24,Australia,Allisonberg,lifestyle,False
883ed,Male,28,25-34,United States,East Adamton,fashion,False
e6575,Male,24,18-24,United Kingdom,East Vanessaborough,"health, gaming",False
f0e50,Male,27,25-34,Australia,North Edwinstad,"food, news, travel",False
051ff,Other,27,25-34,France,West Philip,"technology, health",False
2c734,Male,24,18-24,United States,Rebeccaport,"food, finance, gaming",False
22b02,Female,20,18-24,United Kingdom,North Brandonborough,"gaming, food",False
6b997,Male,33,25-34,Germany,West Mason,"photography, finance, health",False
046b3,Other,34,25-34,Australia,Stephenmouth,finance,False
4689d,Male,20,18-24,Canada,North Sarahfort,"gaming, technology",False
2abfb,Female,20,18-24,India,Karenside,"lifestyle, fashion",False
25a4b,Other,38,35-44,Germany,New Ricardoberg,"gaming, fitness",False
eb235,Male,20,18-24,India,Jacobside,"travel, lifestyle",False
e53ee,Female,27,25-34,Mexico,Simmonsland,"technology, fitness",False
14f3c,Other,22,18-24,Canada,North Susanton,finance,False
30c74,Male,29,25-34,United States,Curtishaven,lifestyle,False
f234b,Male,33,25-34,United States,East Michelechester,"photography, fitness, sports",True
c164e,Other,17,16-17,United Kingdom,Andersonmouth,finance,False
8101b,Male,17,16-17,United States,Lake Timothy,"sports, photography, fitness",False
ce8b9,Male,36,35-44,Canada,Buchananborough,"gaming, sports",False
c4920,Other,36,35-44,United States,Matthewstad,sports,False
ee722,Other,39,35-44,United States,Andrewmouth,art,False
a2b83,Male,43,35-44,United States,Wrightstad,"fashion, sports, gaming",False
b5ce4,Male,22,18-24,India,Miaberg,"finance, gaming, fitness",False
eddd9,Female,19,18-24,Australia,Westborough,sports,False
61966,Male,35,35-44,United States,Lake Brittanystad,technology,False
8f6f5,Female,26,25-34,India,Woodardbury,"gaming, lifestyle",False
54c86,Male,31,25-34,United States,Port Johnside,"technology, fashion",False
89f3f,Female,27,25-34,Brazil,Cameronborough,"fitness, gaming",False
254b0,Male,20,18-24,United Kingdom,Youngchester,"travel, news",False
fef4f,Other,40,35-44,Mexico,Jenniferland,sports,False
71ca4,Other,31,25-34,United Kingdom,New Angelaberg,food,False
93322,Male,45,45-54,United Kingdom,Sherryfort,"technology, health, food",False
edfbd,Other,18,18-24,United States,Jessicafurt,health,False
5a2f6,Male,20,18-24,Canada,East Maryville,"technology, fitness",False
08b69,Male,38,35-44,United Kingdom,South John,fitness,False
bb548,Male,31,25-34,Japan,West Heatherbury,"art, gaming",False
ff060,Male,22,18-24,United States,Colinside,"news, fitness",False
67bc9,Female,44,35-44,France,Alanshire,fashion,False
d8b56,Female,25,25-34,Brazil,North Lisa,"lifestyle, technology, art",False
51b07,Male,31,25-34,United Kingdom,Kristinhaven,"food, finance, technology",False
d0364,Female,16,16-17,United States,Masonstad,"technology, gaming, fashion",False
866bf,Female,29,25-34,Germany,Garciaberg,"technology, fashion",False
d9d7c,Male,21,18-24,United Kingdom,Port Veronicaville,"travel, art, fashion",False
e32ea,Female,16,16-17,United States,North Michaelfort,sports,False
7bc26,Female,21,18-24,United States,Taylorview,"travel, photography",False
f24d6,Male,40,35-44,Germany,Lake Ebony,travel,False
363d1,Male,21,18-24,United Kingdom,Deniseside,news,False
47d9b,Female,40,35-44,United States,South Robinmouth,technology,False
a28d1,Female,20,18-24,Germany,Danielstad,"finance, art",False
562bd,Female,30,25-34,United Kingdom,Hollytown,"news, finance",False
952b1,Female,25,25-34,Brazil,Lake Roy,photography,False
a08c9,Male,23,18-24,Germany,North Tarachester,"travel, fitness, finance",False
8b3e6,Male,28,25-34,United Kingdom,Nicoletown,"news, art",False
ee684,Male,16,16-17,Japan,Carolinemouth,"sports, finance",False
3b405,Other,27,25-34,France,West Johnborough,"fitness, food, sports",False
c35bf,Female,25,25-34,United Kingdom,Wongport,"photography, finance",False
95ad3,Female,21,18-24,Germany,Alexandermouth,health,False
2af89,Female,17,16-17,Canada,Matthewhaven,"gaming, food",False
7a082,Male,29,25-34,India,West Brandon,"health, fitness, gaming",False
be462,Male,65,55-65,United States,Rhondaport,"food, photography",False
f4534,Female,45,45-54,United States,New Jeffreybury,photography,False
632ab,Male,29,25-34,United Kingdom,South Meganstad,"health, lifestyle",False
40f41,Female,35,35-44,India,Port Douglas,"gaming, food, finance",False
43190,Female,39,35-44,Japan,Justinhaven,"lifestyle, food",False
23c32,Male,24,18-24,India,Johnport,"fitness, lifestyle",True
72b2f,Male,22,18-24,India,Nealhaven,"art, fitness, gaming",False
242ff,Female,30,25-34,United States,North Alicia,"art, sports",False
bcf7d,Male,18,18-24,Australia,Fordburgh,"food, travel, news",False
7f18a,Female,35,35-44,Brazil,Byrdborough,"travel, photography, food",False
e9a06,Male,33,25-34,Japan,Lake Ashleyview,"finance, lifestyle, photography",False
55060,Female,39,35-44,Brazil,Shaunview,"food, health",False
4e8b5,Male,41,35-44,India,Kleinport,"art, news",False
8167f,Male,33,25-34,India,North Rachelburgh,news,False
f9d7d,Female,18,18-24,Australia,Lake Richard,"art, technology",False
07808,Female,29,25-34,Australia,Port Anthony,"art, photography",False
267c3,Male,32,25-34,United States,New Davidville,fashion,False
88afc,Female,35,35-44,Canada,Leebury,"lifestyle, finance, photography",False
44b21,Female,22,18-24,India,Ashleymouth,"news, finance",False
541f1,Female,16,16-17,United Kingdom,Patriciaberg,"photography, news",False
b9750,Male,33,25-34,Japan,Smithbury,photography,False
6cc75,Male,24,18-24,United States,Carrberg,"lifestyle, food, travel",False
3264d,Other,22,18-24,United Kingdom,South Craigchester,fashion,False
2cd7a,Male,23,18-24,Japan,Colemanborough,news,False
e27af,Female,37,35-44,United Kingdom,New Rebecca,"fashion, technology, news",False
a7409,Female,29,25-34,United States,Angelatown,gaming,False
44ab8,Other,28,25-34,United States,West Coreymouth,finance,False
bf8fe,Male,33,25-34,United States,North Moniquestad,"art, food",False
87b04,Other,57,55-65,United States,Dominguezmouth,"lifestyle, art",False
61b03,Female,26,25-34,United States,Port Nancy,"fitness, food",False
178ca,Female,28,25-34,France,Port Hannah,"photography, health",False
20106,Female,64,55-65,United States,Stephenborough,"finance, technology, news",False
ddfc5,Male,19,18-24,United Kingdom,Wilsonville,"lifestyle, art, health",False
81d48,Other,17,16-17,India,Grantchester,"travel, technology, gaming",False
962db,Other,46,45-54,Germany,Julieton,fitness,False
2277d,Male,32,25-34,Japan,East Josephton,"sports, fitness, technology",False
7ca65,Male,33,25-34,United Kingdom,Lake Michael,"news, photography",False
a1be6,Male,22,18-24,United States,Bennettfurt,"news, finance, health",False
1a414,Male,32,25-34,United States,North Amyport,"travel, lifestyle, photography",False
30a8c,Female,30,25-34,Germany,New Michelleberg,"technology, lifestyle, art",False
20632,Male,26,25-34,Australia,Downshaven,"travel, finance, technology",False
cf7d7,Other,24,18-24,Germany,Lake Laurashire,"art, lifestyle",False
965a8,Female,20,18-24,France,South Robert,"fitness, travel",False
89b7b,Male,16,16-17,United Kingdom,West Sandyfort,art,False
8a3cb,Male,40,35-44,Mexico,East Johnfort,"sports, travel",True
734be,Male,31,25-34,United States,Kaylaborough,"travel, lifestyle, news",False
62111,Male,35,35-44,United States,Nancyfurt,"food, news, photography",False
1197a,Male,32,25-34,Mexico,Mileston,"technology, sports, art",False
a73e3,Female,23,18-24,United States,East Dennis,"news, photography",False
36ebb,Male,31,25-34,Germany,West Joseph,"news, lifestyle",False
84150,Other,28,25-34,France,Stricklandmouth,"art, travel",False
830ec,Male,48,45-54,United States,Port Andreabury,fitness,False
d84ca,Female,29,25-34,United Kingdom,Ericksonside,"lifestyle, sports",False
6081c,Male,38,35-44,Australia,Port Heather,fitness,False
d4aee,Other,20,18-24,United States,Melissamouth,"sports, food",False
77e5a,Male,24,18-24,United Kingdom,Wallaceland,travel,False
2138d,Female,21,18-24,United States,Dunnberg,"finance, art, technology",False
1dc9b,Other,24,18-24,Germany,Marietown,photography,True
03834,Female,24,18-24,Germany,West Kelli,"art, lifestyle",False
d392e,Female,23,18-24,Canada,Williamsmouth,"food, photography",False
e9273,Female,17,16-17,India,South Lorraine,fashion,False
90477,Male,36,35-44,Japan,West Emilyburgh,"lifestyle, travel",False
8ff56,Female,18,18-24,United Kingdom,West Alexander,"sports, gaming, photography",False
9f706,Female,19,18-24,United States,North Eddie,finance,False
0d6d0,Female,22,18-24,Japan,Teresamouth,"travel, lifestyle",False
15287,Male,18,18-24,Mexico,Fordfort,"gaming, travel",False
4ff50,Female,35,35-44,Germany,Port Peter,"technology, fitness",False
ce0f6,Male,32,25-34,Australia,Josephland,"art, health, gaming",False
d1fde,Female,26,25-34,Canada,Lake Andrewhaven,health,False
54782,Male,28,25-34,India,South Ericside,news,False
889dc,Female,34,25-34,Australia,Espinozaport,"finance, art",False
8a2dd,Male,37,35-44,Canada,Christinaland,"health, finance, fitness",False
18604,Female,23,18-24,Canada,Lorimouth,fashion,False
c33c3,Female,29,25-34,Germany,West Toddland,"sports, news",False
35d65,Male,37,35-44,Canada,New Christopherborough,"food, gaming, sports",False
4e655,Male,23,18-24,Australia,Belindaville,"health, fitness, technology",False
5058d,Female,25,25-34,France,Lake Francesberg,sports,False
d5368,Female,39,35-44,Canada,Sarafurt,"fashion, food",False
93750,Male,31,25-34,United States,Lake Courtneyfort,lifestyle,False
adc26,Male,29,25-34,United States,East Billyland,"sports, photography",True
7ff18,Male,28,25-34,United Kingdom,Leachton,"travel, fashion",False
ee8db,Male,28,25-34,United States,Port John,"finance, sports",False
8cc1d,Male,28,25-34,United Kingdom,Martinezshire,"lifestyle, photography",False
ec1a8,Other,53,45-54,Canada,South Elizabethchester,fitness,False
1dcb6,Female,26,25-34,Canada,Edwinbury,"art, sports, gaming",False
bea69,Female,17,16-17,Canada,South Billy,fashion,False
7bad5,Female,28,25-34,United States,Hernandezmouth,art,False
f87f0,Male,26,25-34,India,Salazarbury,"art, technology, news",False
98177,Female,34,25-34,Australia,Lucasview,art,False
5e65d,Male,24,18-24,Mexico,North Michelle,"technology, finance",False
2f581,Male,16,16-17,United Kingdom,Natashamouth,"art, lifestyle",False
bf846,Other,38,35-44,United States,South Emily,"fitness, health, food",False
e421a,Male,37,35-44,Brazil,South Karlburgh,"travel, gaming",False
be74c,Female,31,25-34,Australia,Harrischester,"finance, art, food",False
109d9,Male,27,25-34,United States,South Christinahaven,"sports, fashion, finance",False
6d1cd,Male,17,16-17,United Kingdom,Alanland,finance,False
f305b,Male,30,25-34,Canada,Annaborough,sports,False
1fb9b,Male,30,25-34,United States,Lawsonview,art,False
cda6a,Female,39,35-44,Mexico,Floresside,news,False
ba534,Female,42,35-44,Australia,Port Stevenville,"sports, lifestyle, art",False
3bd49,Male,20,18-24,Canada,Port Darlene,gaming,False
55485,Male,20,18-24,United Kingdom,Scottchester,"news, gaming, lifestyle",False
82a7c,Female,24,18-24,United Kingdom,South Jacob,"gaming, lifestyle, food",False
0bc6f,Female,50,45-54,United States,Courtneyberg,art,False
a5fe5,Female,21,18-24,United States,Manuelmouth,art,False
c5e39,Male,27,25-34,Canada,South Scott,"finance, news",False
b07e9,Male,18,18-24,United States,Susanview,fashion,False
e7558,Male,27,25-34,Australia,Wesleychester,"fitness, photography, fashion",False
f0a9d,Male,21,18-24,Germany,Perkinston,travel,False
6fb6b,Male,16,16-17,Australia,West Heidiville,"travel, technology, art",False
a831b,Female,16,16-17,Japan,Garyshire,food,False
7fbe5,Male,36,35-44,United States,Crystalbury,"food, news",False
ec45c,Other,41,35-44,United Kingdom,Stoutside,"food, fashion, art",False
b4d61,Female,65,55-65,Japan,North Gary,"photography, food, sports",False
512d1,Female,42,35-44,United States,Clarkhaven,"finance, travel",False
332fd,Male,18,18-24,United States,Mayotown,"fitness, finance",False
7eb46,Female,25,25-34,Australia,Port Patricktown,fashion,False
dfa89,Male,20,18-24,United States,Jacksonfurt,"finance, technology, art",False
4fd6f,Female,34,25-34,United States,Rebeccaberg,finance,False
97e4f,Male,19,18-24,France,South Rebecca,"travel, technology, lifestyle",False
8176e,Male,41,35-44,United States,Clarkland,fashion,False
c43c5,Other,29,25-34,United States,West Kenneth,art,False
3984d,Other,22,18-24,India,Port Jamieborough,"health, fashion, gaming",False
4c730,Female,45,45-54,United Kingdom,North Alison,news,False
3c02f,Other,37,35-44,India,Port Shannon,travel,False
9e31a,Female,26,25-34,United Kingdom,Wardport,"travel, food",False
97191,Male,16,16-17,United States,Danielburgh,"lifestyle, fitness",False
ecd84,Female,29,25-34,Canada,Jasonside,"gaming, lifestyle, news",False
782f5,Male,27,25-34,India,Berryland,"art, health",False
60e51,Male,25,25-34,Australia,Davidfurt,gaming,False
a36b2,Female,28,25-34,France,Port Melindatown,"news, fitness",False
bce89,Female,34,25-34,United Kingdom,Brettton,art,False
0e387,Male,20,18-24,United States,Lake Stephaniestad,"technology, health",False
8c04a,Male,42,35-44,India,South Douglasport,photography,False
70511,Male,23,18-24,Australia,Teresaburgh,"art, fitness",False
aee86,Male,30,25-34,Canada,Davidland,"sports, lifestyle, fashion",False
3b3f8,Male,23,18-24,United States,North Dana,"technology, health",False
ee40a,Female,20,18-24,United Kingdom,Bradshawmouth,"health, photography, fashion",False
08076,Male,24,18-24,Canada,Mallorystad,"news, gaming, travel",False
07d74,Male,56,55-65,Germany,New Chad,finance,False
97446,Male,25,25-34,United Kingdom,Taraland,"art, gaming, news",False
98f16,Other,43,35-44,Canada,North Adam,fitness,False
fac2c,Female,29,25-34,Australia,Nguyenborough,"technology, gaming",False
91fcd,Male,16,16-17,United States,Taylorstad,sports,False
83934,Other,34,25-34,Australia,Hurstberg,"food, news",False
d441c,Female,21,18-24,Brazil,Douglasstad,"finance, lifestyle, gaming",False
07191,Male,16,16-17,United States,Johnathanport,"fitness, art",False
21560,Male,23,18-24,United States,North Josephchester,art,False
8e14c,Male,52,45-54,Canada,North Jonathan,"fitness, photography",False
17885,Female,16,16-17,Japan,Lake Kristin,"finance, fitness, travel",False
baf6c,Female,18,18-24,United Kingdom,Harristown,news,False
0bc87,Male,32,25-34,India,North Melinda,"food, technology, photography",False
ce563,Female,21,18-24,United Kingdom,Derekstad,"technology, fashion",False
cf2c7,Other,22,18-24,India,Port Alexandrialand,photography,False
ad154,Male,23,18-24,Canada,West Hannahfurt,"finance, travel, lifestyle",False
8b881,Male,26,25-34,Mexico,Port Olivia,gaming,False
db99f,Male,22,18-24,Germany,Anitafort,"photography, art",False
de13a,Other,18,18-24,United States,Johnberg,"health, art, photography",False
0f5ee,Female,29,25-34,United States,West Eric,"photography, food, gaming",False
ab911,Other,20,18-24,United States,East Jason,gaming,False
c27a5,Male,37,35-44,United States,East Tylerville,"gaming, health",False
d260b,Male,16,16-17,United States,West Patrickville,news,False
c1f2a,Female,18,18-24,Mexico,Port Richard,technology,False
11068,Male,29,25-34,Japan,Lake Jonathanview,"gaming, fitness, art",False
0ef9f,Male,27,25-34,United States,Jonathanburgh,"health, lifestyle, finance",False
95528,Male,25,25-34,Germany,Baileyview,"art, technology, fitness",False
28b59,Male,16,16-17,India,Gilbertchester,"art, sports",False
bae6c,Male,37,35-44,United States,Karenfurt,lifestyle,False
b8c6a,Female,28,25-34,Brazil,Catherinefurt,finance,False
c4bc4,Female,38,35-44,United States,North Carlaton,"lifestyle, art",False
0437c,Male,19,18-24,Mexico,Lake Karen,photography,False
7dd68,Female,17,16-17,United States,Samanthabury,news,False
013e7,Male,19,18-24,United States,Jenkinsberg,"food, travel, news",False
e443c,Female,17,16-17,Australia,Suarezmouth,"food, news, fashion",False
5f396,Male,20,18-24,United States,North Nicholas,"lifestyle, art, sports",False
93672,Male,29,25-34,United Kingdom,Samanthaport,"travel, art, fitness",False
ba341,Male,30,25-34,United Kingdom,West Rachelport,"sports, technology, art",False
1bb39,Male,22,18-24,Australia,Port Devinshire,"gaming, fashion, finance",False
b1843,Male,16,16-17,United States,East Carlos,"fitness, fashion, news",False
6c1e6,Female,33,25-34,United States,Davistown,"finance, technology, gaming",False
2ad8d,Male,33,25-34,India,Ginamouth,"art, finance",False
f0efc,Female,17,16-17,Germany,Baldwinstad,"health, fashion, gaming",False
57573,Male,29,25-34,Germany,Crawfordport,"food, health, travel",False
96474,Female,23,18-24,India,Lake Chris,"travel, technology, fitness",False
558bf,Male,26,25-34,United Kingdom,East Tammyhaven,"fashion, technology, news",False
0b854,Female,30,25-34,United States,East Laurenside,news,False
12478,Male,19,18-24,United States,Grimesberg,technology,False
9efca,Female,26,25-34,United States,Port Michael,"travel, news",False
73b59,Male,30,25-34,India,West Steven,"sports, lifestyle, fitness",False
5b77a,Male,34,25-34,Japan,Frankville,fashion,False
44b07,Female,33,25-34,United Kingdom,New Jaimemouth,"photography, travel",False
ecb42,Male,19,18-24,United States,East Tylerstad,"gaming, travel, art",False
52656,Other,34,25-34,United States,Jamesstad,"health, gaming, fitness",False
adf8d,Male,16,16-17,United Kingdom,North Elizabeth,"travel, art, finance",False
32330,Male,43,35-44,United Kingdom,Woodview,fashion,False
6024d,Male,31,25-34,United States,Sanchezside,fashion,False
f4e56,Female,20,18-24,France,Lake Greggville,"gaming, travel",False
929d2,Male,25,25-34,United States,Harrisport,"gaming, travel, finance",False
ebdc2,Female,16,16-17,United States,West Nicoleland,"health, art, news",False
4eda0,Female,22,18-24,India,Richardchester,"technology, finance, health",False
f910c,Female,21,18-24,United States,Geraldside,"gaming, news",False
a5e53,Female,23,18-24,Brazil,Marktown,travel,False
e7d43,Male,26,25-34,United States,North Pamelabury,"fitness, finance",False
82ca8,Male,20,18-24,United States,Gomezmouth,sports,False
61037,Female,36,35-44,United Kingdom,Port Stevenville,"gaming, health",True
69741,Female,20,18-24,India,Lake Hollyburgh,"technology, lifestyle",False
9d450,Other,28,25-34,Canada,Johnsonmouth,travel,False
0ad1a,Other,20,18-24,Canada,South Dustin,"fitness, technology, sports",False
21b10,Other,27,25-34,France,North Shannon,"lifestyle, gaming, news",False
0df67,Male,25,25-34,Mexico,Jenniferland,"gaming, travel, finance",False
1a509,Female,23,18-24,Mexico,South Tabitha,"lifestyle, gaming",False
5a032,Male,16,16-17,Mexico,North Tara,art,False
06bac,Male,26,25-34,Germany,South Sabrinatown,"sports, food, fitness",False
5628f,Male,26,25-34,United States,Watsonfort,"news, health",False
7ab0e,Other,32,25-34,Germany,North Shawnshire,"food, health, sports",False
ff30f,Female,26,25-34,United States,North Sarah,"fitness, food, art",False
9a4ac,Female,30,25-34,United States,Jerryport,"technology, travel",False
0112d,Female,27,25-34,Canada,West Michael,"gaming, fashion, health",False
e6af1,Male,30,25-34,Canada,Joycetown,sports,False
ce396,Female,24,18-24,Japan,New Erica,sports,False
48af1,Male,33,25-34,Germany,Cameronfurt,"food, health, gaming",False
011b8,Male,23,18-24,Brazil,Sampsonton,"technology, finance, photography",False
782c5,Female,22,18-24,United Kingdom,Martineztown,"health, travel, lifestyle",False
736ba,Male,24,18-24,United States,Susanberg,"technology, lifestyle, art",False
06834,Male,27,25-34,France,South Ricardo,travel,False
d823b,Female,21,18-24,United States,West Eric,"health, lifestyle",False
7dc5e,Male,56,55-65,United States,New Savannahland,"health, technology, fashion",False
ea477,Female,30,25-34,United States,Smithview,"art, technology, finance",False
41e06,Female,36,35-44,United States,Lake Victoriaview,"food, fashion",False
856b8,Male,29,25-34,United Kingdom,East Kimberlyton,"lifestyle, food, technology",False
65b95,Male,29,25-34,United States,South Jefferybury,"travel, health, gaming",False
79bc8,Female,27,25-34,Japan,Lewisside,"art, health, travel",False
7b8ae,Male,17,16-17,Japan,Port Sara,"gaming, photography, sports",False
af147,Female,18,18-24,Brazil,South Maryton,photography,False
e043b,Male,19,18-24,United States,Fitzgeraldmouth,"fitness, technology",False
b269d,Female,45,45-54,United Kingdom,Lake Dwayne,"technology, health",False
305a5,Male,25,25-34,Mexico,North Katiemouth,health,False
d7fb1,Male,32,25-34,United Kingdom,Christopherland,photography,False
6e5ae,Male,22,18-24,Germany,Johnview,"gaming, food, art",False
601d2,Other,28,25-34,Japan,Lake Grant,"gaming, photography, lifestyle",False
b632a,Male,29,25-34,Germany,South Andrea,"travel, art, fitness",False
ee956,Male,33,25-34,United States,North Paulshire,"food, technology",False
cec33,Male,36,35-44,Brazil,East Jimmyborough,"finance, art",False
86656,Female,31,25-34,Australia,New Dawnberg,lifestyle,False
a95f1,Other,22,18-24,India,Richardberg,"technology, lifestyle",False
798ea,Male,30,25-34,United Kingdom,Gonzalezfort,"news, finance",False
2aeee,Male,30,25-34,United States,Lake Loriborough,"gaming, finance",False
5cda4,Male,18,18-24,Canada,Port Roger,lifestyle,False
ca1a6,Female,38,35-44,United States,Daytown,health,False
78875,Male,26,25-34,United States,Hensleyberg,"food, lifestyle",False
d2eac,Male,22,18-24,Canada,Ryanview,"food, lifestyle",False
54255,Male,25,25-34,United States,Ryanfurt,"news, lifestyle",False
92f05,Male,27,25-34,United Kingdom,North Markberg,"lifestyle, finance, photography",False
d689d,Female,21,18-24,United States,Lake Alexanderfort,"gaming, art",False
59807,Male,33,25-34,France,West Rachel,"food, health, gaming",False
0b2c8,Female,36,35-44,United Kingdom,Ramseyland,"news, sports, fitness",False
78f90,Male,16,16-17,Germany,Jamesfort,"gaming, art",False
aaaef,Female,33,25-34,France,Fernandezport,"fashion, lifestyle",False
c1bfd,Female,33,25-34,United Kingdom,Port Andrewview,"technology, fitness",False
60358,Male,18,18-24,United Kingdom,Aaronland,finance,False
a73fb,Female,23,18-24,Mexico,Nicholsonstad,travel,False
d1e33,Male,20,18-24,United States,South Ericport,"finance, travel, art",False
d8fce,Male,21,18-24,Brazil,Chavezfort,"fitness, lifestyle",False
7d895,Male,24,18-24,France,Port Tyler,fashion,False
57849,Male,25,25-34,France,Hernandezberg,art,False
b6afb,Female,17,16-17,United Kingdom,East Joshuamouth,"art, fashion, travel",False
c0320,Female,22,18-24,United States,Tonyatown,"finance, gaming",False
a24cb,Female,42,35-44,Canada,West Christopherton,news,False
c08c3,Male,31,25-34,Canada,Francischester,health,False
7895a,Female,16,16-17,Brazil,South Courtney,"art, food, sports",False
b69fb,Male,30,25-34,Mexico,Port Edward,"finance, photography, travel",False
1f4a8,Male,23,18-24,Canada,North Sharon,"gaming, fashion, news",False
f185e,Female,37,35-44,India,Lake Carolynville,"food, lifestyle, fashion",False
5300e,Male,25,25-34,Canada,West Seanville,art,False
33df1,Female,35,35-44,United Kingdom,Port Nathan,"food, travel",False
0b412,Male,38,35-44,Brazil,Kristastad,"art, technology, fashion",False
d7a30,Female,24,18-24,United States,Port Arthurstad,"food, fashion, fitness",False
e3faa,Male,23,18-24,United States,Lake Kelsey,"travel, health, technology",False
fd277,Male,27,25-34,Mexico,New Todd,art,False
ed307,Female,22,18-24,United States,South Kaylamouth,"food, sports, travel",False
469e6,Female,21,18-24,Mexico,Leahfurt,"lifestyle, health, technology",False
4dd65,Female,23,18-24,United States,Deannaside,"art, sports, travel",False
7a9e4,Male,36,35-44,India,Williamborough,"gaming, travel, news",False
56dc5,Male,24,18-24,Mexico,Lake Jonathan,"gaming, photography, finance",False
745b2,Female,23,18-24,Canada,South Zacharymouth,"food, news",False
fe3d3,Female,20,18-24,France,Keithport,"news, food",False
20578,Male,37,35-44,Mexico,North Roberttown,"fitness, photography",False
dd596,Male,25,25-34,Brazil,Haynesshire,"photography, health, technology",False
ce29c,Male,18,18-24,United States,Simsstad,"health, news",False
8be7f,Male,34,25-34,United States,Port Danashire,finance,False
ba16a,Male,26,25-34,United States,Patrickton,"lifestyle, health",False
23faf,Male,20,18-24,United States,Thompsonfurt,travel,False
6a513,Male,42,35-44,Canada,Kimberlyton,"health, photography",False
6f9ff,Female,33,25-34,Australia,Mitchellville,"lifestyle, health",False
f9632,Male,19,18-24,Germany,East Juanfurt,"technology, sports, fitness",False
fd497,Female,17,16-17,United States,South Amber,"fashion, technology, sports",False
7c762,Male,28,25-34,Australia,New Toddstad,fitness,False
09b78,Male,16,16-17,United States,Millerchester,fashion,False
b2402,Female,27,25-34,India,Ericshire,"travel, sports",False
83637,Male,29,25-34,Canada,Andreborough,"fitness, gaming",False
83771,Male,21,18-24,United Kingdom,Arielstad,"news, technology, photography",False
29661,Female,17,16-17,United States,New Kristen,"photography, fitness",False
3f1c8,Female,26,25-34,Australia,Lake James,"food, gaming",False
e47b8,Male,16,16-17,Canada,Diazton,lifestyle,False
cb702,Female,36,35-44,United States,Vincentfurt,art,False
207d2,Male,22,18-24,United States,West Jennifer,"sports, gaming",False
2fa7d,Male,28,25-34,United States,Greenport,"gaming, lifestyle, health",False
07232,Other,22,18-24,Canada,Lake Kevin,"health, sports",False
2f327,Male,18,18-24,United States,Michaelaside,"health, fitness",False
58e15,Other,39,35-44,Canada,Davidburgh,travel,False
692b3,Female,33,25-34,United States,Michaelhaven,"lifestyle, sports, gaming",False
2578b,Female,22,18-24,Brazil,East Victorchester,"fashion, health",False
adc26,Female,27,25-34,Australia,Watsonburgh,"gaming, news",True
b9de3,Male,25,25-34,Australia,Darrenchester,"travel, technology, food",False
96289,Other,26,25-34,France,Griffintown,fitness,False
9dfde,Female,29,25-34,Australia,Warnerhaven,art,False
28fd5,Female,19,18-24,United Kingdom,East Gloria,"art, photography, health",False
5269b,Male,37,35-44,United States,Ryanton,"finance, photography",False
89df1,Female,40,35-44,France,Christopherstad,"fitness, finance, food",False
ebc63,Male,32,25-34,Canada,East Tiffany,art,False
5f0e8,Female,34,25-34,United Kingdom,Port Joshua,"lifestyle, fashion",False
b98d1,Other,18,18-24,United States,West Crystal,"news, sports",False
cc309,Female,54,45-54,India,Hillview,"news, health",False
2355f,Male,24,18-24,Japan,East Bryan,"news, gaming",False
d6fd3,Other,31,25-34,United States,Rogersville,"gaming, technology, fitness",False
d5963,Other,31,25-34,United States,North Susanton,health,False
904eb,Male,17,16-17,Mexico,Tracifort,"art, sports, fitness",False
0c714,Male,36,35-44,Japan,Trevormouth,"travel, finance, lifestyle",False
3cd91,Female,19,18-24,United Kingdom,Dawnmouth,"health, gaming, sports",False
7c998,Male,45,45-54,United States,North Michelleville,food,False
a88c0,Female,30,25-34,Brazil,West Tannerbury,lifestyle,False
d7835,Male,23,18-24,Brazil,East Robert,food,False
82cc3,Female,26,25-34,Germany,New Paul,gaming,False
e8519,Female,25,25-34,India,Lake Tammie,sports,False
7de04,Male,35,35-44,United States,Wolfestad,fashion,False
05a92,Male,30,25-34,United States,Alexanderport,"technology, gaming, photography",False
11135,Female,26,25-34,United States,Dianahaven,"travel, technology, finance",False
1e7fc,Female,21,18-24,United States,Richardtown,"health, fitness, finance",False
87587,Male,27,25-34,France,Shariberg,"art, news",False
898fd,Male,21,18-24,Canada,Martinezborough,"fashion, travel",False
aaeff,Male,19,18-24,United Kingdom,Carpenterberg,"art, finance, news",False
8700c,Male,24,18-24,United Kingdom,West Laurenberg,fashion,False
4e8dc,Male,24,18-24,Mexico,West Douglas,"lifestyle, gaming",False
66eaf,Male,26,25-34,Canada,South Jameshaven,"technology, fitness",False
29ef0,Female,26,25-34,Germany,Stephanieside,"sports, finance",False
95c70,Male,24,18-24,United States,Geraldmouth,technology,False
a0640,Female,35,35-44,Germany,Reyesmouth,travel,False
12823,Female,30,25-34,Mexico,North Erikaland,"sports, art",False
85331,Female,33,25-34,United Kingdom,West Tara,"finance, health",False
71340,Other,31,25-34,Australia,Philipton,"gaming, technology",False
24ddd,Male,36,35-44,Germany,Port Codytown,"food, photography",False
a14b6,Male,29,25-34,United States,Adamtown,fashion,False
acb6a,Male,46,45-54,Australia,Horntown,art,False
4cd54,Female,43,35-44,United States,East William,technology,False
b53c7,Female,25,25-34,Brazil,North Markton,technology,False
0f617,Other,25,25-34,United States,Port Sarahstad,"food, lifestyle",False
f404f,Female,36,35-44,Canada,Port Stevenmouth,"food, art",False
e70cf,Female,26,25-34,India,Port Brianstad,"photography, finance",False
686e0,Male,32,25-34,India,Stephanieburgh,"technology, sports",False
c72fd,Female,41,35-44,India,North Joshua,fitness,False
bb6ac,Male,17,16-17,United States,Nathanielland,"fitness, travel",False
6c192,Female,23,18-24,United States,East Tamaraland,"gaming, technology, health",False
b7c75,Male,22,18-24,Mexico,North Michael,"food, photography, technology",False
d22cf,Female,20,18-24,United Kingdom,Lake Rebecca,"food, news",False
62211,Female,26,25-34,United Kingdom,Jimmyhaven,"finance, food, fitness",False
96456,Other,17,16-17,India,Schmidtchester,"gaming, photography",False
22098,Male,29,25-34,United Kingdom,Wrightview,"sports, fitness",False
baebc,Male,27,25-34,United States,Stanleyborough,"technology, food, fitness",False
a74fe,Female,29,25-34,United States,Mendozaview,"fitness, lifestyle, finance",True
449e0,Male,27,25-34,India,Sanchezberg,"photography, gaming, art",False
bc490,Female,21,18-24,United States,Christopherstad,"photography, lifestyle",False
c32f0,Female,31,25-34,France,South Michelechester,health,False
374a7,Male,28,25-34,India,Port Lisa,"lifestyle, technology",False
dbcce,Female,27,25-34,United States,Mccannshire,"travel, finance, lifestyle",False
a068d,Other,35,35-44,United States,Lake Calebfurt,news,False
1effb,Other,25,25-34,United States,Carlview,"sports, fashion, travel",False
f5a30,Female,42,35-44,Germany,South Carlastad,"fitness, photography",False
6738f,Other,44,35-44,Canada,South Carol,"health, technology",False
ea057,Other,21,18-24,United Kingdom,Lake Amberton,"health, gaming, photography",False
4b310,Other,20,18-24,United States,Cohentown,"gaming, news, food",False
80336,Male,28,25-34,Australia,South Michelle,photography,False
039aa,Female,18,18-24,United Kingdom,Shawntown,"lifestyle, sports",False
2ea00,Male,27,25-34,United States,Lake Kellyport,photography,False
5d077,Male,36,35-44,Germany,Lake Stevenville,technology,False
6724c,Male,20,18-24,Brazil,Grossbury,"fashion, food",False
d9d10,Female,21,18-24,Mexico,Wrightville,"lifestyle, technology",False
380c9,Male,27,25-34,United States,Jeremybury,health,False
7459c,Male,32,25-34,India,Schneidermouth,"lifestyle, fashion",False
26f5f,Male,29,25-34,Germany,Lake Curtisberg,"lifestyle, food, technology",False
d4cf6,Female,36,35-44,Brazil,Angelicachester,"finance, lifestyle",False
c4a5e,Male,18,18-24,Canada,Josestad,lifestyle,False
9be78,Male,21,18-24,United Kingdom,Port Alanborough,"photography, gaming, sports",False
75979,Male,33,25-34,United Kingdom,Port Kristinemouth,"finance, photography, art",False
ada81,Female,35,35-44,United States,Jessehaven,"photography, lifestyle",False
00559,Female,25,25-34,United Kingdom,Jerryport,"health, travel, sports",False
818a3,Female,30,25-34,India,Karenhaven,"art, lifestyle, sports",False
ded40,Male,21,18-24,India,Woodsshire,"art, gaming, news",False
803cd,Female,36,35-44,United States,Port Amanda,"sports, art",False
a5647,Male,21,18-24,Canada,Parkerchester,photography,False
db6e7,Male,27,25-34,Canada,East Kaylee,"lifestyle, gaming",False
9d79d,Male,16,16-17,India,New Jennifer,fashion,False
eaf77,Other,52,45-54,France,East Elizabeth,"fitness, technology, travel",False
fad0f,Male,24,18-24,Japan,New Thomasmouth,"fashion, technology",False
c1b75,Female,37,35-44,Canada,Lake Abigailhaven,"technology, sports, art",False
a4e7d,Male,31,25-34,United States,Brownchester,news,False
4bb68,Male,22,18-24,Germany,New Kimberlyside,"fashion, lifestyle",False
0cad0,Other,28,25-34,United States,Port Johnborough,"technology, travel",False
4739c,Female,27,25-34,United States,South Scott,"fashion, travel, art",False
a8209,Female,18,18-24,United States,East Lauraberg,"sports, lifestyle",False
a2295,Male,38,35-44,United Kingdom,Willieside,lifestyle,False
21dae,Male,35,35-44,Mexico,East Mariastad,art,False
edaaf,Male,38,35-44,Brazil,Lake Alisha,"finance, sports, fashion",False
2fb60,Male,28,25-34,United States,Murilloside,"health, travel, gaming",False
4f6eb,Male,36,35-44,United Kingdom,Jillianmouth,"art, finance",False
9d617,Male,41,35-44,United States,Ginaberg,"photography, lifestyle",False
c31e6,Female,21,18-24,Brazil,Russellberg,"fashion, travel",False
8f1eb,Male,26,25-34,United States,Snyderburgh,"health, art",False
78261,Male,21,18-24,Canada,Daltonport,"fitness, photography, art",False
93118,Male,25,25-34,Germany,Pattyview,"finance, health, fitness",False
961d9,Female,28,25-34,United States,Higginsfurt,"health, fitness",False
d2d58,Female,17,16-17,India,Port Kathyberg,fitness,False
b9530,Other,33,25-34,United States,Turnerfort,"news, technology, travel",False
ca92d,Female,16,16-17,Brazil,Carolynshire,food,False
d9f9a,Male,17,16-17,United States,Lake Brianmouth,"art, gaming, food",False
65f3c,Female,16,16-17,United Kingdom,Jenniferland,"art, photography",False
12ca7,Male,29,25-34,United States,South Nicole,"health, photography",False
824d4,Female,29,25-34,Canada,West Patriciaville,"photography, fashion",False
bc121,Male,29,25-34,Canada,East Cynthiashire,gaming,False
c3c2b,Male,16,16-17,Canada,Scottview,"sports, photography, food",False
54bcd,Other,54,45-54,India,South Brianfurt,"art, technology",False
f52f0,Female,30,25-34,Mexico,East Madison,"technology, photography",False
ae226,Male,28,25-34,United States,New Amanda,"fashion, food, sports",False
9b384,Male,24,18-24,Australia,Brittanyborough,"food, gaming",False
74d94,Female,18,18-24,United States,Lake Stacey,"fashion, gaming",False
dc596,Female,20,18-24,United States,Carpenterfort,sports,False
ca484,Male,40,35-44,France,Blackburgh,"technology, lifestyle",False
56a81,Male,24,18-24,United States,Hallville,"gaming, food, art",False
97793,Female,35,35-44,Germany,Robinsontown,"fitness, news",False
12d2a,Male,25,25-34,Brazil,North Antonio,"finance, health",False
927b0,Female,31,25-34,United States,Staceyton,"sports, food",False
a8bc7,Female,29,25-34,Canada,Milesfurt,"technology, sports",False
8abe2,Male,47,45-54,United Kingdom,West Denise,fitness,False
b412b,Male,18,18-24,United Kingdom,West Jill,"finance, art",False
1ea34,Female,30,25-34,United States,East Leon,"sports, fashion",False
84bc1,Male,23,18-24,United States,East Johnfurt,"gaming, sports, fitness",False
ed93e,Male,58,55-65,United States,Mendozaton,"fashion, art",False
16a68,Other,19,18-24,United Kingdom,West Samantha,"finance, fashion",False
3aee2,Other,59,55-65,Japan,Lake Susan,"sports, technology",False
103d4,Female,31,25-34,Canada,South Waltermouth,"fashion, health",False
85be3,Female,32,25-34,Canada,West Kaylee,"finance, gaming, travel",False
a9e22,Female,23,18-24,United Kingdom,Stephenport,art,False
26b30,Female,32,25-34,India,New Aaron,"sports, technology, travel",False
52289,Female,25,25-34,United Kingdom,Maloneberg,"fashion, travel, gaming",False
885c1,Female,29,25-34,France,Debramouth,"photography, technology, lifestyle",False
86038,Male,16,16-17,Japan,South Kaylachester,"gaming, lifestyle",False
b88a7,Male,38,35-44,Germany,Lake Wayne,technology,False
8abc3,Male,20,18-24,United Kingdom,Christinaborough,technology,False
69ad8,Male,24,18-24,United Kingdom,East Anthonyport,"technology, fashion",False
16593,Male,28,25-34,Canada,Waynehaven,"art, finance, technology",False
f1cf8,Male,37,35-44,United States,Lake Amber,"fashion, technology",False
1a479,Male,42,35-44,United States,North Patriciaborough,"lifestyle, food",False
a77e3,Female,24,18-24,Mexico,Cynthiaburgh,fashion,False
c8680,Male,33,25-34,Mexico,Batesland,"technology, art",False
19887,Male,32,25-34,Australia,Watsonhaven,"sports, travel, technology",False
8cdf6,Male,25,25-34,India,South Bernard,"art, lifestyle",False
56b8f,Male,33,25-34,Brazil,Port Jamie,"art, fitness",False
a6746,Male,51,45-54,United Kingdom,North Hollyland,"news, travel",False
58910,Male,42,35-44,France,Careyland,"lifestyle, health",False
d0be5,Male,34,25-34,Australia,Atkinsonburgh,"finance, food, technology",False
2213d,Female,36,35-44,United States,North Bethland,food,False
d77d6,Female,44,35-44,United States,Danieltown,gaming,False
06db8,Female,31,25-34,Canada,East Jesseland,gaming,False
b5ae1,Female,39,35-44,Canada,Maynardshire,"fitness, technology, news",False
d83d9,Male,38,35-44,United States,Jennifermouth,"gaming, travel, art",False
94fd1,Female,27,25-34,Japan,Matthewland,fashion,False
7d840,Male,28,25-34,Brazil,West Adambury,finance,False
2eaa9,Male,23,18-24,India,East Tonyberg,"sports, lifestyle, technology",False
2bb4e,Other,21,18-24,Mexico,Kathymouth,art,False
0156a,Male,26,25-34,Canada,South Erikview,finance,False
1266b,Male,17,16-17,United Kingdom,Darylville,"health, technology, gaming",False
071ca,Female,43,35-44,United States,Port Melissastad,"sports, technology, finance",False
b0ef6,Male,24,18-24,Japan,South Gregoryton,news,False
cc12d,Female,21,18-24,Australia,New Megantown,"art, lifestyle",False
def0c,Male,23,18-24,India,Kirkfort,"news, lifestyle, travel",False
e3bcd,Female,22,18-24,United Kingdom,Simpsonhaven,art,False
5bdf4,Male,38,35-44,United States,Nancyport,"news, sports",True
b4e9f,Male,33,25-34,Germany,Lake Wesley,"fitness, sports",False
b2c1d,Male,57,55-65,United States,Matthewtown,"travel, fitness",False
e91cf,Male,30,25-34,United Kingdom,Markshire,photography,False
8ddd8,Other,52,45-54,United Kingdom,Nortonfort,"gaming, photography, fashion",False
f43de,Male,30,25-34,United Kingdom,New Melissamouth,finance,False
62475,Female,21,18-24,United Kingdom,West Andre,"food, lifestyle, health",False
c4669,Female,22,18-24,Japan,Josefurt,"gaming, finance",False
556c8,Female,22,18-24,Canada,Smithberg,"fitness, food",False
d2f00,Female,24,18-24,United States,Marvinport,photography,False
56c03,Male,25,25-34,India,Thompsonfort,"lifestyle, travel, technology",False
b43e2,Female,25,25-34,Germany,Trevinobury,"fashion, fitness",False
0e1a7,Female,31,25-34,India,Port Robert,"technology, photography, news",False
d24c2,Female,37,35-44,United States,Garrettburgh,"lifestyle, photography, fashion",False
5ad51,Female,20,18-24,Japan,Alexafurt,"art, technology",False
17087,Male,16,16-17,France,East Karafort,"finance, art",False
a8cf0,Male,29,25-34,United States,West Wesleyfort,"sports, gaming, travel",False
30534,Male,26,25-34,Brazil,Conleymouth,"finance, news, fashion",False
a1531,Male,33,25-34,Canada,Carrieport,fashion,False
d6f01,Female,16,16-17,United States,West Jessica,art,False
a6b89,Male,20,18-24,United States,Dianamouth,"gaming, technology",False
24e5d,Other,30,25-34,India,Lake Matthewmouth,"fashion, lifestyle, news",False
ba58e,Male,29,25-34,United States,East Sallyland,fitness,False
e2b58,Male,19,18-24,United States,Matthewburgh,"finance, fitness",False
0e2e2,Female,16,16-17,India,North Cynthiamouth,"food, lifestyle, photography",False
76608,Male,27,25-34,United Kingdom,Larrybury,lifestyle,False
2a1c9,Male,31,25-34,Mexico,Calderonbury,"travel, art",False
96300,Other,16,16-17,United States,East James,finance,False
4805d,Male,26,25-34,United Kingdom,South Teresa,"travel, health",False
20426,Male,22,18-24,United States,Cathyborough,health,False
b27e9,Female,25,25-34,France,East Kevin,"technology, news, health",False
26103,Male,17,16-17,Germany,Haleytown,"lifestyle, fashion",False
030cb,Male,33,25-34,United States,Port David,"art, finance",False
d4b9c,Male,38,35-44,India,North Jenniferfurt,"travel, photography",False
bd263,Male,20,18-24,Mexico,Morrisbury,food,False
a9a87,Male,21,18-24,United States,Albertfurt,"finance, technology",False
0d483,Male,32,25-34,Australia,Joechester,news,False
b926c,Other,32,25-34,Brazil,Kellyport,fitness,False
e61bc,Male,23,18-24,United States,Loriberg,"lifestyle, travel, sports",False
957b0,Other,24,18-24,Australia,Ronaldville,"fitness, gaming",False
9a22d,Male,35,35-44,France,Michelleburgh,"gaming, news, finance",False
0eecb,Female,28,25-34,United States,South Anna,photography,False
0a19b,Male,36,35-44,India,Port Jeffreyport,"fitness, lifestyle",False
72327,Female,22,18-24,Canada,Robinsonland,"fitness, travel, news",False
9994b,Male,16,16-17,United States,Hornborough,"food, finance",False
800ed,Male,41,35-44,United States,Cynthiahaven,"food, lifestyle, photography",False
a5370,Male,32,25-34,Germany,North James,"fashion, fitness",False
187e5,Other,21,18-24,United Kingdom,Kristinaville,health,False
94e4a,Male,17,16-17,Canada,Valerietown,"finance, fitness",False
e486f,Female,18,18-24,India,Lake Jeanette,art,False
45698,Other,30,25-34,Japan,Chaseville,"health, technology",False
0b8c2,Male,27,25-34,United States,Harrisland,"technology, sports",True
17301,Male,27,25-34,United Kingdom,Cervanteshaven,photography,False
aea2d,Other,26,25-34,Australia,Patriciachester,"sports, finance, travel",False
9c8a8,Male,28,25-34,Australia,North Kathleen,"travel, technology",False
9bedc,Male,26,25-34,United Kingdom,South Ian,"photography, health, gaming",False
1e544,Female,21,18-24,United States,Josephborough,photography,False
f4dba,Male,39,35-44,Australia,Foxville,"health, news, fitness",False
aad11,Female,23,18-24,United Kingdom,West Kellyville,"lifestyle, health",False
a955c,Female,31,25-34,Japan,Jordanview,health,False
1d340,Male,24,18-24,United States,East Ericachester,"photography, travel",False
ff1c9,Female,30,25-34,United States,Port Maryborough,technology,False
b22a2,Male,22,18-24,United Kingdom,North Jameschester,health,False
43324,Female,26,25-34,Canada,Randyburgh,"art, gaming",False
623f5,Male,25,25-34,United States,North Ryantown,food,False
f0f52,Female,23,18-24,India,Perezmouth,"food, fashion",False
741f4,Male,26,25-34,United States,North Keithmouth,"news, fitness",False
b9744,Male,17,16-17,United States,Waltersview,"finance, technology",False
9548f,Male,34,25-34,Brazil,Karenton,news,False
ab29f,Male,33,25-34,Germany,Briannamouth,art,False
80b98,Female,22,18-24,Mexico,Watsonshire,"lifestyle, photography",False
f0870,Female,18,18-24,United Kingdom,Sarahchester,"fitness, food",False
434ca,Female,21,18-24,Brazil,North Taylorshire,"sports, fashion, news",False
10005,Male,34,25-34,Brazil,North John,"fitness, photography, finance",False
03028,Male,34,25-34,United Kingdom,Williamsland,sports,False
c7637,Female,25,25-34,United States,Ballardbury,"health, art",False
89737,Male,18,18-24,India,Scottview,"news, finance",False
2059c,Female,19,18-24,India,New Amber,"sports, finance",False
309d4,Other,28,25-34,Canada,Anthonymouth,"technology, gaming",False
a1572,Other,18,18-24,United States,North Courtney,"art, gaming",False
40af9,Male,22,18-24,United Kingdom,Port Alexfort,"technology, travel, news",False
cf99a,Male,19,18-24,United Kingdom,North Kimberly,gaming,False
95b2b,Other,22,18-24,United States,West Trevor,"fashion, lifestyle",False
66f5e,Female,22,18-24,United Kingdom,South Timshire,"fitness, health, lifestyle",False
65a55,Female,34,25-34,Canada,Garciastad,fitness,False
79542,Other,20,18-24,India,Romerohaven,"art, health",False
5fffa,Male,39,35-44,United Kingdom,New Barry,news,False
944fa,Male,28,25-34,Germany,Alexandraview,photography,False
10db9,Female,25,25-34,United States,New Patrickport,"photography, travel, food",False
3012e,Male,34,25-34,Brazil,Robinshire,photography,False
4c94c,Female,42,35-44,United Kingdom,Rossfurt,"food, art, photography",False
9670f,Male,33,25-34,France,Allisonton,"finance, photography",False
1fa95,Other,16,16-17,United Kingdom,Barrville,"lifestyle, health",False
bb294,Female,20,18-24,Brazil,Delacruzmouth,"fashion, food",False
7922a,Female,16,16-17,Germany,Ashleyview,"technology, finance",False
982b3,Male,22,18-24,Brazil,Jacquelineton,"technology, photography",False
482e3,Male,17,16-17,Mexico,North Sharonbury,"fitness, travel",False
00b86,Male,28,25-34,Canada,New Scott,"travel, finance, news",False
dcc02,Female,24,18-24,Mexico,New Paulmouth,"photography, gaming",False
328b1,Female,52,45-54,Canada,Port Donnaside,"technology, food, art",False
70417,Male,36,35-44,United States,South Theresa,"travel, lifestyle, sports",False
200c8,Male,38,35-44,United States,Fostermouth,"art, finance, food",False
c0472,Female,18,18-24,United Kingdom,Alvaradochester,"news, technology, health",False
d73e5,Male,36,35-44,United States,New Robertville,food,False
6d917,Male,27,25-34,United States,East Christopherport,"fitness, health, art",False
257c6,Male,29,25-34,Brazil,Haynesmouth,"finance, news, food",False
7cd7d,Male,16,16-17,Japan,Port Brandontown,"photography, gaming",False
cc3f7,Male,33,25-34,Japan,Lake Lori,food,False
a6765,Male,22,18-24,United States,South Gabriela,news,False
bb5e1,Female,33,25-34,Brazil,South Thomasburgh,gaming,False
128bd,Male,25,25-34,France,Collinsberg,"gaming, fitness",False
af109,Other,22,18-24,India,Justinton,"fashion, food, health",False
f6137,Female,23,18-24,United States,Lake Melissa,"lifestyle, gaming",False
3d974,Other,23,18-24,Australia,Brandystad,"sports, travel",False
bcac7,Male,40,35-44,United States,New Jesus,photography,False
ad0a9,Female,23,18-24,United Kingdom,Lake Kristin,"lifestyle, sports",False
f2fd4,Female,31,25-34,India,North Nathan,"news, sports, art",False
a67c1,Male,26,25-34,United States,Port Christopher,food,False
7553b,Male,37,35-44,Mexico,New Jessica,"technology, art, food",False
f453a,Male,28,25-34,Canada,North Emily,"sports, travel, finance",False
f29d6,Female,40,35-44,United States,West Sherry,"gaming, sports",False
80011,Male,34,25-34,United States,Thompsonmouth,"health, fashion, food",False
8cb6f,Female,17,16-17,United States,Michaelmouth,"travel, sports, art",False
7f269,Male,23,18-24,Mexico,New Aliciaton,"news, sports",False
bef26,Male,38,35-44,United Kingdom,West Makayla,"news, health",False
2e9b0,Female,39,35-44,Australia,Youngburgh,"news, sports",False
b483f,Male,40,35-44,Mexico,New Christopherfort,"finance, photography, fitness",False
73839,Male,23,18-24,United States,Edwardberg,"lifestyle, fitness",False
5b6a8,Female,27,25-34,United States,Reneeburgh,"travel, art, lifestyle",False
38fbf,Male,23,18-24,United States,Brownfort,"art, photography",False
33a98,Male,20,18-24,United States,North Keith,sports,False
a738c,Male,31,25-34,Australia,West Brian,"health, fitness",False
87431,Male,17,16-17,United States,Robertburgh,sports,False
6f256,Male,32,25-34,United States,East Mariahaven,"art, fashion",False
f79f0,Male,36,35-44,United Kingdom,West Patricia,"lifestyle, fashion",False
6db05,Female,25,25-34,United Kingdom,East Joshua,fashion,False
821d3,Female,28,25-34,India,New Jessica,"fitness, travel, technology",False
fc5ee,Male,17,16-17,Germany,Morrisland,"health, fitness, art",False
b26a5,Male,24,18-24,United States,Briantown,sports,False
47784,Female,24,18-24,United Kingdom,Douglasberg,travel,False
fc330,Female,41,35-44,France,South Catherinemouth,gaming,False
f2eae,Male,28,25-34,United Kingdom,East Toniview,gaming,False
98cf5,Male,44,35-44,United States,Hammondport,"technology, gaming, health",False
9d271,Female,19,18-24,France,Jenniferland,"travel, finance, lifestyle",False
679b8,Male,19,18-24,United States,West Janiceside,"technology, gaming, travel",False
427a3,Female,29,25-34,United Kingdom,Fletcherhaven,"news, fitness",False
6c7bf,Male,30,25-34,United States,North Angelaland,art,False
b5776,Other,57,55-65,India,Josephberg,"fashion, sports, gaming",False
a77cf,Female,37,35-44,Canada,Lauraburgh,"finance, fitness, photography",False
2c6f7,Other,28,25-34,Canada,Kiddburgh,"gaming, fashion, travel",False
37be4,Male,20,18-24,France,Murphybury,"lifestyle, technology, health",False
26369,Female,28,25-34,Japan,Colebury,art,False
5b868,Male,20,18-24,United States,Barrerahaven,"fashion, sports, travel",False
c9fa9,Female,33,25-34,India,Lake Josephchester,"health, travel, art",False
5edb9,Male,45,45-54,United States,Reidborough,"food, health",False
fb11d,Male,20,18-24,United Kingdom,Lewisland,"health, technology, photography",False
8d211,Male,19,18-24,United States,West Kelly,finance,False
0a6ec,Other,42,35-44,Canada,East Codyborough,news,False
5f284,Male,21,18-24,India,Lewisland,"art, lifestyle, fitness",False
01f58,Female,16,16-17,Germany,Port Nicholas,food,False
3e101,Other,38,35-44,United States,Victoriafort,"health, gaming, finance",False
f537f,Male,26,25-34,United States,Tarastad,gaming,False
06679,Male,41,35-44,Australia,Mcmahonfurt,sports,False
4ce09,Male,30,25-34,United Kingdom,Kennethmouth,"finance, art",False
ec714,Male,23,18-24,United Kingdom,New Patricia,technology,False
1792b,Male,45,45-54,United States,Tracymouth,"travel, food, technology",False
2b363,Male,21,18-24,Mexico,New Rachelhaven,"food, art, fashion",False
884d1,Female,28,25-34,United Kingdom,West Lukechester,"gaming, travel, technology",False
32ce9,Male,20,18-24,Australia,Douglasstad,"fashion, technology, food",False
7e265,Male,22,18-24,India,Masseyville,"sports, photography, art",False
18e4c,Male,44,35-44,United Kingdom,South Briannaton,"fitness, lifestyle",False
7a854,Male,17,16-17,India,South Marciahaven,"travel, food, finance",False
a477b,Male,16,16-17,United States,Port Patricia,lifestyle,False
c8abe,Male,20,18-24,United States,South Kathryn,"health, finance, lifestyle",False
22154,Male,45,45-54,United States,Kellyshire,"gaming, food, health",False
45e21,Male,42,35-44,United Kingdom,East Brenda,"gaming, sports, food",False
dcb84,Other,27,25-34,Germany,Kiddbury,"lifestyle, gaming",False
17b27,Male,34,25-34,Brazil,Floresfurt,sports,False
3ea33,Other,24,18-24,Canada,New Michelleshire,"finance, photography, art",False
02955,Female,16,16-17,United States,North Aaronland,lifestyle,False
f447f,Female,23,18-24,Germany,West Rachelborough,gaming,False
6efc8,Male,23,18-24,United States,Pageside,"art, fashion",False
1e155,Other,26,25-34,United States,Port Kevinberg,"fashion, health",False
533c4,Female,22,18-24,United States,West Wendyborough,"fashion, photography",False
33945,Male,34,25-34,United States,South Rick,finance,False
37f0c,Male,26,25-34,United States,Maldonadofort,photography,False
d5ca6,Female,16,16-17,Japan,East Dalehaven,"technology, fitness",False
b123a,Other,16,16-17,Brazil,West Victoria,food,False
757df,Male,25,25-34,United States,Port Michaelshire,"photography, health, travel",False
dc79f,Female,33,25-34,United States,Thompsonfurt,fashion,False
46970,Male,22,18-24,Australia,New Robin,art,False
31cb3,Female,45,45-54,United States,Huntermouth,"gaming, art, technology",False
96f1e,Male,32,25-34,Germany,Port Suzanne,fitness,False
4753a,Female,28,25-34,Germany,East Katherineberg,"health, news",False
5f222,Male,38,35-44,United States,New Ellenland,"food, fashion, news",False
41dc9,Female,28,25-34,Mexico,Brownborough,"gaming, food",False
24364,Male,18,18-24,United States,Curtisside,"travel, fashion, art",False
68b82,Male,24,18-24,Mexico,Brownland,finance,False
39f39,Male,29,25-34,United States,Watersburgh,health,False
0b8e7,Male,31,25-34,United Kingdom,South Kenneth,"art, fashion",False
99e3f,Male,37,35-44,Canada,New Courtneyview,fitness,False
